player,salary,signing,g_sal,gs_sal,min,pts_sal,fgm,fga_sal,fgpct,2pm,2pa,2ppct,3pm,3pa,3ppct,ftm,fta_sal,ftpct,orb_sal,drb,trb_sal,ast_sal,tov_sal,stl_sal,blk_sal,pf_sal,team,pos,g,mp,gs,mp_per_g,fg_per_g,fga_per_g,fg_pct_x,fg3_per_g,fg3a_per_g,fg3_pct_x,fg2_per_g,fg2a_per_g,fg2_pct_x,ft_per_g,fta_per_g,ft_pct_x,orb_per_g,trb_per_g,ast_per_g,stl_per_g,blk_per_g,tov_per_g,pf_per_g,pts_per_g,per,ts_pct_x,efg_pct_x,fg3a_per_fga_pct_x,fta_per_fga_pct_x,orb_pct_x,trb_pct,ast_pct,stl_pct,blk_pct,tov_pct_x,usg_pct,off_rtg_x,def_rtg_x,ows,dws,ws,ws_per_40,fg,fga,fg_pct_y,fg3,fg3a,fg3_pct_y,fg2,fg2a,fg2_pct_y,ft,fta,ft_pct_y,orb,trb,ast,stl,blk,tov,pf,pts,ranker,age,wins_adv,losses_adv,wins_pyth,losses_pyth,mov,sos,srs,off_rtg_y,def_rtg_y,net_rtg,pace,fta_per_fga_pct_y,fg3a_per_fga_pct_y,ts_pct_y,efg_pct_y,tov_pct_y,orb_pct_y,ft_rate,opp_efg_pct,opp_tov_pct,drb_pct,opp_ft_rate,arena_name,team_name,wins_stand,losses_stand,win_loss_pct,gb,group,rookie_flag,hardship_flag,vet_flag,unknown_flag,avail_rate,start_rate,team_min,starter,rotation,pts40,ast40,reb40,stocks,stocks40,pps,three_rate,ast_tov,ws_game,ws40,ts_diff,efg_diff,team_power,ws_rookie,ws_vet,ws_hardship,pts_rookie,pts_vet,pts_hardship,pca1,pca2
A'ja Wilson,200000,RFA,40,40,31.2,23.4,8.3,16.4,50.5%,7.7,15.0,51.3%,0.6,1.5,42.4%,6.2,7.3,85.5%,2.3,7.9,10.2,3.1,2.2,1.6,2.3,1.9,LVA,C,40,1247,40,31.2,8.3,16.5,0.505,0.6,1.5,0.424,7.7,15.0,0.513,6.2,7.3,0.855,2.3,10.2,3.1,1.6,2.3,2.2,1.9,23.4,33.4,0.596,0.524,0.09,0.441,8.5,19.1,20.6,2.7,6.4,10.0,31.9,119.0,96.0,6.2,3.3,9.5,0.304,332,658,0.505,25,59,0.424,307,599,0.513,248,290,0.855,91,407,122,64,92,87,75,937,5.0,28.1,30.0,14.0,27.0,17.0,2.91,-0.32,2.59,108.1,104.4,3.7,77.3,0.273,0.383,0.552,0.506,13.6,23.5,0.4424242424242424,0.489,14.1,74.5,0.199,,LVA,30.0,14.0,0.682,4.0,veteran,0,0,1,0,0.9090909090909091,1.0,28.34090909090909,1,1,30.0,3.974358974358975,13.076923076923077,3.9,5.0,1.187094155844156,0.09090909090909091,1.409090909090909,0.2375,0.30473135525260625,0.04399999999999993,0.018000000000000016,0.6697824024560418,0.0,9.5,0.0,0.0,23.4,0.0,8.981738224908366,-2.3817459405871464
Napheesa Collier,214284,,33,33,32.3,22.9,8.3,15.7,53.1%,6.8,11.9,57.1%,1.5,3.8,40.3%,4.7,5.2,90.6%,1.9,5.4,7.3,3.2,2.1,1.6,1.5,2.4,MIN,F,33,1065,33,32.3,8.3,15.7,0.531,1.5,3.8,0.403,6.8,11.9,0.571,4.7,5.2,0.906,1.9,7.3,3.2,1.6,1.5,2.1,2.4,22.9,30.2,0.636,0.579,0.239,0.33,7.1,13.5,18.2,2.7,4.3,10.6,28.6,123.0,96.0,5.5,2.7,8.3,0.31,275,518,0.531,50,124,0.403,225,394,0.571,155,171,0.906,62,241,105,54,50,70,78,755,1.0,28.8,34.0,10.0,37.0,7.0,9.41,-0.69,8.72,112.3,100.0,12.3,76.4,0.236,0.372,0.572,0.542,13.9,26.0,0.3312101910828026,0.481,15.9,74.1,0.178,,MIN,34.0,10.0,0.773,,unknown,0,0,0,1,0.75,1.0,24.204545454545453,1,1,28.359133126934985,3.9628482972136228,9.040247678018575,3.1,3.839009287925697,1.2730709361796753,0.24203821656050956,1.5238095238095237,0.2515151515151515,0.3117370892018779,0.06400000000000006,0.03699999999999992,1.6774743240099597,0.0,0.0,0.0,0.0,0.0,0.0,6.344886896034044,-1.588954980156759
Kelsey Mitchell,269244,Core,44,44,31.4,20.2,7.2,15.7,45.6%,4.6,9.3,49.9%,2.5,6.4,39.4%,3.4,4.3,78.4%,0.4,1.3,1.8,3.4,1.8,0.9,0.2,2.0,IND,G,44,1381,44,31.4,7.2,15.7,0.456,2.5,6.4,0.394,4.6,9.3,0.499,3.4,4.3,0.784,0.4,1.8,3.4,0.9,0.2,1.8,2.0,20.2,19.9,0.574,0.536,0.408,0.275,1.6,3.4,19.6,1.4,0.5,9.1,27.7,114.0,109.0,4.5,1.0,5.6,0.161,315,691,0.456,111,282,0.394,204,409,0.499,149,190,0.784,18,77,150,39,7,78,88,890,4.0,28.1,24.0,20.0,28.0,16.0,3.36,-0.83,2.53,108.4,104.1,4.3,78.0,0.261,0.349,0.554,0.517,14.3,26.2,0.27388535031847133,0.503,16.0,75.7,0.233,,IND,24.0,20.0,0.545,10.0,veteran,0,0,1,0,1.0,1.0,31.386363636363637,1,1,25.732484076433124,4.331210191082803,2.292993630573249,1.1,1.4012738853503188,1.14824920418372,0.40764331210191085,1.8888888888888888,0.12727272727272726,0.16220130340333092,0.019999999999999907,0.019000000000000017,0.4085994662347417,0.0,5.6,0.0,0.0,20.2,0.0,6.485851977761591,-0.5516827903297207
Kelsey Plum,202000,Core,43,43,35.1,19.5,6.1,14.4,42.2%,3.8,7.9,47.8%,2.3,6.5,35.5%,5.1,5.7,89.3%,0.2,2.8,3.1,5.7,3.0,1.2,0.1,2.7,LAS,G,43,1508,43,35.1,6.1,14.4,0.422,2.3,6.5,0.355,3.8,7.9,0.478,5.1,5.7,0.893,0.2,3.1,5.7,1.2,0.1,3.0,2.7,19.5,18.1,0.578,0.502,0.451,0.395,0.8,5.2,27.9,1.8,0.2,15.3,25.4,111.0,114.0,4.1,0.0,4.2,0.11,261,618,0.422,99,279,0.355,162,339,0.478,218,244,0.893,10,132,247,53,4,131,117,839,9.0,28.3,21.0,23.0,18.0,26.0,-2.57,0.38,-2.19,107.5,110.7,-3.2,79.0,0.304,0.382,0.563,0.521,15.7,24.1,0.3958333333333333,0.524,13.8,73.6,0.189,,LAS,21.0,23.0,0.477,13.0,veteran,0,0,1,0,0.9772727272727273,1.0,34.27272727272727,1,1,22.22222222222222,6.495726495726496,3.532763532763533,1.3,1.4814814814814816,1.1533002129169623,0.4513888888888889,1.9000000000000001,0.09767441860465116,0.11140583554376658,0.015000000000000013,-0.019000000000000017,-0.4043709924578387,0.0,4.2,0.0,0.0,19.5,0.0,7.069540937992723,1.0099047732499835
Paige Bueckers,78831,Rookie,36,36,33.3,19.2,7.2,15.1,47.7%,6.1,11.8,51.8%,1.1,3.3,33.1%,3.8,4.2,88.8%,0.7,3.3,3.9,5.4,2.0,1.6,0.5,2.3,DAL,G,36,1199,36,33.3,7.2,15.1,0.477,1.1,3.3,0.331,6.1,11.8,0.518,3.8,4.2,0.888,0.7,3.9,5.4,1.6,0.5,2.0,2.3,19.2,22.1,0.567,0.513,0.217,0.28,2.3,6.8,30.2,2.4,1.4,10.6,24.7,115.0,112.0,4.0,0.4,4.4,0.147,259,543,0.477,39,118,0.331,220,425,0.518,135,152,0.888,25,142,194,57,18,72,82,692,11.0,25.4,10.0,34.0,11.0,33.0,-6.3,0.92,-5.38,103.3,111.2,-7.9,78.8,0.257,0.302,0.514,0.469,13.9,27.6,0.27814569536423844,0.531,14.2,75.7,0.255,,DAL,10.0,34.0,0.227,24.0,rookie,1,0,0,0,0.8181818181818182,1.0,27.25,1,1,23.063063063063062,6.486486486486487,4.684684684684685,2.1,2.5225225225225225,1.1328770356384232,0.2185430463576159,2.7,0.12222222222222223,0.14678899082568808,0.052999999999999936,0.04400000000000004,-1.3615149941003584,4.4,0.0,0.0,19.2,0.0,0.0,5.613000646556589,0.7960887498665609
Dearica Hamby,202000,,44,44,31.2,18.4,7.4,12.9,57.2%,7.0,11.6,60.4%,0.3,1.2,27.8%,3.4,5.4,62.7%,2.6,5.4,7.9,3.3,2.7,1.6,0.5,2.7,LAS,F,44,1374,44,31.2,7.4,12.9,0.572,0.3,1.2,0.278,7.0,11.6,0.604,3.4,5.4,0.627,2.6,7.9,3.3,1.6,0.5,2.7,2.7,18.4,23.8,0.605,0.586,0.095,0.417,10.0,15.2,20.0,2.5,1.4,14.9,25.6,114.0,108.0,4.4,1.2,5.6,0.162,324,566,0.572,15,54,0.278,309,512,0.604,148,236,0.627,113,349,144,69,21,117,119,811,9.0,28.3,21.0,23.0,18.0,26.0,-2.57,0.38,-2.19,107.5,110.7,-3.2,79.0,0.304,0.382,0.563,0.521,15.7,24.1,0.4186046511627907,0.524,13.8,73.6,0.189,,LAS,21.0,23.0,0.477,13.0,unknown,0,0,0,1,1.0,1.0,31.227272727272727,1,1,23.58974358974359,4.230769230769231,10.12820512820513,2.1,2.6923076923076925,1.2045037968054464,0.09302325581395349,1.222222222222222,0.12727272727272726,0.16302765647743814,0.04200000000000004,0.06499999999999995,-0.4043709924578387,0.0,0.0,0.0,0.0,0.0,0.0,6.909757763775892,-1.159128810207013
Allisha Gray,190000,RFA,42,42,34.5,18.4,5.9,13.0,45.1%,3.5,6.9,50.9%,2.3,6.1,38.4%,4.4,5.5,79.9%,0.9,4.5,5.3,3.5,1.8,1.1,0.4,2.6,ATL,G,42,1451,42,34.5,5.9,13.0,0.451,2.3,6.1,0.384,3.5,6.9,0.509,4.4,5.5,0.799,0.9,5.3,3.5,1.1,0.4,1.8,2.6,18.4,19.7,0.598,0.54,0.467,0.419,3.0,9.1,17.5,1.6,0.9,10.3,22.8,119.0,102.0,5.2,2.5,7.7,0.212,246,546,0.451,98,255,0.384,148,291,0.509,183,229,0.799,36,223,147,45,15,74,109,773,2.0,27.8,30.0,14.0,35.0,9.0,7.59,-1.1,6.49,110.5,100.5,10.0,76.2,0.275,0.418,0.555,0.514,12.9,26.7,0.4230769230769231,0.478,13.4,79.8,0.181,,ATL,30.0,14.0,0.682,4.0,veteran,0,0,1,0,0.9545454545454546,1.0,32.97727272727273,1,1,21.333333333333332,4.057971014492754,6.144927536231884,1.5,1.7391304347826089,1.1932555123216602,0.46923076923076923,1.9444444444444444,0.18333333333333335,0.21226740179186768,0.04299999999999993,0.026000000000000023,1.2293152868634125,0.0,7.7,0.0,0.0,18.4,0.0,6.592697381737936,-0.8634603183122234
Breanna Stewart,222400,Core,31,31,30.6,18.3,6.1,13.2,46.1%,5.4,10.4,52.0%,0.7,2.8,24.1%,5.5,6.5,83.7%,1.0,5.5,6.5,3.5,1.9,1.4,1.4,1.9,NYL,F,31,948,31,30.6,6.1,13.2,0.461,0.7,2.8,0.241,5.4,10.4,0.52,5.5,6.5,0.837,1.0,6.5,3.5,1.4,1.4,1.9,1.9,18.3,23.7,0.57,0.487,0.213,0.495,4.0,12.4,21.0,2.3,4.0,10.8,27.2,113.0,100.0,2.9,2.0,4.9,0.205,188,408,0.461,21,87,0.241,167,321,0.52,169,202,0.837,31,203,108,42,42,60,59,566,3.0,29.4,27.0,17.0,29.0,15.0,4.07,-0.28,3.79,108.3,103.1,5.2,77.9,0.286,0.41,0.574,0.526,14.9,20.8,0.49242424242424243,0.483,13.9,73.6,0.183,,NYL,27.0,17.0,0.614,7.0,veteran,0,0,1,0,0.7045454545454546,1.0,21.545454545454547,1,1,23.92156862745098,4.57516339869281,8.49673202614379,2.8,3.6601307189542482,1.1394769613947697,0.21212121212121213,1.842105263157895,0.15806451612903227,0.2067510548523207,-0.0040000000000000036,-0.039000000000000035,0.6796248973640951,0.0,4.9,0.0,0.0,18.3,0.0,4.565110077550981,-0.6988614471161945
Nneka Ogwumike,195000,UFA,44,44,30.9,18.3,7.3,14.0,51.9%,5.8,9.9,58.1%,1.5,4.1,36.7%,2.2,2.7,82.2%,1.3,5.7,7.0,2.3,1.9,1.1,0.4,1.9,SEA,F,44,1359,44,30.9,7.3,14.0,0.519,1.5,4.1,0.367,5.8,9.9,0.581,2.2,2.7,0.822,1.3,7.0,2.3,1.1,0.4,1.9,1.9,18.3,21.8,0.6,0.572,0.292,0.191,5.1,13.7,13.5,1.9,1.2,11.3,25.4,110.0,102.0,3.3,2.4,5.7,0.168,320,617,0.519,66,180,0.367,254,437,0.581,97,118,0.822,59,309,99,50,18,85,83,803,7.0,30.2,23.0,21.0,26.0,18.0,2.05,-0.02,2.02,104.5,101.9,2.6,78.2,0.231,0.319,0.539,0.505,13.2,19.9,0.19285714285714287,0.497,16.8,74.2,0.219,,SEA,23.0,21.0,0.523,11.0,veteran,0,0,1,0,1.0,1.0,30.886363636363637,1,1,23.68932038834952,2.9773462783171523,9.06148867313916,1.5,1.9417475728155342,1.2048986041611798,0.2928571428571428,1.2105263157894737,0.12954545454545455,0.1677704194260486,0.06099999999999994,0.06699999999999995,0.24831765944039572,0.0,5.7,0.0,0.0,18.3,0.0,6.157966073445004,-1.7536301337779454
Sabrina Ionescu,222060,Rookie,38,38,31.4,18.2,6.1,15.1,40.1%,3.9,7.9,49.3%,2.1,7.1,29.9%,4.0,4.3,93.3%,0.8,4.1,4.9,5.7,2.6,1.3,0.4,1.7,NYL,G,38,1194,38,31.4,6.1,15.1,0.401,2.1,7.1,0.299,3.9,7.9,0.493,4.0,4.3,0.933,0.8,4.9,5.7,1.3,0.4,2.6,1.7,18.2,20.4,0.537,0.472,0.473,0.284,3.1,9.0,33.0,2.1,1.2,13.4,28.9,107.0,104.0,2.6,1.7,4.3,0.145,230,573,0.401,81,271,0.299,149,302,0.493,152,163,0.933,30,185,216,48,16,100,63,693,3.0,29.4,27.0,17.0,29.0,15.0,4.07,-0.28,3.79,108.3,103.1,5.2,77.9,0.286,0.41,0.574,0.526,14.9,20.8,0.2847682119205298,0.483,13.9,73.6,0.183,,NYL,27.0,17.0,0.614,7.0,rookie,1,0,0,0,0.8636363636363636,1.0,27.136363636363637,1,1,23.184713375796182,7.261146496815288,6.242038216560511,1.7000000000000002,2.1656050955414017,1.0710922787193973,0.47019867549668876,2.1923076923076925,0.1131578947368421,0.14405360134003348,-0.03699999999999992,-0.05400000000000005,0.6796248973640951,4.3,0.0,0.0,18.2,0.0,0.0,5.971201316816633,1.1257095541433588
Rhyne Howard,91981,Rookie,33,32,34.9,17.5,5.7,15.1,37.5%,2.6,5.5,46.7%,3.1,9.6,32.2%,3.1,3.6,85.6%,0.9,3.5,4.5,4.6,1.7,1.5,0.8,2.9,ATL,G,33,1151,32,34.9,5.7,15.1,0.375,3.1,9.6,0.322,2.6,5.5,0.467,3.1,3.6,0.856,0.9,4.5,4.6,1.5,0.8,1.7,2.9,17.5,18.2,0.524,0.477,0.635,0.236,3.3,7.6,22.6,2.3,2.0,9.1,24.2,111.0,100.0,2.8,2.3,5.1,0.177,187,499,0.375,102,317,0.322,85,182,0.467,101,118,0.856,31,148,153,51,27,55,96,577,2.0,27.8,30.0,14.0,35.0,9.0,7.59,-1.1,6.49,110.5,100.5,10.0,76.2,0.275,0.418,0.555,0.514,12.9,26.7,0.2384105960264901,0.478,13.4,79.8,0.181,,ATL,30.0,14.0,0.682,4.0,rookie,1,0,0,0,0.75,0.9696969696969697,26.15909090909091,1,1,20.057306590257884,5.2722063037249285,5.157593123209169,2.3,2.6361031518624642,1.0489091345001198,0.6357615894039735,2.705882352941176,0.15454545454545454,0.17723718505647262,-0.031000000000000028,-0.03700000000000003,1.2293152868634125,5.1,0.0,0.0,17.5,0.0,0.0,4.407710944947781,0.3408348636325949
Jackie Young,169950,,44,44,30.4,16.5,5.9,12.5,47.4%,4.1,7.4,55.4%,1.8,5.1,35.7%,2.9,3.2,89.4%,1.2,3.3,4.5,5.1,2.2,1.3,0.4,2.4,LVA,G,44,1336,44,30.4,5.9,12.4,0.475,1.8,5.1,0.359,4.1,7.4,0.556,2.9,3.2,0.894,1.2,4.5,5.1,1.3,0.4,2.2,2.4,16.5,22.3,0.596,0.548,0.408,0.26,4.5,8.6,30.9,2.2,1.2,13.9,24.2,117.0,106.0,4.9,1.6,6.6,0.197,260,547,0.475,80,223,0.359,180,324,0.556,127,142,0.894,52,196,226,57,18,98,106,727,5.0,28.1,30.0,14.0,27.0,17.0,2.91,-0.32,2.59,108.1,104.4,3.7,77.3,0.273,0.383,0.552,0.506,13.6,23.5,0.25806451612903225,0.489,14.1,74.5,0.199,,LVA,30.0,14.0,0.682,4.0,unknown,0,0,0,1,1.0,1.0,30.363636363636363,1,1,21.710526315789476,6.7105263157894735,5.921052631578948,1.7000000000000002,2.2368421052631584,1.1949594438006952,0.41129032258064513,2.318181818181818,0.15,0.19760479041916165,0.04399999999999993,0.04200000000000004,0.6697824024560418,0.0,0.0,0.0,0.0,0.0,0.0,6.416587866500642,0.9342826007622788
Caitlin Clark,78066,,13,13,31.0,16.5,5.5,15.1,36.7%,3.3,7.1,46.7%,2.2,8.0,27.9%,3.2,3.8,82.0%,0.1,4.9,5.0,8.8,5.1,1.6,0.5,2.7,IND,G,13,404,13,31.1,5.5,15.1,0.367,2.2,8.0,0.279,3.3,7.1,0.467,3.2,3.8,0.82,0.1,5.0,8.8,1.6,0.5,5.1,2.7,16.5,16.5,0.491,0.441,0.531,0.255,0.3,9.8,47.2,2.7,1.6,23.2,31.5,94.0,102.0,-0.3,0.7,0.5,0.045,72,196,0.367,29,104,0.279,43,92,0.467,41,50,0.82,1,65,115,21,7,66,35,214,4.0,28.1,24.0,20.0,28.0,16.0,3.36,-0.83,2.53,108.4,104.1,4.3,78.0,0.261,0.349,0.554,0.517,14.3,26.2,0.25165562913907286,0.503,16.0,75.7,0.233,,IND,24.0,20.0,0.545,10.0,unknown,0,0,0,1,0.29545454545454547,1.0,9.181818181818182,1,1,21.221864951768488,11.318327974276528,6.430868167202572,2.1,2.7009646302250805,0.9837824946339138,0.5298013245033113,1.7254901960784317,0.038461538461538464,0.04950495049504951,-0.06300000000000006,-0.07600000000000001,0.4085994662347417,0.0,0.0,0.0,0.0,0.0,0.0,0.8048620530887735,3.184095739064703
Satou Sabally,215000,Core,39,39,26.6,16.3,5.3,13.2,40.4%,3.6,7.8,46.1%,1.7,5.4,32.1%,3.9,4.7,82.7%,1.4,4.5,5.9,2.5,2.0,1.3,0.3,2.9,PHO,F,39,1039,39,26.6,5.3,13.2,0.404,1.7,5.4,0.321,3.6,7.8,0.461,3.9,4.7,0.827,1.4,5.9,2.5,1.3,0.3,2.0,2.9,16.3,19.5,0.533,0.469,0.406,0.359,5.8,12.7,17.4,2.4,1.2,11.4,29.2,105.0,101.0,1.8,2.0,3.8,0.147,208,515,0.404,67,209,0.321,141,306,0.461,153,185,0.827,54,231,98,49,13,77,115,636,6.0,29.7,27.0,17.0,27.0,17.0,2.68,-0.13,2.55,105.9,102.5,3.4,78.2,0.259,0.403,0.542,0.502,14.1,24.4,0.3560606060606061,0.486,15.5,75.5,0.225,,PHO,27.0,17.0,0.614,7.0,veteran,0,0,1,0,0.8863636363636364,1.0,23.613636363636363,1,1,24.51127819548872,3.7593984962406015,8.87218045112782,1.6,2.406015037593985,1.0675923500130995,0.4090909090909091,1.25,0.09743589743589744,0.14629451395572665,-0.009000000000000008,-0.03300000000000003,0.5112900678967056,0.0,3.8,0.0,0.0,16.3,0.0,4.786153586013483,-1.1481011434502066
Tina Charles,170000,UFA,43,42,28.4,16.3,6.0,13.8,43.8%,5.8,12.7,45.3%,0.3,1.1,26.1%,3.9,4.6,85.7%,1.4,4.3,5.8,1.7,1.9,0.8,0.4,2.1,CON,C,43,1222,42,28.4,6.0,13.8,0.438,0.3,1.1,0.261,5.8,12.7,0.453,3.9,4.6,0.857,1.4,5.8,1.7,0.8,0.4,1.9,2.1,16.3,17.7,0.515,0.449,0.078,0.331,5.8,12.1,12.7,1.4,1.5,10.8,28.3,102.0,112.0,1.1,0.3,1.5,0.048,260,593,0.438,12,46,0.261,248,547,0.453,168,196,0.857,62,248,74,33,19,82,89,700,13.0,27.1,11.0,33.0,7.0,37.0,-10.11,0.87,-9.24,98.3,111.4,-13.1,76.9,0.272,0.304,0.505,0.458,14.9,24.4,0.3333333333333333,0.53,15.4,72.6,0.254,,CON,11.0,33.0,0.25,23.0,veteran,0,0,1,0,0.9772727272727273,0.9767441860465116,27.772727272727273,1,1,22.957746478873243,2.394366197183099,8.169014084507042,1.2000000000000002,1.690140845070423,1.0300808897876643,0.07971014492753624,0.8947368421052632,0.03488372093023256,0.04909983633387889,0.010000000000000009,-0.009000000000000008,-1.8186115421419249,0.0,1.5,0.0,0.0,16.3,0.0,4.9478882240744255,-1.8057255928577234
Kahleah Copper,248134,Core,28,28,26.9,15.6,5.5,12.9,42.4%,3.4,7.5,45.7%,2.0,5.4,37.7%,2.7,3.1,85.2%,0.4,2.5,2.9,1.5,2.2,1.1,0.2,2.6,PHO,G-F,28,752,28,26.9,5.5,12.9,0.424,2.0,5.4,0.377,3.4,7.5,0.457,2.7,3.1,0.852,0.4,2.9,1.5,1.1,0.2,2.2,2.6,15.6,14.4,0.548,0.503,0.418,0.244,1.6,6.2,10.6,2.0,0.6,13.4,27.6,98.0,105.0,0.2,1.0,1.2,0.064,153,361,0.424,57,151,0.377,96,210,0.457,75,88,0.852,11,81,43,30,5,62,73,438,6.0,29.7,27.0,17.0,27.0,17.0,2.68,-0.13,2.55,105.9,102.5,3.4,78.2,0.259,0.403,0.542,0.502,14.1,24.4,0.24031007751937986,0.486,15.5,75.5,0.225,,PHO,27.0,17.0,0.614,7.0,veteran,0,0,1,0,0.6363636363636364,1.0,17.09090909090909,1,1,23.197026022304833,2.2304832713754648,4.312267657992566,1.3,1.9330855018587363,1.093662366797532,0.4186046511627907,0.6818181818181818,0.04285714285714286,0.06382978723404255,0.006000000000000005,0.0010000000000000009,0.5112900678967056,0.0,1.2,0.0,0.0,15.6,0.0,1.6493255671802294,-1.2187722671329435
Arike Ogunbowale,249032,,29,29,33.3,15.5,5.1,13.9,36.4%,3.4,8.5,40.2%,1.7,5.4,30.4%,3.7,4.0,93.1%,0.3,2.1,2.5,4.1,2.1,1.3,0.2,2.6,DAL,G,29,966,29,33.3,5.1,13.9,0.364,1.7,5.4,0.304,3.4,8.5,0.402,3.7,4.0,0.931,0.3,2.5,4.1,1.3,0.2,2.1,2.6,15.5,13.3,0.494,0.423,0.391,0.287,1.1,4.3,20.7,2.0,0.7,11.6,23.2,102.0,114.0,0.8,0.0,0.8,0.032,147,404,0.364,48,158,0.304,99,246,0.402,108,116,0.931,10,72,120,39,7,60,74,450,11.0,25.4,10.0,34.0,11.0,33.0,-6.3,0.92,-5.38,103.3,111.2,-7.9,78.8,0.257,0.302,0.514,0.469,13.9,27.6,0.28776978417266186,0.531,14.2,75.7,0.255,,DAL,10.0,34.0,0.227,24.0,unknown,0,0,0,1,0.6590909090909091,1.0,21.954545454545453,1,1,18.61861861861862,4.924924924924925,3.003003003003003,1.5,1.8018018018018018,0.9897828863346104,0.38848920863309355,1.952380952380952,0.027586206896551727,0.033126293995859216,-0.020000000000000018,-0.045999999999999985,-1.3615149941003584,0.0,0.0,0.0,0.0,0.0,0.0,2.464698987028175,0.5437206006577813
Skylar Diggins,214466,UFA,43,43,31.2,15.5,5.3,12.5,42.3%,3.9,8.6,45.0%,1.4,4.0,36.5%,3.5,4.4,78.8%,0.6,1.9,2.5,6.0,2.1,1.2,0.8,2.3,SEA,G,43,1343,43,31.2,5.3,12.5,0.423,1.4,4.0,0.365,3.9,8.6,0.45,3.5,4.4,0.788,0.6,2.5,6.0,1.2,0.8,2.1,2.3,15.5,18.8,0.536,0.481,0.315,0.351,2.3,4.8,31.8,2.0,2.3,12.8,24.3,108.0,105.0,2.9,1.8,4.6,0.138,228,539,0.423,62,170,0.365,166,369,0.45,149,189,0.788,27,108,258,52,35,91,101,667,7.0,30.2,23.0,21.0,26.0,18.0,2.05,-0.02,2.02,104.5,101.9,2.6,78.2,0.231,0.319,0.539,0.505,13.2,19.9,0.35200000000000004,0.497,16.8,74.2,0.219,,SEA,23.0,21.0,0.523,11.0,veteran,0,0,1,0,0.9772727272727273,1.0,30.522727272727273,1,1,19.871794871794872,7.692307692307693,3.2051282051282053,2.0,2.5641025641025643,1.0737046273205875,0.32,2.857142857142857,0.10697674418604651,0.13700670141474308,-0.0030000000000000027,-0.02400000000000002,0.24831765944039572,0.0,4.6,0.0,0.0,15.5,0.0,5.8423475114699945,1.9562919682762165
Alyssa Thomas,215000,Core,39,39,31.3,15.4,6.2,11.6,53.2%,6.2,11.5,53.9%,0.0,0.2,0.0%,3.0,4.3,69.2%,1.6,7.2,8.8,9.2,3.5,1.6,0.4,2.1,PHO,F,39,1221,39,31.3,6.2,11.6,0.532,0.0,0.2,0.0,6.2,11.5,0.539,3.0,4.3,0.692,1.6,8.8,9.2,1.6,0.4,3.5,2.1,15.4,25.2,0.568,0.532,0.013,0.373,5.9,16.1,53.6,2.6,1.3,20.4,24.4,114.0,98.0,4.1,2.8,6.9,0.225,241,453,0.532,0,6,0.0,241,447,0.539,117,169,0.692,64,344,357,62,17,135,82,599,6.0,29.7,27.0,17.0,27.0,17.0,2.68,-0.13,2.55,105.9,102.5,3.4,78.2,0.259,0.403,0.542,0.502,14.1,24.4,0.3706896551724138,0.486,15.5,75.5,0.225,,PHO,27.0,17.0,0.614,7.0,veteran,0,0,1,0,0.8863636363636364,1.0,27.75,1,1,19.680511182108624,11.757188498402554,11.246006389776358,2.0,2.5559105431309903,1.1414171360806404,0.017241379310344827,2.6285714285714286,0.17692307692307693,0.22604422604422605,0.025999999999999912,0.030000000000000027,0.5112900678967056,0.0,6.9,0.0,0.0,15.4,0.0,7.2611663843444605,3.5983588455357096
Aliyah Boston,83371,Rookie,44,44,30.2,15.0,6.2,11.5,53.8%,6.0,10.8,55.8%,0.1,0.7,20.7%,2.5,3.3,76.2%,2.4,5.8,8.2,3.7,1.8,1.2,0.9,3.1,IND,C-F,44,1327,44,30.2,6.2,11.5,0.538,0.1,0.7,0.207,6.0,10.8,0.558,2.5,3.3,0.762,2.4,8.2,3.7,1.2,0.9,1.8,3.1,15.0,22.8,0.58,0.544,0.058,0.292,9.6,16.5,21.3,2.0,2.8,12.5,21.9,118.0,101.0,4.6,2.5,7.1,0.215,271,504,0.538,6,29,0.207,265,475,0.558,112,147,0.762,107,361,163,52,41,81,136,660,4.0,28.1,24.0,20.0,28.0,16.0,3.36,-0.83,2.53,108.4,104.1,4.3,78.0,0.261,0.349,0.554,0.517,14.3,26.2,0.28695652173913044,0.503,16.0,75.7,0.233,,IND,24.0,20.0,0.545,10.0,rookie,1,0,0,0,1.0,1.0,30.15909090909091,1,1,19.867549668874172,4.90066225165563,10.860927152317881,2.1,2.7814569536423845,1.1581222977146386,0.0608695652173913,2.055555555555556,0.16136363636363635,0.21401657874905802,0.025999999999999912,0.027000000000000024,0.4085994662347417,7.1,0.0,0.0,15.0,0.0,0.0,6.253546242495493,-0.49597539681723674
Sonia Citron,78831,Rookie,44,44,32.2,14.9,5.1,10.8,47.0%,3.2,6.6,48.6%,1.8,4.1,44.5%,3.0,3.4,87.2%,0.7,3.3,4.0,2.4,2.1,1.3,0.4,2.1,WAS,G,44,1415,44,32.2,5.1,10.8,0.47,1.8,4.1,0.445,3.2,6.6,0.486,3.0,3.4,0.872,0.7,4.0,2.4,1.3,0.4,2.1,2.1,14.9,16.4,0.609,0.556,0.384,0.314,2.5,7.6,13.6,2.0,1.2,14.4,20.5,110.0,106.0,2.7,1.5,4.2,0.119,223,474,0.47,81,182,0.445,142,292,0.486,130,149,0.872,29,174,104,55,17,91,94,657,10.0,24.8,16.0,28.0,14.0,30.0,-4.43,0.21,-4.23,100.0,105.7,-5.7,76.9,0.325,0.269,0.53,0.483,16.4,23.5,0.31481481481481477,0.505,14.3,77.6,0.225,,WAS,16.0,28.0,0.364,18.0,rookie,1,0,0,0,1.0,1.0,32.15909090909091,1,1,18.509316770186334,2.981366459627329,4.968944099378882,1.7000000000000002,2.111801242236025,1.211776187378009,0.3796296296296296,1.1428571428571428,0.09545454545454546,0.11872791519434629,0.07899999999999996,0.07300000000000006,-0.8949866139096142,4.2,0.0,0.0,14.9,0.0,0.0,4.538338246962648,-0.9326389336388018
Rickea Jackson,78066,Rookie,38,37,30.9,14.7,5.4,12.7,42.4%,3.7,7.8,47.3%,1.7,4.9,34.8%,2.2,2.6,84.7%,1.0,2.2,3.2,1.7,2.1,0.6,0.4,1.9,LAS,F,38,1173,37,30.9,5.4,12.7,0.424,1.7,4.9,0.348,3.7,7.8,0.473,2.2,2.6,0.847,1.0,3.2,1.7,0.6,0.4,2.1,1.9,14.7,12.3,0.53,0.492,0.387,0.203,4.0,6.2,9.3,1.0,1.1,12.9,23.0,100.0,115.0,0.5,-0.2,0.3,0.009,205,483,0.424,65,187,0.348,140,296,0.473,83,98,0.847,38,122,64,23,14,78,71,558,9.0,28.3,21.0,23.0,18.0,26.0,-2.57,0.38,-2.19,107.5,110.7,-3.2,79.0,0.304,0.382,0.563,0.521,15.7,24.1,0.20472440944881892,0.524,13.8,73.6,0.189,,LAS,21.0,23.0,0.477,13.0,rookie,1,0,0,0,0.8636363636363636,0.9736842105263158,26.65909090909091,1,1,19.029126213592235,2.2006472491909386,4.142394822006473,1.0,1.2944983818770228,1.0618318405085236,0.38582677165354334,0.8095238095238094,0.007894736842105263,0.010230179028132991,-0.03299999999999992,-0.029000000000000026,-0.4043709924578387,0.3,0.0,0.0,14.7,0.0,0.0,2.6847084515926567,-1.0568514748910185
Angel Reese,74909,Rookie,30,30,31.6,14.7,5.1,11.1,45.8%,5.0,10.4,47.8%,0.1,0.7,18.2%,4.3,5.7,75.6%,4.1,8.5,12.6,3.7,3.9,1.5,0.7,3.4,CHI,F,30,947,30,31.6,5.1,11.1,0.458,0.1,0.7,0.182,5.0,10.4,0.478,4.3,5.7,0.756,4.1,12.6,3.7,1.5,0.7,3.9,3.4,14.7,19.9,0.537,0.464,0.066,0.515,15.4,23.4,21.5,2.4,2.0,22.4,25.0,101.0,105.0,0.7,1.2,1.9,0.079,153,334,0.458,4,22,0.182,149,312,0.478,130,172,0.756,123,377,110,44,20,118,103,440,12.0,27.7,10.0,34.0,7.0,37.0,-10.05,0.92,-9.13,98.8,111.9,-13.1,76.7,0.259,0.306,0.516,0.476,17.4,29.1,0.5135135135135136,0.521,12.6,74.7,0.215,,CHI,10.0,34.0,0.227,24.0,rookie,1,0,0,0,0.6818181818181818,1.0,21.522727272727273,1,1,18.607594936708857,4.6835443037974684,15.949367088607593,2.2,2.7848101265822782,1.0802469135802468,0.06306306306306306,0.9487179487179488,0.06333333333333332,0.08025343189017951,0.02100000000000002,-0.011999999999999955,-1.8591173596021162,1.9,0.0,0.0,14.7,0.0,0.0,3.6250605963852074,-0.47465789593876634
Marina Mabrey,210000,RFA,35,34,31.5,14.4,5.1,13.9,36.7%,3.2,7.0,46.3%,1.9,7.0,27.0%,2.3,2.6,87.0%,0.5,3.7,4.2,4.0,2.8,0.7,0.3,2.9,CON,G,35,1103,34,31.5,5.1,13.9,0.367,1.9,7.0,0.27,3.2,7.0,0.463,2.3,2.6,0.87,0.5,4.2,4.0,0.7,0.3,2.8,2.9,14.4,11.1,0.477,0.434,0.5,0.189,1.8,7.9,24.3,1.1,0.9,15.6,25.8,92.0,114.0,-1.1,-0.1,-1.1,-0.041,179,488,0.367,66,244,0.27,113,244,0.463,80,92,0.87,17,146,141,24,10,98,100,504,13.0,27.1,11.0,33.0,7.0,37.0,-10.11,0.87,-9.24,98.3,111.4,-13.1,76.9,0.272,0.304,0.505,0.458,14.9,24.4,0.18705035971223022,0.53,15.4,72.6,0.254,,CON,11.0,33.0,0.25,23.0,veteran,0,0,1,0,0.7954545454545454,0.9714285714285714,25.068181818181817,1,1,18.285714285714285,5.079365079365079,5.333333333333333,1.0,1.2698412698412698,0.9571922361074182,0.5035971223021583,1.4285714285714286,-0.03142857142857143,-0.03989120580235721,-0.028000000000000025,-0.02400000000000002,-1.8186115421419249,-0.0,-1.1,-0.0,0.0,14.4,0.0,2.829742280331811,0.6836231053208669
Kayla McBride,205000,UFA,39,39,31.3,14.2,4.6,11.0,41.6%,1.9,4.3,44.9%,2.6,6.7,39.5%,2.4,2.7,90.5%,0.3,2.0,2.3,3.5,1.7,1.3,0.1,1.4,MIN,G,39,1220,39,31.3,4.6,11.0,0.416,2.6,6.7,0.395,1.9,4.3,0.449,2.4,2.7,0.905,0.3,2.3,3.5,1.3,0.1,1.7,1.4,14.2,16.0,0.584,0.536,0.61,0.245,1.0,4.3,17.1,2.1,0.2,12.4,20.4,113.0,104.0,2.9,1.7,4.6,0.152,178,428,0.416,103,261,0.395,75,167,0.449,95,105,0.905,10,89,137,49,3,67,53,554,1.0,28.8,34.0,10.0,37.0,7.0,9.41,-0.69,8.72,112.3,100.0,12.3,76.4,0.236,0.372,0.572,0.542,13.9,26.0,0.24545454545454548,0.481,15.9,74.1,0.178,,MIN,34.0,10.0,0.773,,veteran,0,0,1,0,0.8863636363636364,1.0,27.727272727272727,1,1,18.14696485623003,4.472843450479233,2.9392971246006385,1.4000000000000001,1.7891373801916934,1.1650804069576632,0.6090909090909091,2.058823529411765,0.11794871794871795,0.15081967213114753,0.01200000000000001,-0.006000000000000005,1.6774743240099597,0.0,4.6,0.0,0.0,14.2,0.0,3.6795127525333093,0.24062941980693803
Brittney Sykes,195000,UFA,39,38,30.6,14.1,4.5,11.7,38.1%,3.7,9.1,40.3%,0.8,2.6,30.4%,4.4,5.6,78.1%,0.5,2.6,3.2,4.0,2.5,1.2,0.4,2.5,TOT,G,39,1194,38,30.6,4.5,11.7,0.381,0.8,2.6,0.304,3.7,9.1,0.403,4.4,5.6,0.781,0.5,3.2,4.0,1.2,0.4,2.5,2.5,14.1,13.4,0.497,0.415,0.223,0.479,2.0,6.3,22.8,2.1,1.1,15.0,25.1,97.0,106.0,0.0,1.4,1.4,0.046,174,457,0.381,31,102,0.304,143,355,0.403,171,219,0.781,20,123,155,48,14,98,99,550,,,,,,,,,,,,,,,,,,,,0.47863247863247865,,,,,,,,,,,veteran,0,0,1,0,0.8863636363636364,0.9743589743589743,27.136363636363637,1,1,18.431372549019606,5.228758169934641,4.183006535947713,1.6,2.0915032679738563,0.9954815024004519,0.22222222222222224,1.6,0.035897435897435895,0.04690117252931323,,,0.24831765944039572,0.0,1.4,0.0,0.0,14.1,0.0,3.9962759111378796,0.5505780478708746
Kayla Thornton,132000,,22,22,30.1,14.0,4.5,12.5,36.2%,2.7,6.1,44.8%,1.8,6.5,28.2%,3.1,3.7,82.9%,1.8,5.2,7.0,1.5,1.6,1.3,0.2,2.4,GSV,F,22,662,22,30.1,4.5,12.5,0.362,1.8,6.5,0.282,2.7,6.1,0.448,3.1,3.7,0.829,1.8,7.0,1.5,1.3,0.2,1.6,2.4,14.0,15.1,0.493,0.435,0.514,0.297,7.2,13.6,9.8,2.3,0.8,10.3,24.5,101.0,100.0,0.4,1.3,1.7,0.105,100,276,0.362,40,142,0.282,60,134,0.448,68,82,0.829,40,154,33,29,5,36,52,308,8.0,27.0,23.0,21.0,25.0,19.0,1.39,0.08,1.47,103.9,102.1,1.8,74.6,0.282,0.458,0.531,0.482,14.9,26.0,0.29600000000000004,0.472,13.9,76.0,0.215,Chase Center,GSV,23.0,21.0,0.523,11.0,unknown,0,0,0,1,0.5,1.0,15.045454545454545,1,1,18.6046511627907,1.993355481727575,9.30232558139535,1.5,1.993355481727575,0.9909399773499433,0.52,0.9375,0.07727272727272727,0.10271903323262839,-0.038000000000000034,-0.046999999999999986,0.17357702568400166,0.0,0.0,0.0,0.0,0.0,0.0,0.94526355338194,-1.2365373379260052
Jonquel Jones,209000,UFA,31,31,26.8,13.6,4.8,9.9,49.0%,3.1,5.8,53.6%,1.7,4.0,42.4%,2.3,2.9,76.9%,1.5,6.6,8.1,2.7,2.1,0.5,1.1,2.5,NYL,C,31,830,31,26.8,4.8,9.9,0.49,1.7,4.0,0.424,3.1,5.8,0.536,2.3,2.9,0.769,1.5,8.1,2.7,0.5,1.1,2.1,2.5,13.6,20.3,0.611,0.577,0.408,0.297,6.7,17.5,18.3,0.9,3.6,15.8,22.9,111.0,100.0,1.9,1.6,3.6,0.172,150,306,0.49,53,125,0.424,97,181,0.536,70,91,0.769,45,251,85,15,33,65,79,423,3.0,29.4,27.0,17.0,29.0,15.0,4.07,-0.28,3.79,108.3,103.1,5.2,77.9,0.286,0.41,0.574,0.526,14.9,20.8,0.29292929292929293,0.483,13.9,73.6,0.183,,NYL,27.0,17.0,0.614,7.0,veteran,0,0,1,0,0.7045454545454546,1.0,18.863636363636363,1,1,20.298507462686565,4.029850746268656,12.089552238805968,1.6,2.388059701492537,1.2168933428775948,0.40404040404040403,1.2857142857142858,0.11612903225806452,0.17349397590361446,0.03700000000000003,0.050999999999999934,0.6796248973640951,0.0,3.6,0.0,0.0,13.6,0.0,2.73162961317722,-0.6118411659622557
Courtney Williams,180000,UFA,44,44,28.6,13.6,5.6,13.2,42.7%,4.3,9.8,44.0%,1.3,3.4,38.9%,1.0,1.2,84.9%,0.5,4.4,4.9,6.2,2.3,1.3,0.3,2.0,MIN,G,44,1260,44,28.6,5.6,13.2,0.428,1.3,3.4,0.389,4.3,9.8,0.441,1.0,1.2,0.849,0.5,4.9,6.2,1.3,0.3,2.3,2.0,13.6,17.9,0.496,0.478,0.257,0.091,2.2,10.2,35.6,2.3,1.0,14.3,25.7,104.0,100.0,1.8,2.6,4.4,0.138,248,580,0.428,58,149,0.389,190,431,0.441,45,53,0.849,23,216,271,55,14,101,86,599,1.0,28.8,34.0,10.0,37.0,7.0,9.41,-0.69,8.72,112.3,100.0,12.3,76.4,0.236,0.372,0.572,0.542,13.9,26.0,0.09090909090909091,0.481,15.9,74.1,0.178,,MIN,34.0,10.0,0.773,,veteran,0,0,1,0,1.0,1.0,28.636363636363637,1,1,19.02097902097902,8.671328671328672,6.853146853146853,1.6,2.237762237762238,0.9906759906759907,0.25757575757575757,2.695652173913044,0.1,0.13968253968253969,-0.07599999999999996,-0.06400000000000006,1.6774743240099597,0.0,4.4,0.0,0.0,13.6,0.0,5.510652123274671,2.4282183719501487
Kamilla Cardoso,78066,Rookie,40,39,27.6,13.6,5.6,10.6,52.8%,5.6,10.5,52.9%,0.0,0.1,50.0%,2.4,3.3,72.2%,3.0,5.6,8.5,2.5,2.4,0.4,1.2,2.8,CHI,C,40,1102,39,27.6,5.6,10.6,0.528,0.0,0.1,0.5,5.6,10.5,0.529,2.4,3.3,0.722,3.0,8.5,2.5,0.4,1.2,2.4,2.8,13.6,19.8,0.565,0.53,0.005,0.315,12.7,18.2,17.8,0.7,4.0,16.8,23.5,107.0,110.0,1.9,0.6,2.5,0.091,223,422,0.528,1,2,0.5,222,420,0.529,96,133,0.722,118,341,98,14,47,97,113,543,12.0,27.7,10.0,34.0,7.0,37.0,-10.05,0.92,-9.13,98.8,111.9,-13.1,76.7,0.259,0.306,0.516,0.476,17.4,29.1,0.3113207547169811,0.521,12.6,74.7,0.215,,CHI,10.0,34.0,0.227,24.0,rookie,1,0,0,0,0.9090909090909091,0.975,25.045454545454547,1,1,19.71014492753623,3.6231884057971016,12.318840579710145,1.6,2.318840579710145,1.1284434118818454,0.009433962264150945,1.0416666666666667,0.0625,0.09074410163339383,0.04899999999999993,0.05400000000000005,-1.8591173596021162,2.5,0.0,0.0,13.6,0.0,0.0,4.074525350791514,-1.0047566386484645
Emma Meesseman,75694,UFA,17,12,25.9,13.4,5.4,9.4,57.2%,4.5,8.1,55.8%,0.8,1.2,66.7%,1.9,2.2,86.5%,1.3,3.8,5.1,3.2,2.1,1.2,0.8,1.5,NYL,F,17,440,12,25.9,5.4,9.4,0.572,0.8,1.2,0.667,4.5,8.1,0.558,1.9,2.2,0.865,1.3,5.1,3.2,1.2,0.8,2.1,1.5,13.4,22.8,0.65,0.616,0.132,0.233,6.2,11.5,23.0,2.5,2.7,17.0,22.2,115.0,102.0,1.3,0.8,2.1,0.192,91,159,0.572,14,21,0.667,77,138,0.558,32,37,0.865,22,87,54,21,13,36,26,228,3.0,29.4,27.0,17.0,29.0,15.0,4.07,-0.28,3.79,108.3,103.1,5.2,77.9,0.286,0.41,0.574,0.526,14.9,20.8,0.23404255319148937,0.483,13.9,73.6,0.183,,NYL,27.0,17.0,0.614,7.0,veteran,0,0,1,0,0.38636363636363635,0.7058823529411765,10.0,1,1,20.694980694980696,4.942084942084943,7.876447876447876,2.0,3.088803088803089,1.2924382716049383,0.1276595744680851,1.5238095238095237,0.12352941176470589,0.19090909090909092,0.07600000000000007,0.08999999999999997,0.6796248973640951,0.0,2.1,0.0,0.0,13.4,0.0,0.32445254499545834,0.21444438205671554
Kiki Iriafen,78831,Rookie,44,44,26.9,13.3,5.0,10.3,48.8%,5.0,10.1,49.5%,0.0,0.3,18.2%,3.1,4.0,78.4%,2.6,6.0,8.5,1.6,2.2,0.6,0.2,2.9,WAS,F,44,1185,44,26.9,5.0,10.3,0.488,0.0,0.3,0.182,5.0,10.1,0.495,3.1,4.0,0.784,2.6,8.5,1.6,0.6,0.2,2.2,2.9,13.3,17.3,0.548,0.49,0.024,0.387,11.8,19.5,11.4,1.1,0.6,15.3,24.5,104.0,105.0,1.5,1.5,3.0,0.102,222,455,0.488,2,11,0.182,220,444,0.495,138,176,0.784,114,376,69,26,7,96,126,584,10.0,24.8,16.0,28.0,14.0,30.0,-4.43,0.21,-4.23,100.0,105.7,-5.7,76.9,0.325,0.269,0.53,0.483,16.4,23.5,0.3883495145631068,0.505,14.3,77.6,0.225,,WAS,16.0,28.0,0.364,18.0,rookie,1,0,0,0,1.0,1.0,26.931818181818183,1,1,19.776951672862456,2.379182156133829,12.639405204460967,0.8,1.1895910780669146,1.1028192371475953,0.029126213592233007,0.7272727272727273,0.06818181818181818,0.10126582278481013,0.018000000000000016,0.007000000000000006,-0.8949866139096142,3.0,0.0,0.0,13.3,0.0,0.0,4.552900395890146,-1.91220846674652
Ariel Atkins,223000,,34,34,28.5,13.1,4.8,10.7,44.4%,3.5,7.2,48.4%,1.3,3.5,36.1%,2.4,2.7,86.0%,0.7,2.7,3.4,3.6,2.5,1.6,0.7,3.0,CHI,G,34,970,34,28.5,4.8,10.7,0.444,1.3,3.5,0.361,3.5,7.2,0.484,2.4,2.7,0.86,0.7,3.4,3.6,1.6,0.7,2.5,3.0,13.1,16.0,0.551,0.503,0.326,0.255,2.8,6.9,23.5,2.8,2.3,17.1,22.7,103.0,110.0,1.1,0.5,1.6,0.065,162,365,0.444,43,119,0.361,119,246,0.484,80,93,0.86,23,114,122,53,24,84,102,447,12.0,27.7,10.0,34.0,7.0,37.0,-10.05,0.92,-9.13,98.8,111.9,-13.1,76.7,0.259,0.306,0.516,0.476,17.4,29.1,0.25233644859813087,0.521,12.6,74.7,0.215,,CHI,10.0,34.0,0.227,24.0,unknown,0,0,0,1,0.7727272727272727,1.0,22.045454545454547,1,1,18.3859649122807,5.052631578947368,4.771929824561403,2.3,3.228070175438596,1.1019515477792732,0.3271028037383178,1.44,0.047058823529411764,0.06597938144329897,0.03500000000000003,0.027000000000000024,-1.8591173596021162,0.0,0.0,0.0,0.0,0.0,0.0,2.529500347105069,0.5282330740444312
Brionna Jones,214466,UFA,44,44,26.6,12.8,5.1,9.7,52.7%,4.8,8.7,55.9%,0.3,1.0,26.1%,2.3,3.0,77.3%,3.1,4.2,7.3,2.2,1.5,1.1,0.8,2.5,ATL,F,44,1169,44,26.6,5.1,9.7,0.527,0.3,1.0,0.261,4.8,8.7,0.559,2.3,3.0,0.773,3.1,7.3,2.2,1.1,0.8,1.5,2.5,12.8,22.6,0.581,0.541,0.108,0.309,14.0,16.1,14.6,2.2,2.6,11.7,21.6,119.0,99.0,4.2,2.6,6.8,0.234,225,427,0.527,12,46,0.261,213,381,0.559,102,132,0.773,136,319,95,48,36,64,109,564,2.0,27.8,30.0,14.0,35.0,9.0,7.59,-1.1,6.49,110.5,100.5,10.0,76.2,0.275,0.418,0.555,0.514,12.9,26.7,0.30927835051546393,0.478,13.4,79.8,0.181,,ATL,30.0,14.0,0.682,4.0,veteran,0,0,1,0,1.0,1.0,26.568181818181817,1,1,19.24812030075188,3.3082706766917296,10.977443609022556,1.9000000000000001,2.857142857142857,1.161524500907441,0.10309278350515465,1.4666666666666668,0.15454545454545454,0.23267750213857996,0.025999999999999912,0.027000000000000024,1.2293152868634125,0.0,6.8,0.0,0.0,12.8,0.0,4.819204164181456,-1.3183619440813872
Azura Stevens,195000,UFA,44,44,28.4,12.8,4.6,9.7,47.8%,3.0,5.3,55.8%,1.7,4.4,38.1%,1.8,2.3,79.0%,1.7,6.3,8.0,2.1,1.5,1.2,1.1,2.2,LAS,F-C,44,1249,44,28.4,4.6,9.7,0.478,1.7,4.4,0.381,3.0,5.3,0.558,1.8,2.3,0.79,1.7,8.0,2.1,1.2,1.1,1.5,2.2,12.8,20.2,0.596,0.564,0.454,0.234,7.2,16.9,12.6,2.2,3.5,12.0,19.2,115.0,106.0,3.2,1.5,4.7,0.151,204,427,0.478,74,194,0.381,130,233,0.558,79,100,0.79,74,352,94,54,47,64,98,561,9.0,28.3,21.0,23.0,18.0,26.0,-2.57,0.38,-2.19,107.5,110.7,-3.2,79.0,0.304,0.382,0.563,0.521,15.7,24.1,0.23711340206185566,0.524,13.8,73.6,0.189,,LAS,21.0,23.0,0.477,13.0,veteran,0,0,1,0,1.0,1.0,28.386363636363637,1,1,18.028169014084508,2.95774647887324,11.267605633802818,2.3,3.23943661971831,1.194921583271098,0.45360824742268047,1.4000000000000001,0.10681818181818183,0.15052041633306645,0.03300000000000003,0.04299999999999993,-0.4043709924578387,0.0,4.7,0.0,0.0,12.8,0.0,4.288575578276893,-1.2873862486910894
Maddy Siegrist,83371,Rookie,26,15,27.0,12.7,5.1,10.3,49.1%,4.1,7.2,56.4%,1.0,3.1,32.1%,1.5,2.2,69.0%,2.0,2.3,4.3,0.8,0.5,0.7,0.6,1.9,DAL,F,26,702,15,27.0,5.1,10.3,0.491,1.0,3.1,0.321,4.1,7.2,0.564,1.5,2.2,0.69,2.0,4.3,0.8,0.7,0.6,0.5,1.9,12.7,17.4,0.56,0.539,0.301,0.216,8.2,9.1,5.3,1.4,2.0,4.5,19.1,117.0,114.0,1.8,0.0,1.8,0.105,132,269,0.491,26,81,0.321,106,188,0.564,40,58,0.69,52,111,21,19,15,14,50,330,11.0,25.4,10.0,34.0,11.0,33.0,-6.3,0.92,-5.38,103.3,111.2,-7.9,78.8,0.257,0.302,0.514,0.469,13.9,27.6,0.21359223300970875,0.531,14.2,75.7,0.255,,DAL,10.0,34.0,0.227,24.0,rookie,1,0,0,0,0.5909090909090909,0.5769230769230769,15.954545454545455,1,1,18.814814814814813,1.1851851851851851,6.370370370370369,1.2999999999999998,1.9259259259259256,1.1270855520056797,0.30097087378640774,1.6,0.06923076923076923,0.10256410256410256,0.04600000000000004,0.07000000000000006,-1.3615149941003584,1.8,0.0,0.0,12.7,0.0,0.0,0.6991304149382581,-1.5126605601829946
Shakira Austin,91981,Rookie,38,30,23.0,12.7,5.0,10.8,46.5%,5.0,10.4,47.7%,0.1,0.4,13.3%,2.6,3.8,66.4%,1.5,4.9,6.4,1.8,2.4,1.1,1.1,2.1,WAS,C,38,874,30,23.0,5.0,10.8,0.465,0.1,0.4,0.133,5.0,10.4,0.477,2.6,3.8,0.664,1.5,6.4,1.8,1.1,1.1,2.4,2.1,12.7,18.4,0.506,0.467,0.036,0.355,8.0,17.0,16.3,2.4,4.7,16.2,29.9,93.0,100.0,-0.8,1.8,1.1,0.049,191,411,0.465,2,15,0.133,189,396,0.477,97,146,0.664,57,242,68,41,43,92,81,481,10.0,24.8,16.0,28.0,14.0,30.0,-4.43,0.21,-4.23,100.0,105.7,-5.7,76.9,0.325,0.269,0.53,0.483,16.4,23.5,0.3518518518518518,0.505,14.3,77.6,0.225,,WAS,16.0,28.0,0.364,18.0,rookie,1,0,0,0,0.8636363636363636,0.7894736842105263,19.863636363636363,1,1,22.08695652173913,3.130434782608696,11.130434782608695,2.2,3.8260869565217392,1.0182809493264913,0.037037037037037035,0.75,0.028947368421052635,0.050343249427917625,-0.02400000000000002,-0.01599999999999996,-0.8949866139096142,1.1,0.0,0.0,12.7,0.0,0.0,2.951825981162383,-1.154005106481179
Veronica Burton,103831,UFA,44,44,29.4,11.9,3.4,8.8,38.7%,2.0,4.7,42.3%,1.4,4.0,34.5%,3.8,4.3,87.8%,1.1,3.2,4.4,6.0,2.1,1.1,0.6,2.3,GSV,G,44,1292,44,29.4,3.4,8.8,0.387,1.4,4.0,0.345,2.0,4.7,0.423,3.8,4.3,0.878,1.1,4.4,6.0,1.1,0.6,2.1,2.3,11.9,19.3,0.561,0.466,0.46,0.491,4.6,8.7,37.6,2.1,2.2,16.7,20.3,117.0,102.0,4.2,2.2,6.4,0.198,149,385,0.387,61,177,0.345,88,208,0.423,166,189,0.878,50,192,265,50,27,94,103,525,8.0,27.0,23.0,21.0,25.0,19.0,1.39,0.08,1.47,103.9,102.1,1.8,74.6,0.282,0.458,0.531,0.482,14.9,26.0,0.4886363636363636,0.472,13.9,76.0,0.215,Chase Center,GSV,23.0,21.0,0.523,11.0,veteran,0,0,1,0,1.0,1.0,29.363636363636363,1,1,16.19047619047619,8.16326530612245,5.98639455782313,1.7000000000000002,2.3129251700680276,1.112981668537224,0.45454545454545453,2.857142857142857,0.14545454545454548,0.19814241486068113,0.030000000000000027,-0.01599999999999996,0.17357702568400166,0.0,6.4,0.0,0.0,11.9,0.0,5.491475075556992,2.1873806496700072
Tiffany Hayes,200000,UFA,26,24,26.9,11.7,3.8,9.1,41.8%,2.2,5.2,42.6%,1.6,3.9,40.6%,2.5,3.1,80.0%,0.7,3.2,3.8,3.0,1.9,0.5,0.2,2.2,GSV,G,26,700,24,26.9,3.8,9.1,0.418,1.6,3.9,0.406,2.2,5.2,0.426,2.5,3.1,0.8,0.7,3.8,3.0,0.5,0.2,1.9,2.2,11.7,14.1,0.557,0.504,0.426,0.338,3.1,8.4,21.2,1.1,0.6,15.3,21.4,107.0,105.0,1.1,0.9,1.9,0.111,99,237,0.418,41,101,0.406,58,136,0.426,64,80,0.8,18,100,77,14,4,49,58,303,8.0,27.0,23.0,21.0,25.0,19.0,1.39,0.08,1.47,103.9,102.1,1.8,74.6,0.282,0.458,0.531,0.482,14.9,26.0,0.34065934065934067,0.472,13.9,76.0,0.215,Chase Center,GSV,23.0,21.0,0.523,11.0,veteran,0,0,1,0,0.5909090909090909,0.9230769230769231,15.909090909090908,1,1,17.397769516728626,4.4609665427509295,5.650557620817844,0.7,1.0408921933085502,1.1181192660550459,0.4285714285714286,1.5789473684210527,0.07307692307692307,0.10857142857142857,0.026000000000000023,0.02200000000000002,0.17357702568400166,0.0,1.9,0.0,0.0,11.7,0.0,1.0621649801741408,0.21904251572499112
Gabby Williams,225000,Core,44,44,31.6,11.6,4.5,10.7,42.2%,3.4,6.9,48.5%,1.1,3.7,30.5%,1.5,1.7,85.3%,0.5,3.8,4.3,4.2,1.9,2.3,0.5,1.5,SEA,F,44,1391,44,31.6,4.5,10.7,0.422,1.1,3.7,0.305,3.4,6.9,0.485,1.5,1.7,0.853,0.5,4.3,4.2,2.3,0.5,1.9,1.5,11.6,15.6,0.508,0.475,0.35,0.16,2.0,8.2,21.1,3.6,1.4,14.3,19.3,100.0,100.0,0.5,2.8,3.4,0.097,198,469,0.422,50,164,0.305,148,305,0.485,64,75,0.853,24,189,185,99,21,84,64,510,7.0,30.2,23.0,21.0,26.0,18.0,2.05,-0.02,2.02,104.5,101.9,2.6,78.2,0.231,0.319,0.539,0.505,13.2,19.9,0.15887850467289721,0.497,16.8,74.2,0.219,,SEA,23.0,21.0,0.523,11.0,veteran,0,0,1,0,1.0,1.0,31.613636363636363,1,1,14.683544303797467,5.3164556962025316,5.443037974683543,2.8,3.544303797468354,1.013277428371768,0.3457943925233645,2.210526315789474,0.07727272727272727,0.09777138749101366,-0.031000000000000028,-0.030000000000000027,0.24831765944039572,0.0,3.4,0.0,0.0,11.6,0.0,4.001394384303888,0.9476275150094962
Natasha Howard,214466,UFA,44,44,24.1,11.4,4.5,8.2,55.2%,4.4,7.5,59.0%,0.1,0.8,18.2%,2.1,3.0,71.2%,2.0,4.6,6.6,1.5,1.9,1.2,0.6,2.7,IND,F,44,1060,44,24.1,4.5,8.2,0.552,0.1,0.8,0.182,4.4,7.5,0.59,2.1,3.0,0.712,2.0,6.6,1.5,1.2,0.6,1.9,2.7,11.4,19.3,0.595,0.561,0.091,0.365,9.7,16.6,10.5,2.5,2.1,16.8,21.4,109.0,100.0,2.1,2.1,4.2,0.157,200,362,0.552,6,33,0.182,194,329,0.59,94,132,0.712,86,290,66,52,25,85,119,500,4.0,28.1,24.0,20.0,28.0,16.0,3.36,-0.83,2.53,108.4,104.1,4.3,78.0,0.261,0.349,0.554,0.517,14.3,26.2,0.3658536585365854,0.503,16.0,75.7,0.233,,IND,24.0,20.0,0.545,10.0,veteran,0,0,1,0,1.0,1.0,24.09090909090909,1,1,18.92116182572614,2.4896265560165975,10.954356846473027,1.7999999999999998,2.9875518672199166,1.1974789915966388,0.09756097560975611,0.7894736842105263,0.09545454545454546,0.15849056603773587,0.040999999999999925,0.04400000000000004,0.4085994662347417,0.0,4.2,0.0,0.0,11.4,0.0,3.5454777596612983,-1.5325625869711532
Janelle Salaun,66079,UDFA,36,33,27.0,11.3,4.1,10.1,40.6%,2.3,5.3,44.2%,1.8,4.8,36.6%,1.4,1.7,80.6%,0.9,4.2,5.1,1.2,1.5,0.6,0.1,1.9,GSV,F,36,973,33,27.0,4.1,10.1,0.406,1.8,4.8,0.366,2.3,5.3,0.442,1.4,1.7,0.806,0.9,5.1,1.2,0.6,0.1,1.5,1.9,11.3,12.0,0.523,0.493,0.475,0.171,3.9,11.0,8.7,1.2,0.3,12.0,21.2,99.0,104.0,0.3,1.4,1.8,0.073,147,362,0.406,63,172,0.366,84,190,0.442,50,62,0.806,32,183,43,22,3,53,70,407,8.0,27.0,23.0,21.0,25.0,19.0,1.39,0.08,1.47,103.9,102.1,1.8,74.6,0.282,0.458,0.531,0.482,14.9,26.0,0.16831683168316833,0.472,13.9,76.0,0.215,Chase Center,GSV,23.0,21.0,0.523,11.0,controlled,0,0,0,0,0.8181818181818182,0.9166666666666666,22.113636363636363,1,1,16.74074074074074,1.7777777777777777,7.5555555555555545,0.7,1.037037037037037,1.0416666666666667,0.4752475247524752,0.7999999999999999,0.05,0.07399794450154162,-0.008000000000000007,0.01100000000000001,0.17357702568400166,0.0,0.0,0.0,0.0,0.0,0.0,1.7136668473055179,-1.2815484393779202
Jordin Canada,190000,UFA,28,26,28.0,11.2,3.9,9.8,39.6%,3.0,6.7,44.4%,0.9,3.1,29.1%,2.6,3.4,76.0%,0.3,3.0,3.3,5.7,2.2,1.7,0.3,1.6,ATL,G,28,783,26,28.0,3.9,9.8,0.396,0.9,3.1,0.291,3.0,6.7,0.444,2.6,3.4,0.76,0.3,3.3,5.7,1.7,0.3,2.2,1.6,11.2,16.5,0.498,0.441,0.315,0.352,1.2,6.9,33.2,3.2,1.0,16.4,22.1,104.0,99.0,0.9,1.7,2.6,0.135,108,273,0.396,25,86,0.291,83,187,0.444,73,96,0.76,8,91,159,48,9,62,46,314,2.0,27.8,30.0,14.0,35.0,9.0,7.59,-1.1,6.49,110.5,100.5,10.0,76.2,0.275,0.418,0.555,0.514,12.9,26.7,0.346938775510204,0.478,13.4,79.8,0.181,,ATL,30.0,14.0,0.682,4.0,veteran,0,0,1,0,0.6363636363636364,0.9285714285714286,17.795454545454547,1,1,16.0,8.142857142857144,4.714285714285714,2.0,2.857142857142857,0.9915014164305948,0.31632653061224486,2.590909090909091,0.09285714285714286,0.13282247765006386,-0.05700000000000005,-0.07300000000000001,1.2293152868634125,0.0,2.6,0.0,0.0,11.2,0.0,2.0630835637660354,2.2151551423416076
Chelsea Gray,196267,UFA,44,44,31.1,11.2,3.8,8.8,43.8%,2.4,4.9,49.3%,1.4,3.9,36.8%,2.1,2.4,88.5%,0.6,3.4,3.9,5.4,2.8,1.4,0.6,2.0,LVA,G,44,1368,44,31.1,3.8,8.8,0.439,1.4,3.9,0.368,2.4,4.9,0.495,2.1,2.4,0.885,0.6,3.9,5.4,1.4,0.6,2.8,2.0,11.2,15.4,0.572,0.521,0.444,0.27,2.1,7.4,28.3,2.3,1.8,22.5,18.5,106.0,105.0,1.7,1.8,3.5,0.104,169,385,0.439,63,171,0.368,106,214,0.495,92,104,0.885,25,173,239,62,28,125,89,493,5.0,28.1,30.0,14.0,27.0,17.0,2.91,-0.32,2.59,108.1,104.4,3.7,77.3,0.273,0.383,0.552,0.506,13.6,23.5,0.2727272727272727,0.489,14.1,74.5,0.199,,LVA,30.0,14.0,0.682,4.0,veteran,0,0,1,0,1.0,1.0,31.09090909090909,1,1,14.405144694533762,6.945337620578779,5.016077170418006,2.0,2.572347266881029,1.136363636363636,0.4431818181818181,1.9285714285714288,0.07954545454545454,0.1023391812865497,0.019999999999999907,0.015000000000000013,0.6697824024560418,0.0,3.5,0.0,0.0,11.2,0.0,4.194184731542702,1.9903420691239917
Jewell Loyd,249032,Core,44,25,28.3,11.2,3.8,9.7,38.9%,1.5,3.8,40.0%,2.3,6.0,38.2%,1.3,1.6,83.1%,1.1,2.1,3.2,1.8,1.2,1.2,0.3,1.9,LVA,G,44,1245,25,28.3,3.8,9.7,0.389,2.3,6.0,0.382,1.5,3.8,0.4,1.3,1.6,0.831,1.1,3.2,1.8,1.2,0.3,1.2,1.9,11.2,13.4,0.536,0.506,0.614,0.166,4.6,6.7,10.7,2.2,0.8,10.4,18.7,106.0,107.0,1.6,1.2,2.8,0.091,166,427,0.389,100,262,0.382,66,165,0.4,59,71,0.831,49,142,81,52,11,53,85,491,5.0,28.1,30.0,14.0,27.0,17.0,2.91,-0.32,2.59,108.1,104.4,3.7,77.3,0.273,0.383,0.552,0.506,13.6,23.5,0.16494845360824745,0.489,14.1,74.5,0.199,,LVA,30.0,14.0,0.682,4.0,veteran,0,0,1,0,1.0,0.5681818181818182,28.295454545454547,1,1,15.830388692579504,2.544169611307421,4.522968197879859,1.5,2.1201413427561837,1.0765090349865436,0.6185567010309279,1.5,0.06363636363636363,0.08995983935742971,-0.016000000000000014,0.0,0.6697824024560418,0.0,2.8,0.0,0.0,11.2,0.0,2.6181207349392905,-0.6958590732683392
Amy Okonkwo,7774,UFA,8,1,19.6,11.0,3.8,7.6,49.2%,2.5,3.9,64.5%,1.3,3.8,33.3%,2.3,2.5,90.0%,0.9,2.3,3.1,0.8,0.9,1.4,0.1,1.4,DAL,F,8,157,1,19.6,3.8,7.6,0.492,1.3,3.8,0.333,2.5,3.9,0.645,2.3,2.5,0.9,0.9,3.1,0.8,1.4,0.1,0.9,1.4,11.0,21.9,0.63,0.574,0.492,0.328,4.9,9.1,6.8,3.6,0.6,9.1,21.3,121.0,109.0,0.5,0.1,0.7,0.167,30,61,0.492,10,30,0.333,20,31,0.645,18,20,0.9,7,25,6,11,1,7,11,88,11.0,25.4,10.0,34.0,11.0,33.0,-6.3,0.92,-5.38,103.3,111.2,-7.9,78.8,0.257,0.302,0.514,0.469,13.9,27.6,0.32894736842105265,0.531,14.2,75.7,0.255,,DAL,10.0,34.0,0.227,24.0,veteran,0,0,1,0,0.18181818181818182,0.125,3.5681818181818183,0,1,22.448979591836736,1.6326530612244898,6.326530612244898,1.5,3.0612244897959187,1.264367816091954,0.5,0.888888888888889,0.0875,0.17834394904458598,0.11599999999999999,0.10499999999999998,-1.3615149941003584,0.0,0.7,0.0,0.0,11.0,0.0,-1.6171086400720298,-1.0855298197850396
Amy Okonkwo,2915,UFA,8,1,19.6,11.0,3.8,7.6,49.2%,2.5,3.9,64.5%,1.3,3.8,33.3%,2.3,2.5,90.0%,0.9,2.3,3.1,0.8,0.9,1.4,0.1,1.4,DAL,F,8,157,1,19.6,3.8,7.6,0.492,1.3,3.8,0.333,2.5,3.9,0.645,2.3,2.5,0.9,0.9,3.1,0.8,1.4,0.1,0.9,1.4,11.0,21.9,0.63,0.574,0.492,0.328,4.9,9.1,6.8,3.6,0.6,9.1,21.3,121.0,109.0,0.5,0.1,0.7,0.167,30,61,0.492,10,30,0.333,20,31,0.645,18,20,0.9,7,25,6,11,1,7,11,88,11.0,25.4,10.0,34.0,11.0,33.0,-6.3,0.92,-5.38,103.3,111.2,-7.9,78.8,0.257,0.302,0.514,0.469,13.9,27.6,0.32894736842105265,0.531,14.2,75.7,0.255,,DAL,10.0,34.0,0.227,24.0,veteran,0,0,1,0,0.18181818181818182,0.125,3.5681818181818183,0,1,22.448979591836736,1.6326530612244898,6.326530612244898,1.5,3.0612244897959187,1.264367816091954,0.5,0.888888888888889,0.0875,0.17834394904458598,0.11599999999999999,0.10499999999999998,-1.3615149941003584,0.0,0.7,0.0,0.0,11.0,0.0,-1.6171086400720298,-1.0855298197850396
Courtney Vandersloot,185000,UFA,7,7,27.2,10.6,4.1,9.4,43.9%,3.4,6.1,55.8%,0.7,3.3,21.7%,1.6,1.9,84.6%,0.3,2.9,3.1,5.3,2.4,1.6,0.3,1.9,CHI,G,7,191,7,27.3,4.1,9.4,0.439,0.7,3.3,0.217,3.4,6.1,0.558,1.6,1.9,0.846,0.3,3.1,5.3,1.6,0.3,2.4,1.9,10.6,15.4,0.516,0.477,0.348,0.197,1.2,6.8,35.3,3.0,1.0,19.2,20.9,101.0,110.0,0.1,0.1,0.2,0.049,29,66,0.439,5,23,0.217,24,43,0.558,11,13,0.846,2,22,37,11,2,17,13,74,12.0,27.7,10.0,34.0,7.0,37.0,-10.05,0.92,-9.13,98.8,111.9,-13.1,76.7,0.259,0.306,0.516,0.476,17.4,29.1,0.20212765957446807,0.521,12.6,74.7,0.215,,CHI,10.0,34.0,0.227,24.0,veteran,0,0,1,0,0.1590909090909091,1.0,4.340909090909091,1,1,15.53113553113553,7.765567765567765,4.542124542124542,1.9000000000000001,2.7838827838827838,1.035560765924189,0.351063829787234,2.2083333333333335,0.028571428571428574,0.041884816753926704,0.0,0.0010000000000000009,-1.8591173596021162,0.0,0.2,0.0,0.0,10.6,0.0,-1.4116458147896305,1.8507678381164105
Cecilia Zandalasini,100000,SuspCE,19,10,23.7,10.5,3.5,7.9,44.7%,1.6,3.1,50.8%,1.9,4.8,40.7%,1.5,1.7,87.5%,0.3,2.7,2.9,1.7,1.3,0.9,0.2,1.7,GSV,F,19,450,10,23.7,3.5,7.9,0.447,1.9,4.8,0.407,1.6,3.1,0.508,1.5,1.7,0.875,0.3,2.9,1.7,0.9,0.2,1.3,1.7,10.5,15.6,0.606,0.57,0.607,0.213,1.3,7.3,13.9,2.1,0.9,13.2,19.6,111.0,103.0,0.8,0.7,1.6,0.139,67,150,0.447,37,91,0.407,30,59,0.508,28,32,0.875,5,56,32,18,4,25,33,199,8.0,27.0,23.0,21.0,25.0,19.0,1.39,0.08,1.47,103.9,102.1,1.8,74.6,0.282,0.458,0.531,0.482,14.9,26.0,0.2151898734177215,0.472,13.9,76.0,0.215,Chase Center,GSV,23.0,21.0,0.523,11.0,hardship,0,1,0,0,0.4318181818181818,0.5263157894736842,10.227272727272727,1,1,17.721518987341774,2.869198312236287,4.894514767932489,1.1,1.8565400843881859,1.2141535615171137,0.6075949367088607,1.3076923076923077,0.08421052631578947,0.14222222222222222,0.07499999999999996,0.08799999999999997,0.17357702568400166,0.0,0.0,1.6,0.0,0.0,10.5,-0.4607499751785113,-0.43766042812534584
Leila Lacan,72455,,25,15,26.6,10.4,4.2,8.7,47.7%,3.6,6.0,58.9%,0.6,2.7,22.4%,1.4,1.7,85.7%,0.7,1.7,2.4,3.7,1.9,2.2,0.2,3.3,CON,G,25,665,15,26.6,4.2,8.7,0.477,0.6,2.7,0.224,3.6,6.0,0.589,1.4,1.7,0.857,0.7,2.4,3.7,2.2,0.2,1.9,3.3,10.4,15.9,0.548,0.511,0.307,0.193,2.9,5.3,26.0,4.3,0.6,16.6,19.4,104.0,109.0,0.7,0.5,1.2,0.07,104,218,0.477,15,67,0.224,89,151,0.589,36,42,0.857,17,59,92,55,4,47,83,259,13.0,27.1,11.0,33.0,7.0,37.0,-10.11,0.87,-9.24,98.3,111.4,-13.1,76.9,0.272,0.304,0.505,0.458,14.9,24.4,0.19540229885057472,0.53,15.4,72.6,0.254,,CON,11.0,33.0,0.25,23.0,unknown,0,0,0,1,0.5681818181818182,0.6,15.113636363636363,1,1,15.639097744360901,5.56390977443609,3.6090225563909772,2.4000000000000004,3.6090225563909777,1.1007620660457242,0.31034482758620696,1.9473684210526319,0.048,0.07218045112781955,0.04300000000000004,0.05299999999999999,-1.8186115421419249,0.0,0.0,0.0,0.0,0.0,0.0,0.5646101270906206,1.0431909338989758
Erica Wheeler,78831,UFA,44,24,25.6,10.3,3.8,9.5,40.0%,2.1,4.9,42.6%,1.7,4.6,37.3%,1.0,1.1,86.0%,0.4,2.3,2.7,3.3,1.5,1.3,0.2,2.5,SEA,G,44,1126,24,25.6,3.8,9.5,0.4,1.7,4.6,0.373,2.1,4.9,0.426,1.0,1.1,0.86,0.4,2.7,3.3,1.3,0.2,1.5,2.5,10.3,13.2,0.515,0.49,0.486,0.119,1.8,6.4,20.5,2.5,0.7,13.3,20.7,99.0,104.0,0.4,1.7,2.1,0.074,168,420,0.4,76,204,0.373,92,216,0.426,43,50,0.86,17,119,144,56,9,68,112,455,7.0,30.2,23.0,21.0,26.0,18.0,2.05,-0.02,2.02,104.5,101.9,2.6,78.2,0.231,0.319,0.539,0.505,13.2,19.9,0.11578947368421054,0.497,16.8,74.2,0.219,,SEA,23.0,21.0,0.523,11.0,veteran,0,0,1,0,1.0,0.5454545454545454,25.59090909090909,1,1,16.09375,5.15625,4.21875,1.5,2.34375,1.0316506410256412,0.4842105263157894,2.1999999999999997,0.04772727272727273,0.07460035523978686,-0.02400000000000002,-0.015000000000000013,0.24831765944039572,0.0,2.1,0.0,0.0,10.3,0.0,2.6700977189433344,0.8667041696938166
Natasha Cloud,200000,UFA,41,41,29.0,10.1,3.7,8.5,43.3%,2.4,4.8,50.8%,1.3,3.8,33.8%,1.5,1.7,87.0%,0.3,3.3,3.7,5.1,1.9,1.2,0.3,2.9,NYL,G,41,1191,41,29.0,3.7,8.5,0.433,1.3,3.8,0.338,2.4,4.8,0.508,1.5,1.7,0.87,0.3,3.7,5.1,1.2,0.3,1.9,2.9,10.1,14.2,0.546,0.507,0.441,0.198,1.5,7.4,28.9,2.1,1.1,16.9,17.7,108.0,104.0,1.8,1.7,3.5,0.117,151,349,0.433,52,154,0.338,99,195,0.508,60,69,0.87,14,151,211,49,14,77,119,414,3.0,29.4,27.0,17.0,29.0,15.0,4.07,-0.28,3.79,108.3,103.1,5.2,77.9,0.286,0.41,0.574,0.526,14.9,20.8,0.19999999999999998,0.483,13.9,73.6,0.183,,NYL,27.0,17.0,0.614,7.0,veteran,0,0,1,0,0.9318181818181818,1.0,27.068181818181817,1,1,13.931034482758621,7.0344827586206895,5.103448275862069,1.5,2.0689655172413794,1.092128027681661,0.44705882352941173,2.6842105263157894,0.08536585365853659,0.11754827875734676,-0.027999999999999914,-0.019000000000000017,0.6796248973640951,0.0,3.5,0.0,0.0,10.1,0.0,3.286078649665225,2.020221764768179
Odyssey Sims,54622,UFA,24,21,28.0,10.1,3.7,9.0,41.4%,2.8,6.3,45.0%,0.9,2.7,32.8%,1.8,2.3,78.2%,0.4,2.0,2.4,3.8,1.4,0.7,0.0,2.0,TOT,G,24,671,21,28.0,3.7,9.0,0.414,0.9,2.7,0.328,2.8,6.3,0.45,1.8,2.3,0.782,0.4,2.4,3.8,0.7,0.0,1.4,2.0,10.1,11.8,0.506,0.463,0.298,0.256,1.8,5.1,21.1,1.3,0.1,12.1,18.2,106.0,112.0,0.8,0.2,1.0,0.06,89,215,0.414,21,64,0.328,68,151,0.45,43,55,0.782,10,57,90,17,1,33,48,242,,,,,,,,,,,,,,,,,,,,0.25555555555555554,,,,,,,,,,,veteran,0,0,1,0,0.5454545454545454,0.875,15.25,1,1,14.428571428571429,5.428571428571429,3.4285714285714284,0.7,1.0,1.0087894526568117,0.30000000000000004,2.7142857142857144,0.041666666666666664,0.05961251862891207,,,0.24831765944039572,0.0,1.0,0.0,0.0,10.1,0.0,0.4048652716578625,1.0581440922734924
Odyssey Sims,13911,UFA,24,21,28.0,10.1,3.7,9.0,41.4%,2.8,6.3,45.0%,0.9,2.7,32.8%,1.8,2.3,78.2%,0.4,2.0,2.4,3.8,1.4,0.7,0.0,2.0,TOT,G,24,671,21,28.0,3.7,9.0,0.414,0.9,2.7,0.328,2.8,6.3,0.45,1.8,2.3,0.782,0.4,2.4,3.8,0.7,0.0,1.4,2.0,10.1,11.8,0.506,0.463,0.298,0.256,1.8,5.1,21.1,1.3,0.1,12.1,18.2,106.0,112.0,0.8,0.2,1.0,0.06,89,215,0.414,21,64,0.328,68,151,0.45,43,55,0.782,10,57,90,17,1,33,48,242,,,,,,,,,,,,,,,,,,,,0.25555555555555554,,,,,,,,,,,veteran,0,0,1,0,0.5454545454545454,0.875,15.25,1,1,14.428571428571429,5.428571428571429,3.4285714285714284,0.7,1.0,1.0087894526568117,0.30000000000000004,2.7142857142857144,0.041666666666666664,0.05961251862891207,,,0.24831765944039572,0.0,1.0,0.0,0.0,10.1,0.0,0.4048652716578625,1.0581440922734924
Odyssey Sims,7949,UFA,24,21,28.0,10.1,3.7,9.0,41.4%,2.8,6.3,45.0%,0.9,2.7,32.8%,1.8,2.3,78.2%,0.4,2.0,2.4,3.8,1.4,0.7,0.0,2.0,TOT,G,24,671,21,28.0,3.7,9.0,0.414,0.9,2.7,0.328,2.8,6.3,0.45,1.8,2.3,0.782,0.4,2.4,3.8,0.7,0.0,1.4,2.0,10.1,11.8,0.506,0.463,0.298,0.256,1.8,5.1,21.1,1.3,0.1,12.1,18.2,106.0,112.0,0.8,0.2,1.0,0.06,89,215,0.414,21,64,0.328,68,151,0.45,43,55,0.782,10,57,90,17,1,33,48,242,,,,,,,,,,,,,,,,,,,,0.25555555555555554,,,,,,,,,,,veteran,0,0,1,0,0.5454545454545454,0.875,15.25,1,1,14.428571428571429,5.428571428571429,3.4285714285714284,0.7,1.0,1.0087894526568117,0.30000000000000004,2.7142857142857144,0.041666666666666664,0.05961251862891207,,,0.24831765944039572,0.0,1.0,0.0,0.0,10.1,0.0,0.4048652716578625,1.0581440922734924
DeWanna Bonner,72269,UFA,33,4,23.6,9.8,3.2,7.8,40.9%,2.0,4.2,47.4%,1.2,3.6,33.3%,2.3,2.6,87.2%,0.9,3.3,4.2,1.2,0.8,0.8,0.3,1.3,TOT,F-G,33,778,4,23.6,3.2,7.8,0.409,1.2,3.6,0.333,2.0,4.2,0.474,2.3,2.6,0.872,0.9,4.2,1.2,0.8,0.3,0.8,1.3,9.8,15.2,0.551,0.486,0.467,0.335,4.2,10.2,7.8,1.8,1.1,8.7,18.6,111.0,104.0,1.4,1.2,2.6,0.134,105,257,0.409,40,120,0.333,65,137,0.474,75,86,0.872,29,137,38,28,9,28,43,325,,,,,,,,,,,,,,,,,,,,0.33333333333333337,,,,,,,,,,,veteran,0,0,1,0,0.75,0.12121212121212122,17.681818181818183,0,1,16.610169491525426,2.0338983050847457,7.11864406779661,1.1,1.864406779661017,1.0957066189624332,0.46153846153846156,1.4999999999999998,0.0787878787878788,0.13367609254498714,,,0.24831765944039572,0.0,2.6,0.0,0.0,9.8,0.0,1.1431496396686187,-1.112365775936835
DeWanna Bonner,63721,UFA,33,4,23.6,9.8,3.2,7.8,40.9%,2.0,4.2,47.4%,1.2,3.6,33.3%,2.3,2.6,87.2%,0.9,3.3,4.2,1.2,0.8,0.8,0.3,1.3,TOT,F-G,33,778,4,23.6,3.2,7.8,0.409,1.2,3.6,0.333,2.0,4.2,0.474,2.3,2.6,0.872,0.9,4.2,1.2,0.8,0.3,0.8,1.3,9.8,15.2,0.551,0.486,0.467,0.335,4.2,10.2,7.8,1.8,1.1,8.7,18.6,111.0,104.0,1.4,1.2,2.6,0.134,105,257,0.409,40,120,0.333,65,137,0.474,75,86,0.872,29,137,38,28,9,28,43,325,,,,,,,,,,,,,,,,,,,,0.33333333333333337,,,,,,,,,,,veteran,0,0,1,0,0.75,0.12121212121212122,17.681818181818183,0,1,16.610169491525426,2.0338983050847457,7.11864406779661,1.1,1.864406779661017,1.0957066189624332,0.46153846153846156,1.4999999999999998,0.0787878787878788,0.13367609254498714,,,0.24831765944039572,0.0,2.6,0.0,0.0,9.8,0.0,1.1431496396686187,-1.112365775936835
Aari McDonald,52333,UFA,20,13,26.3,9.8,3.3,7.7,42.9%,2.1,3.8,55.3%,1.2,3.9,30.8%,2.0,2.6,78.4%,0.5,1.9,2.4,4.7,2.3,1.3,0.2,2.5,IND,G,20,525,13,26.3,3.3,7.7,0.429,1.2,3.9,0.308,2.1,3.8,0.553,2.0,2.6,0.784,0.5,2.4,4.7,1.3,0.2,2.3,2.5,9.8,14.0,0.555,0.506,0.506,0.331,2.0,5.4,27.3,2.4,0.5,20.7,19.0,106.0,106.0,0.7,0.6,1.4,0.104,66,154,0.429,24,78,0.308,42,76,0.553,40,51,0.784,9,47,94,25,3,46,50,196,4.0,28.1,24.0,20.0,28.0,16.0,3.36,-0.83,2.53,108.4,104.1,4.3,78.0,0.261,0.349,0.554,0.517,14.3,26.2,0.33766233766233766,0.503,16.0,75.7,0.233,,IND,24.0,20.0,0.545,10.0,veteran,0,0,1,0,0.45454545454545453,0.65,11.931818181818182,1,1,14.904942965779467,7.14828897338403,3.6501901140684407,1.5,2.2813688212927756,1.108095884215287,0.5064935064935064,2.0434782608695654,0.06999999999999999,0.10666666666666666,0.0010000000000000009,-0.01100000000000001,0.4085994662347417,0.0,1.4,0.0,0.0,9.8,0.0,0.15051414709410132,1.7750841954840266
Aari McDonald,6459,Hardship,20,13,26.3,9.8,3.3,7.7,42.9%,2.1,3.8,55.3%,1.2,3.9,30.8%,2.0,2.6,78.4%,0.5,1.9,2.4,4.7,2.3,1.3,0.2,2.5,IND,G,20,525,13,26.3,3.3,7.7,0.429,1.2,3.9,0.308,2.1,3.8,0.553,2.0,2.6,0.784,0.5,2.4,4.7,1.3,0.2,2.3,2.5,9.8,14.0,0.555,0.506,0.506,0.331,2.0,5.4,27.3,2.4,0.5,20.7,19.0,106.0,106.0,0.7,0.6,1.4,0.104,66,154,0.429,24,78,0.308,42,76,0.553,40,51,0.784,9,47,94,25,3,46,50,196,4.0,28.1,24.0,20.0,28.0,16.0,3.36,-0.83,2.53,108.4,104.1,4.3,78.0,0.261,0.349,0.554,0.517,14.3,26.2,0.33766233766233766,0.503,16.0,75.7,0.233,,IND,24.0,20.0,0.545,10.0,hardship,0,1,0,0,0.45454545454545453,0.65,11.931818181818182,1,1,14.904942965779467,7.14828897338403,3.6501901140684407,1.5,2.2813688212927756,1.108095884215287,0.5064935064935064,2.0434782608695654,0.06999999999999999,0.10666666666666666,0.0010000000000000009,-0.01100000000000001,0.4085994662347417,0.0,0.0,1.4,0.0,0.0,9.8,0.15051414709410132,1.7750841954840266
Brittney Griner,214466,UFA,39,25,20.8,9.8,4.0,7.7,51.8%,3.9,7.2,53.5%,0.1,0.5,26.3%,1.7,2.2,76.5%,0.9,4.3,5.2,0.8,1.5,0.1,1.2,1.9,ATL,C,39,810,25,20.8,4.0,7.7,0.518,0.1,0.5,0.263,3.9,7.2,0.535,1.7,2.2,0.765,0.9,5.2,0.8,0.1,1.2,1.5,1.9,9.8,16.1,0.564,0.527,0.063,0.282,5.4,14.8,7.3,0.3,5.0,14.8,22.6,102.0,100.0,0.7,1.7,2.4,0.117,156,301,0.518,5,19,0.263,151,282,0.535,65,85,0.765,36,203,33,5,47,59,75,382,2.0,27.8,30.0,14.0,35.0,9.0,7.59,-1.1,6.49,110.5,100.5,10.0,76.2,0.275,0.418,0.555,0.514,12.9,26.7,0.28571428571428575,0.478,13.4,79.8,0.181,,ATL,30.0,14.0,0.682,4.0,veteran,0,0,1,0,0.8863636363636364,0.6410256410256411,18.40909090909091,1,1,18.846153846153847,1.5384615384615383,10.0,1.3,2.5,1.1305952930318413,0.06493506493506493,0.5333333333333333,0.061538461538461535,0.11851851851851851,0.008999999999999897,0.013000000000000012,1.2293152868634125,0.0,2.4,0.0,0.0,9.8,0.0,1.745579995142795,-1.6582494971043698
DiJonai Carrington,200000,RFA,31,14,21.9,9.8,3.5,8.9,38.6%,2.7,6.6,41.0%,0.7,2.3,31.9%,2.1,2.6,80.5%,1.5,2.5,4.0,1.5,1.9,1.1,0.4,2.5,TOT,G-F,31,680,14,21.9,3.5,8.9,0.386,0.7,2.3,0.319,2.7,6.6,0.41,2.1,2.6,0.805,1.5,4.0,1.5,1.1,0.4,1.9,2.5,9.8,12.8,0.484,0.428,0.26,0.296,7.9,10.5,11.6,2.6,1.8,15.9,24.1,94.0,108.0,-0.3,0.6,0.3,0.016,107,277,0.386,23,72,0.319,84,205,0.41,66,82,0.805,48,124,48,34,13,59,78,303,,,,,,,,,,,,,,,,,,,,0.29213483146067415,,,,,,,,,,,veteran,0,0,1,0,0.7045454545454546,0.45161290322580644,15.454545454545455,0,1,17.899543378995435,2.7397260273972606,7.305936073059361,1.5,2.7397260273972606,0.9757068896853843,0.2584269662921348,0.7894736842105263,0.00967741935483871,0.01764705882352941,,,0.24831765944039572,0.0,0.3,0.0,0.0,9.8,0.0,0.7384140978714235,-0.6642954105872221
Alanna Smith,150000,UFA,42,42,26.5,9.6,3.8,7.9,48.5%,2.5,4.0,63.3%,1.3,3.8,32.9%,0.7,1.5,47.7%,1.5,3.5,5.1,2.9,1.5,1.3,1.9,2.8,MIN,F,42,1114,42,26.5,3.8,7.9,0.485,1.3,3.8,0.329,2.5,4.0,0.633,0.7,1.5,0.477,1.5,5.1,2.9,1.3,1.9,1.5,2.8,9.6,18.1,0.563,0.565,0.488,0.197,7.1,11.4,16.5,2.6,6.6,15.3,17.5,110.0,96.0,1.9,2.9,4.8,0.172,160,330,0.485,53,161,0.329,107,169,0.633,31,65,0.477,65,214,121,55,80,65,116,404,1.0,28.8,34.0,10.0,37.0,7.0,9.41,-0.69,8.72,112.3,100.0,12.3,76.4,0.236,0.372,0.572,0.542,13.9,26.0,0.18987341772151897,0.481,15.9,74.1,0.178,,MIN,34.0,10.0,0.773,,veteran,0,0,1,0,0.9545454545454546,1.0,25.318181818181817,1,1,14.49056603773585,4.377358490566038,7.69811320754717,3.2,4.830188679245284,1.1214953271028036,0.48101265822784806,1.9333333333333333,0.11428571428571428,0.17235188509874325,-0.009000000000000008,0.02299999999999991,1.6774743240099597,0.0,4.8,0.0,0.0,9.6,0.0,2.7876681504259184,0.1775907514294515
Iliana Rupert,32207,Rookie,21,11,23.2,9.3,3.2,7.3,43.8%,1.0,2.3,42.9%,2.2,5.0,44.2%,0.7,0.8,93.8%,1.0,2.9,3.9,1.6,1.0,0.6,0.6,2.3,GSV,C,21,486,11,23.1,3.2,7.3,0.438,2.2,5.0,0.442,1.0,2.3,0.429,0.7,0.8,0.938,1.0,3.9,1.6,0.6,0.6,1.0,2.3,9.3,15.9,0.609,0.588,0.68,0.105,5.2,9.7,13.0,1.4,2.6,11.1,17.3,117.0,103.0,1.2,0.8,1.9,0.159,67,153,0.438,46,104,0.442,21,49,0.429,15,16,0.938,21,81,33,13,12,20,48,195,8.0,27.0,23.0,21.0,25.0,19.0,1.39,0.08,1.47,103.9,102.1,1.8,74.6,0.282,0.458,0.531,0.482,14.9,26.0,0.10958904109589042,0.472,13.9,76.0,0.215,Chase Center,GSV,23.0,21.0,0.523,11.0,rookie,1,0,0,0,0.4772727272727273,0.5238095238095238,11.045454545454545,1,1,16.103896103896105,2.770562770562771,6.753246753246753,1.2,2.0779220779220777,1.2153685311029796,0.684931506849315,1.6,0.09047619047619047,0.15637860082304528,0.07799999999999996,0.10599999999999998,0.17357702568400166,1.9,0.0,0.0,9.3,0.0,0.0,-0.4615246612740663,-0.43704302256856115
Sami Whitcomb,125000,UFA,43,20,23.9,9.1,3.0,7.8,38.5%,1.0,2.3,44.3%,2.0,5.5,36.1%,1.1,1.3,85.2%,0.4,2.3,2.6,2.5,1.6,0.8,0.2,2.1,PHO,G,43,1027,20,23.9,3.0,7.8,0.385,2.0,5.5,0.361,1.0,2.3,0.443,1.1,1.3,0.852,0.4,2.6,2.5,0.8,0.2,1.6,2.1,9.1,11.4,0.544,0.513,0.71,0.161,1.8,6.3,17.0,1.6,0.6,15.7,18.6,102.0,106.0,0.7,1.2,1.9,0.074,129,335,0.385,86,238,0.361,43,97,0.443,46,54,0.852,16,113,108,33,7,67,90,390,6.0,29.7,27.0,17.0,27.0,17.0,2.68,-0.13,2.55,105.9,102.5,3.4,78.2,0.259,0.403,0.542,0.502,14.1,24.4,0.16666666666666669,0.486,15.5,75.5,0.225,,PHO,27.0,17.0,0.614,7.0,veteran,0,0,1,0,0.9772727272727273,0.46511627906976744,23.34090909090909,0,1,15.230125523012553,4.1841004184100425,4.351464435146444,1.0,1.6736401673640169,1.0869565217391304,0.7051282051282052,1.5625,0.044186046511627906,0.07400194741966894,0.0020000000000000018,0.01100000000000001,0.5112900678967056,0.0,1.9,0.0,0.0,9.1,0.0,1.7879176082307071,0.38097894379588026
Natisha Hiedeman,135000,UFA,44,0,18.9,9.1,3.4,7.0,49.3%,2.4,4.1,57.7%,1.0,2.8,37.1%,1.2,1.5,76.1%,0.3,1.6,1.9,2.8,1.2,0.7,0.2,1.6,MIN,G,44,833,0,18.9,3.4,7.0,0.492,1.0,2.8,0.371,2.4,4.2,0.574,1.2,1.5,0.761,0.3,1.9,2.8,0.7,0.2,1.2,1.6,9.1,17.9,0.593,0.567,0.404,0.218,1.6,5.9,23.8,2.0,1.0,13.8,21.5,114.0,103.0,2.2,1.3,3.5,0.169,151,307,0.492,46,124,0.371,105,183,0.574,51,67,0.761,11,82,123,32,9,54,71,399,1.0,28.8,34.0,10.0,37.0,7.0,9.41,-0.69,8.72,112.3,100.0,12.3,76.4,0.236,0.372,0.572,0.542,13.9,26.0,0.21428571428571427,0.481,15.9,74.1,0.178,,MIN,34.0,10.0,0.773,,veteran,0,0,1,0,1.0,0.0,18.931818181818183,0,1,19.259259259259263,5.9259259259259265,4.021164021164021,0.8999999999999999,1.9047619047619049,1.18798955613577,0.39999999999999997,2.3333333333333335,0.07954545454545454,0.1680672268907563,0.02100000000000002,0.02499999999999991,1.6774743240099597,0.0,3.5,0.0,0.0,9.1,0.0,2.26290633456669,0.9047629326765241
Rachel Banham,95000,UFA,44,33,24.6,9.0,2.9,7.7,38.2%,1.0,2.2,44.3%,2.0,5.5,35.7%,1.2,1.3,88.1%,0.1,1.5,1.7,2.7,1.6,0.6,0.3,1.9,CHI,G,44,1081,33,24.6,2.9,7.7,0.382,2.0,5.5,0.357,1.0,2.2,0.443,1.2,1.3,0.881,0.1,1.7,2.7,0.6,0.3,1.6,1.9,9.0,10.6,0.544,0.509,0.713,0.175,0.7,4.0,18.9,1.3,1.0,16.3,18.1,103.0,116.0,0.9,-0.3,0.5,0.02,129,338,0.382,86,241,0.357,43,97,0.443,52,59,0.881,6,74,119,26,11,71,84,396,12.0,27.7,10.0,34.0,7.0,37.0,-10.05,0.92,-9.13,98.8,111.9,-13.1,76.7,0.259,0.306,0.516,0.476,17.4,29.1,0.16883116883116883,0.521,12.6,74.7,0.215,,CHI,10.0,34.0,0.227,24.0,veteran,0,0,1,0,1.0,0.75,24.568181818181817,1,1,14.634146341463413,4.390243902439025,2.7642276422764227,0.8999999999999999,1.4634146341463412,1.0880077369439072,0.7142857142857143,1.6875,0.011363636363636364,0.018501387604070305,0.028000000000000025,0.03300000000000003,-1.8591173596021162,0.0,0.5,0.0,0.0,9.0,0.0,1.572338272379222,0.7244791714344296
Bria Hartley,78831,UFA,38,32,22.8,8.9,2.8,7.7,36.2%,1.4,3.8,35.6%,1.4,3.9,36.7%,1.9,2.4,77.2%,0.3,1.7,2.0,3.1,1.8,0.8,0.0,2.5,CON,G,38,867,32,22.8,2.8,7.7,0.362,1.4,3.9,0.367,1.4,3.8,0.356,1.9,2.4,0.772,0.3,2.0,3.1,0.8,0.0,1.8,2.5,8.9,10.5,0.505,0.454,0.502,0.314,1.5,5.2,23.8,1.7,0.0,17.1,21.1,97.0,115.0,0.0,-0.1,-0.2,-0.007,106,293,0.362,54,147,0.367,52,146,0.356,71,92,0.772,11,75,117,29,0,69,95,337,13.0,27.1,11.0,33.0,7.0,37.0,-10.11,0.87,-9.24,98.3,111.4,-13.1,76.9,0.272,0.304,0.505,0.458,14.9,24.4,0.3116883116883117,0.53,15.4,72.6,0.254,,CON,11.0,33.0,0.25,23.0,veteran,0,0,1,0,0.8636363636363636,0.8421052631578947,19.704545454545453,1,1,15.614035087719298,5.43859649122807,3.508771929824561,0.8,1.4035087719298245,1.016445865692097,0.5064935064935064,1.7222222222222223,-0.005263157894736842,-0.00922722029988466,0.0,-0.0040000000000000036,-1.8186115421419249,-0.0,-0.2,-0.0,0.0,8.9,0.0,1.2286741659810267,1.095819381932075
Saniya Rivers,75643,Rookie,42,25,26.1,8.8,3.4,8.3,40.7%,2.4,5.3,44.4%,1.0,3.0,34.1%,1.0,1.4,74.6%,0.7,2.1,2.8,2.7,1.5,1.5,0.9,1.7,CON,G,42,1097,25,26.1,3.4,8.3,0.407,1.0,3.0,0.341,2.4,5.3,0.444,1.0,1.4,0.746,0.7,2.8,2.7,1.5,0.9,1.5,1.7,8.8,13.6,0.495,0.468,0.361,0.169,3.0,6.4,18.4,2.9,3.4,14.2,18.1,98.0,110.0,0.1,0.6,0.7,0.026,142,349,0.407,43,126,0.341,99,223,0.444,44,59,0.746,29,118,113,62,38,62,70,371,13.0,27.1,11.0,33.0,7.0,37.0,-10.11,0.87,-9.24,98.3,111.4,-13.1,76.9,0.272,0.304,0.505,0.458,14.9,24.4,0.1686746987951807,0.53,15.4,72.6,0.254,,CON,11.0,33.0,0.25,23.0,rookie,1,0,0,0,0.9545454545454546,0.5952380952380952,24.931818181818183,1,1,13.486590038314176,4.137931034482758,4.2911877394636,2.4,3.6781609195402294,0.9869896814715119,0.36144578313253006,1.8,0.016666666666666666,0.025524156791248857,-0.010000000000000009,0.010000000000000009,-1.8186115421419249,0.7,0.0,0.0,8.8,0.0,0.0,1.6542574484692343,0.5308596899635084
Leonie Fiebich,68595,,37,37,28.1,8.7,2.9,6.0,48.9%,1.5,2.7,56.4%,1.4,3.2,42.5%,1.5,1.7,87.1%,0.6,2.9,3.5,1.7,1.2,0.9,0.4,2.4,NYL,F,37,1041,37,28.1,2.9,6.0,0.489,1.4,3.2,0.425,1.5,2.7,0.564,1.5,1.7,0.871,0.6,3.5,1.7,0.9,0.4,1.2,2.4,8.7,12.1,0.646,0.604,0.543,0.281,2.7,7.3,9.7,1.7,1.2,15.3,13.0,115.0,106.0,1.8,1.3,3.0,0.117,108,221,0.489,51,120,0.425,57,101,0.564,54,62,0.871,23,131,64,34,14,45,90,321,3.0,29.4,27.0,17.0,29.0,15.0,4.07,-0.28,3.79,108.3,103.1,5.2,77.9,0.286,0.41,0.574,0.526,14.9,20.8,0.2833333333333333,0.483,13.9,73.6,0.183,,NYL,27.0,17.0,0.614,7.0,unknown,0,0,0,1,0.8409090909090909,1.0,23.65909090909091,1,1,12.384341637010674,2.4199288256227756,4.982206405693949,1.3,1.8505338078291813,1.2892708950800236,0.5333333333333333,1.4166666666666667,0.08108108108108109,0.11527377521613832,0.07200000000000006,0.07799999999999996,0.6796248973640951,0.0,0.0,0.0,0.0,0.0,0.0,1.1672220844716281,-0.5140231356268067
Naz Hillmon,80823,Rookie,44,17,25.5,8.6,3.2,6.8,46.3%,2.0,3.1,63.7%,1.2,3.8,32.1%,1.1,1.3,83.1%,1.6,4.6,6.2,2.4,1.1,0.5,0.4,1.7,ATL,F,44,1122,17,25.5,3.2,6.8,0.463,1.2,3.8,0.321,2.0,3.1,0.637,1.1,1.3,0.831,1.6,6.2,2.4,0.5,0.4,1.1,1.7,8.6,15.8,0.583,0.552,0.55,0.197,7.4,14.3,15.0,1.0,1.4,13.3,15.4,118.0,102.0,2.7,2.0,4.8,0.17,139,300,0.463,53,165,0.321,86,135,0.637,49,59,0.831,69,271,105,21,19,50,74,380,2.0,27.8,30.0,14.0,35.0,9.0,7.59,-1.1,6.49,110.5,100.5,10.0,76.2,0.275,0.418,0.555,0.514,12.9,26.7,0.1911764705882353,0.478,13.4,79.8,0.181,,ATL,30.0,14.0,0.682,4.0,rookie,1,0,0,0,1.0,0.38636363636363635,25.5,0,1,13.490196078431373,3.764705882352941,9.725490196078432,0.9,1.411764705882353,1.166576234400434,0.5588235294117647,2.1818181818181817,0.10909090909090909,0.17112299465240643,0.027999999999999914,0.038000000000000034,1.2293152868634125,4.8,0.0,0.0,8.6,0.0,0.0,2.7482059079557875,-0.2649786978425771
Sophie Cunningham,100000,RFA,30,13,25.2,8.6,2.7,5.8,46.9%,1.0,1.9,54.4%,1.7,3.9,43.2%,1.4,1.6,87.5%,0.5,3.0,3.5,1.2,1.1,1.0,0.1,2.2,IND,G,30,756,13,25.2,2.7,5.8,0.469,1.7,3.9,0.432,1.0,1.9,0.544,1.4,1.6,0.875,0.5,3.5,1.2,1.0,0.1,1.1,2.2,8.6,12.8,0.655,0.614,0.674,0.274,2.4,8.4,7.1,2.0,0.4,14.8,13.6,118.0,105.0,1.5,1.0,2.5,0.13,82,175,0.469,51,118,0.432,31,57,0.544,42,48,0.875,15,105,36,29,3,34,65,257,4.0,28.1,24.0,20.0,28.0,16.0,3.36,-0.83,2.53,108.4,104.1,4.3,78.0,0.261,0.349,0.554,0.517,14.3,26.2,0.27586206896551724,0.503,16.0,75.7,0.233,,IND,24.0,20.0,0.545,10.0,veteran,0,0,1,0,0.6818181818181818,0.43333333333333335,17.181818181818183,0,1,13.650793650793652,1.9047619047619049,5.555555555555556,1.1,1.7460317460317463,1.3222632226322264,0.6724137931034483,1.0909090909090908,0.08333333333333333,0.13227513227513227,0.10099999999999998,0.09699999999999998,0.4085994662347417,0.0,2.5,0.0,0.0,8.6,0.0,0.2130082815546232,-0.8077952522080619
Elizabeth Williams,100000,UFA,43,15,21.1,8.5,3.7,7.6,48.0%,3.7,7.6,48.0%,0.0,0.0,--,1.2,1.9,61.7%,1.8,3.3,5.2,1.8,1.3,0.7,0.9,1.4,CHI,C-F,43,906,15,21.1,3.7,7.6,0.48,0.0,0.0,,3.7,7.6,0.48,1.2,1.9,0.617,1.8,5.2,1.8,0.7,0.9,1.3,1.4,8.5,17.2,0.502,0.48,0.0,0.248,10.4,14.5,16.3,1.8,4.0,13.4,20.8,102.0,109.0,0.7,0.6,1.3,0.059,157,327,0.48,0,0,,157,327,0.48,50,81,0.617,79,223,78,31,39,56,62,364,12.0,27.7,10.0,34.0,7.0,37.0,-10.05,0.92,-9.13,98.8,111.9,-13.1,76.7,0.259,0.306,0.516,0.476,17.4,29.1,0.25,0.521,12.6,74.7,0.215,,CHI,10.0,34.0,0.227,24.0,veteran,0,0,1,0,0.9772727272727273,0.3488372093023256,20.59090909090909,0,1,16.11374407582938,3.4123222748815163,9.857819905213269,1.6,3.0331753554502368,1.0075865339023233,0.0,1.3846153846153846,0.030232558139534883,0.05739514348785872,-0.014000000000000012,0.0040000000000000036,-1.8591173596021162,0.0,1.3,0.0,0.0,8.5,0.0,1.885886904199155,-0.44786289204597685
Olivia Nelson-Ododa,80823,Rookie,37,21,21.6,8.2,3.1,5.8,52.6%,3.0,5.8,52.6%,0.0,0.1,50.0%,2.1,3.0,70.3%,1.6,3.4,5.0,0.9,1.1,0.7,1.2,2.4,CON,C,37,800,21,21.6,3.1,5.8,0.526,0.0,0.1,0.5,3.0,5.8,0.526,2.1,3.0,0.703,1.6,5.0,0.9,0.7,1.2,1.1,2.4,8.2,17.2,0.578,0.528,0.009,0.516,8.6,13.7,7.8,1.8,5.2,13.2,17.3,111.0,109.0,1.5,0.6,2.1,0.104,113,215,0.526,1,2,0.5,112,213,0.526,78,111,0.703,60,184,34,27,43,40,89,305,13.0,27.1,11.0,33.0,7.0,37.0,-10.11,0.87,-9.24,98.3,111.4,-13.1,76.9,0.272,0.304,0.505,0.458,14.9,24.4,0.5172413793103449,0.53,15.4,72.6,0.254,,CON,11.0,33.0,0.25,23.0,rookie,1,0,0,0,0.8409090909090909,0.5675675675675675,18.181818181818183,1,1,15.185185185185182,1.6666666666666665,9.259259259259258,1.9,3.518518518518518,1.1516853932584268,0.017241379310344827,0.8181818181818181,0.05675675675675676,0.10500000000000001,0.07299999999999995,0.07,-1.8186115421419249,2.1,0.0,0.0,8.2,0.0,0.0,1.0647720185543184,-1.301273790572045
Kennedy Burke,78831,UFA,36,9,21.6,8.1,2.8,6.1,46.8%,1.6,3.0,52.3%,1.3,3.1,41.4%,1.1,1.5,75.9%,0.6,1.8,2.4,1.3,0.9,0.8,0.4,1.3,NYL,G-F,36,779,9,21.6,2.8,6.1,0.468,1.3,3.1,0.414,1.6,3.0,0.523,1.1,1.5,0.759,0.6,2.4,1.3,0.8,0.4,0.9,1.3,8.1,13.9,0.602,0.573,0.509,0.248,3.3,6.3,9.5,1.8,1.9,12.3,16.4,110.0,106.0,1.2,0.9,2.1,0.109,102,218,0.468,46,111,0.414,56,107,0.523,41,54,0.759,21,85,45,28,16,34,47,291,3.0,29.4,27.0,17.0,29.0,15.0,4.07,-0.28,3.79,108.3,103.1,5.2,77.9,0.286,0.41,0.574,0.526,14.9,20.8,0.24590163934426232,0.483,13.9,73.6,0.183,,NYL,27.0,17.0,0.614,7.0,veteran,0,0,1,0,0.8181818181818182,0.25,17.704545454545453,0,1,14.999999999999998,2.407407407407407,4.444444444444444,1.2000000000000002,2.2222222222222223,1.198224852071006,0.5081967213114754,1.4444444444444444,0.058333333333333334,0.10783055198973043,0.028000000000000025,0.04699999999999993,0.6796248973640951,0.0,2.1,0.0,0.0,8.1,0.0,0.4731543666756834,-0.5859063624875548
Ezi Magbegor,186000,Reserved,44,44,27.3,8.0,3.2,6.5,49.3%,2.9,5.4,53.4%,0.3,1.1,29.2%,1.3,1.9,68.7%,1.9,4.3,6.2,2.1,1.0,0.7,2.2,2.9,SEA,F-C,44,1203,44,27.3,3.2,6.5,0.493,0.3,1.1,0.292,2.9,5.4,0.534,1.3,1.9,0.687,1.9,6.2,2.1,0.7,2.2,1.0,2.9,8.0,16.1,0.547,0.517,0.168,0.29,8.2,13.6,11.6,1.3,7.2,11.8,13.9,113.0,100.0,2.1,2.4,4.5,0.151,141,286,0.493,14,48,0.292,127,238,0.534,57,83,0.687,85,272,92,30,96,43,126,353,7.0,30.2,23.0,21.0,26.0,18.0,2.05,-0.02,2.02,104.5,101.9,2.6,78.2,0.231,0.319,0.539,0.505,13.2,19.9,0.29230769230769227,0.497,16.8,74.2,0.219,,SEA,23.0,21.0,0.523,11.0,controlled,0,0,0,0,1.0,1.0,27.34090909090909,1,1,11.72161172161172,3.0769230769230766,9.084249084249084,2.9000000000000004,4.249084249084249,1.0905125408942202,0.16923076923076924,2.1,0.10227272727272728,0.14962593516209477,0.008000000000000007,0.01200000000000001,0.24831765944039572,0.0,0.0,0.0,0.0,0.0,0.0,2.568244965846152,-0.523792202766129
Cheyenne Parker-Tyus,78831,UFA,2,0,7.0,8.0,2.5,4.0,62.5%,2.0,3.0,66.7%,0.5,1.0,50.0%,2.5,3.0,83.3%,0.0,1.0,1.0,0.0,0.5,0.0,0.0,1.0,LVA,F,2,14,0,7.0,2.5,4.0,0.625,0.5,1.0,0.5,2.0,3.0,0.667,2.5,3.0,0.833,0.0,1.0,0.0,0.0,0.0,0.5,1.0,8.0,37.3,0.752,0.688,0.25,0.75,0.0,8.3,0.0,0.0,0.0,8.6,37.9,133.0,110.0,0.1,0.0,0.1,0.364,5,8,0.625,1,2,0.5,4,6,0.667,5,6,0.833,0,2,0,0,0,1,2,16,5.0,28.1,30.0,14.0,27.0,17.0,2.91,-0.32,2.59,108.1,104.4,3.7,77.3,0.273,0.383,0.552,0.506,13.6,23.5,0.75,0.489,14.1,74.5,0.199,,LVA,30.0,14.0,0.682,4.0,veteran,0,0,1,0,0.045454545454545456,0.0,0.3181818181818182,0,0,45.714285714285715,0.0,5.714285714285714,0.0,0.0,1.5037593984962405,0.25,0.0,0.05,0.28571428571428575,0.19999999999999996,0.18199999999999994,0.6697824024560418,0.0,0.1,0.0,0.0,8.0,0.0,-1.5573924069207168,-2.6627935376390477
Jessica Shepard,78831,SuspCE,40,12,20.9,8.0,3.3,5.2,63.8%,3.3,5.2,64.1%,0.0,0.0,0.0%,1.4,2.6,54.4%,2.3,5.0,7.3,2.6,1.5,0.5,0.1,1.1,MIN,F,40,835,12,20.9,3.3,5.2,0.638,0.0,0.0,0.0,3.3,5.2,0.641,1.4,2.6,0.544,2.3,7.3,2.6,0.5,0.1,1.5,1.1,8.0,21.1,0.634,0.638,0.005,0.498,13.4,20.9,19.4,1.2,0.4,18.7,17.1,122.0,99.0,2.9,1.8,4.6,0.223,132,207,0.638,0,1,0.0,132,206,0.641,56,103,0.544,92,293,104,19,4,58,44,320,1.0,28.8,34.0,10.0,37.0,7.0,9.41,-0.69,8.72,112.3,100.0,12.3,76.4,0.236,0.372,0.572,0.542,13.9,26.0,0.5,0.481,15.9,74.1,0.178,,MIN,34.0,10.0,0.773,,hardship,0,1,0,0,0.9090909090909091,0.3,18.977272727272727,0,1,15.311004784688997,4.9760765550239245,13.971291866028709,0.6,1.1483253588516746,1.2610340479192939,0.0,1.7333333333333334,0.11499999999999999,0.22035928143712574,0.062000000000000055,0.09599999999999997,1.6774743240099597,0.0,0.0,4.6,0.0,0.0,8.0,2.433255844986873,0.07241098657303616
Dominique Malonga,78831,Rookie,42,0,14.3,7.7,3.5,6.3,55.1%,3.4,5.8,57.6%,0.1,0.4,22.2%,0.7,1.2,56.9%,1.3,3.4,4.6,0.9,1.1,0.4,0.7,2.1,SEA,C,42,600,0,14.3,3.5,6.3,0.551,0.1,0.4,0.222,3.4,5.8,0.576,0.7,1.2,0.569,1.3,4.6,0.9,0.4,0.7,1.1,2.1,7.7,20.0,0.566,0.559,0.068,0.194,10.5,19.5,11.3,1.5,4.2,14.4,25.5,102.0,99.0,0.6,1.3,1.9,0.126,145,263,0.551,4,18,0.222,141,245,0.576,29,51,0.569,54,195,36,17,28,48,87,323,7.0,30.2,23.0,21.0,26.0,18.0,2.05,-0.02,2.02,104.5,101.9,2.6,78.2,0.231,0.319,0.539,0.505,13.2,19.9,0.19047619047619047,0.497,16.8,74.2,0.219,,SEA,23.0,21.0,0.523,11.0,rookie,1,0,0,0,0.9545454545454546,0.0,13.636363636363637,0,0,21.538461538461537,2.5174825174825175,12.867132867132865,1.1,3.076923076923077,1.1277094317516112,0.0634920634920635,0.8181818181818181,0.04523809523809524,0.12666666666666665,0.026999999999999913,0.05400000000000005,0.24831765944039572,1.9,0.0,0.0,7.7,0.0,0.0,1.163354817850381,-1.2345477892140415
Monique Akoa Makani,66079,UDFA,41,40,21.5,7.7,2.8,6.5,43.0%,1.6,3.5,45.8%,1.2,3.0,39.8%,0.9,1.0,92.7%,0.6,1.6,2.2,2.7,1.3,0.8,0.1,2.5,PHO,G,41,881,40,21.5,2.8,6.5,0.43,1.2,3.0,0.398,1.6,3.5,0.458,0.9,1.0,0.927,0.6,2.2,2.7,0.8,0.1,1.3,2.5,7.7,12.2,0.556,0.523,0.464,0.155,3.2,5.9,20.5,1.9,0.3,16.3,17.3,107.0,106.0,1.2,1.0,2.2,0.099,114,265,0.43,49,123,0.398,65,142,0.458,38,41,0.927,25,91,111,32,3,55,101,315,6.0,29.7,27.0,17.0,27.0,17.0,2.68,-0.13,2.55,105.9,102.5,3.4,78.2,0.259,0.403,0.542,0.502,14.1,24.4,0.15384615384615385,0.486,15.5,75.5,0.225,,PHO,27.0,17.0,0.614,7.0,controlled,0,0,0,0,0.9318181818181818,0.975609756097561,20.022727272727273,1,1,14.325581395348838,5.023255813953488,4.093023255813954,0.9,1.6744186046511629,1.1095100864553313,0.46153846153846156,2.076923076923077,0.05365853658536586,0.09988649262202043,0.014000000000000012,0.02100000000000002,0.5112900678967056,0.0,0.0,0.0,0.0,0.0,0.0,1.2779248912470946,0.8703161633024491
Aneesah Morrow,75643,Rookie,41,23,18.9,7.7,2.7,7.3,37.5%,2.3,5.5,42.0%,0.4,1.8,24.0%,1.8,2.3,75.8%,2.0,4.8,6.9,0.5,1.1,0.8,0.4,2.0,CON,F,41,775,23,18.9,2.7,7.3,0.375,0.4,1.8,0.24,2.3,5.5,0.42,1.8,2.3,0.758,2.0,6.9,0.5,0.8,0.4,1.1,2.0,7.7,15.0,0.461,0.405,0.251,0.318,12.4,21.7,5.0,2.1,2.3,11.7,22.6,95.0,106.0,-0.2,0.9,0.7,0.034,112,299,0.375,18,75,0.24,94,224,0.42,72,95,0.758,84,282,21,32,18,45,81,314,13.0,27.1,11.0,33.0,7.0,37.0,-10.11,0.87,-9.24,98.3,111.4,-13.1,76.9,0.272,0.304,0.505,0.458,14.9,24.4,0.3150684931506849,0.53,15.4,72.6,0.254,,CON,11.0,33.0,0.25,23.0,rookie,1,0,0,0,0.9318181818181818,0.5609756097560976,17.613636363636363,1,1,16.296296296296298,1.0582010582010584,14.603174603174606,1.2000000000000002,2.5396825396825404,0.926371511068335,0.24657534246575344,0.45454545454545453,0.017073170731707315,0.03612903225806451,-0.043999999999999984,-0.05299999999999999,-1.8186115421419249,0.7,0.0,0.0,7.7,0.0,0.0,1.222986160030983,-1.8560751016628914
NaLyssa Smith,91981,Rookie,45,41,21.2,7.6,3.0,5.9,50.4%,2.8,5.3,52.7%,0.2,0.6,29.6%,1.5,2.4,61.1%,1.6,3.5,5.1,0.7,1.1,0.6,0.6,2.9,TOT,F,45,956,41,21.2,3.0,5.9,0.502,0.2,0.6,0.296,2.8,5.3,0.525,1.5,2.4,0.611,1.6,5.1,0.7,0.6,0.6,1.1,2.9,7.6,13.1,0.544,0.517,0.101,0.404,8.8,14.0,5.7,1.3,2.8,14.0,17.1,105.0,107.0,0.9,1.0,1.9,0.081,134,267,0.502,8,27,0.296,126,240,0.525,66,108,0.611,74,231,33,25,29,51,131,342,,,,,,,,,,,,,,,,,,,,0.4067796610169491,,,,,,,,,,,rookie,1,0,0,0,1.0227272727272727,0.9111111111111111,21.727272727272727,1,1,14.339622641509434,1.320754716981132,9.622641509433961,1.2,2.2641509433962264,1.0925819436457733,0.10169491525423728,0.6363636363636362,0.042222222222222223,0.0794979079497908,,,0.24831765944039572,1.9,0.0,0.0,7.6,0.0,0.0,1.4370525737934308,-1.5162173224639686
Myisha Hines-Allen,203000,UFA,40,20,22.1,7.6,2.8,6.3,44.8%,2.4,4.8,50.5%,0.4,1.5,26.7%,1.6,2.1,74.7%,1.5,4.6,6.0,2.9,2.2,0.8,0.5,2.5,DAL,F,40,882,20,22.1,2.8,6.2,0.45,0.4,1.5,0.267,2.4,4.7,0.508,1.6,2.1,0.747,1.5,6.0,2.9,0.8,0.5,2.2,2.5,7.6,13.8,0.529,0.482,0.241,0.333,7.2,15.6,21.0,1.8,1.9,23.4,18.4,98.0,109.0,0.1,0.6,0.8,0.034,112,249,0.45,16,60,0.267,96,189,0.508,62,83,0.747,58,240,116,32,18,87,101,302,11.0,25.4,10.0,34.0,11.0,33.0,-6.3,0.92,-5.38,103.3,111.2,-7.9,78.8,0.257,0.302,0.514,0.469,13.9,27.6,0.33870967741935487,0.531,14.2,75.7,0.255,,DAL,10.0,34.0,0.227,24.0,veteran,0,0,1,0,0.9090909090909091,0.5,20.045454545454547,1,1,13.755656108597282,5.248868778280542,10.859728506787329,1.3,2.352941176470588,1.0668163952835483,0.24193548387096772,1.3181818181818181,0.02,0.036281179138321996,0.015000000000000013,0.013000000000000012,-1.3615149941003584,0.0,0.8,0.0,0.0,7.6,0.0,1.681192811337593,0.6778914788136974
Rae Burrell,137500,UFA,28,1,18.4,7.5,2.8,6.4,43.3%,2.0,4.0,49.5%,0.8,2.4,32.8%,1.3,1.7,74.5%,0.6,1.7,2.3,1.2,0.9,0.6,0.2,1.3,LAS,G-F,28,515,1,18.4,2.8,6.4,0.433,0.8,2.4,0.328,2.0,4.0,0.495,1.3,1.7,0.745,0.6,2.3,1.2,0.6,0.2,0.9,1.3,7.5,13.0,0.531,0.494,0.376,0.264,4.3,7.6,10.8,1.6,1.1,11.2,19.4,104.0,113.0,0.5,0.0,0.6,0.045,77,178,0.433,22,67,0.328,55,111,0.495,35,47,0.745,18,65,34,16,6,25,36,211,9.0,28.3,21.0,23.0,18.0,26.0,-2.57,0.38,-2.19,107.5,110.7,-3.2,79.0,0.304,0.382,0.563,0.521,15.7,24.1,0.265625,0.524,13.8,73.6,0.189,,LAS,21.0,23.0,0.477,13.0,veteran,0,0,1,0,0.6363636363636364,0.03571428571428571,11.704545454545455,0,1,16.30434782608696,2.6086956521739135,5.0,0.8,1.739130434782609,1.0492445439283715,0.37499999999999994,1.3333333333333333,0.02142857142857143,0.04660194174757281,-0.03199999999999992,-0.027000000000000024,-0.4043709924578387,0.0,0.6,0.0,0.0,7.5,0.0,-0.4339349348980003,-0.4587752493573636
Aziaha James,72455,Rookie,38,8,17.7,7.5,2.8,7.5,37.3%,1.9,4.5,43.0%,0.8,2.9,28.6%,1.1,1.4,74.5%,0.9,2.0,2.9,1.6,1.0,0.6,0.2,1.2,DAL,G,38,673,8,17.7,2.8,7.5,0.373,0.8,2.9,0.286,1.9,4.5,0.43,1.1,1.4,0.745,0.9,2.9,1.6,0.6,0.2,1.0,1.2,7.5,12.5,0.462,0.43,0.394,0.194,5.9,9.5,14.7,1.8,1.0,11.0,22.4,97.0,113.0,0.0,0.1,0.1,0.003,106,284,0.373,32,112,0.286,74,172,0.43,41,55,0.745,36,111,59,24,7,38,46,285,11.0,25.4,10.0,34.0,11.0,33.0,-6.3,0.92,-5.38,103.3,111.2,-7.9,78.8,0.257,0.302,0.514,0.469,13.9,27.6,0.18666666666666665,0.531,14.2,75.7,0.255,,DAL,10.0,34.0,0.227,24.0,rookie,1,0,0,0,0.8636363636363636,0.21052631578947367,15.295454545454545,0,1,16.949152542372882,3.6158192090395485,6.553672316384181,0.8,1.8079096045197742,0.9241005421389847,0.38666666666666666,1.6,0.002631578947368421,0.005943536404160476,-0.05199999999999999,-0.03899999999999998,-1.3615149941003584,0.1,0.0,0.0,7.5,0.0,0.0,0.5333552866338114,-0.10228117161603631
Jacy Sheldon,74909,Rookie,30,17,23.6,7.5,2.8,5.9,46.6%,1.6,2.9,54.0%,1.2,3.0,39.6%,0.7,0.8,88.0%,0.7,1.2,1.9,1.9,1.0,0.9,0.2,2.4,TOT,G,30,708,17,23.6,2.8,5.9,0.466,1.2,3.0,0.396,1.6,2.9,0.54,0.7,0.8,0.88,0.7,1.9,1.9,0.9,0.2,1.0,2.4,7.5,12.0,0.593,0.567,0.511,0.14,3.6,4.8,13.8,2.0,0.8,14.1,14.1,112.0,114.0,1.1,-0.1,1.0,0.058,83,178,0.466,36,91,0.396,47,87,0.54,22,25,0.88,22,57,56,27,6,31,72,224,,,,,,,,,,,,,,,,,,,,0.13559322033898305,,,,,,,,,,,rookie,1,0,0,0,0.6818181818181818,0.5666666666666667,16.09090909090909,1,1,12.711864406779661,3.2203389830508473,3.2203389830508473,1.1,1.864406779661017,1.1996161228406907,0.5084745762711864,1.9,0.03333333333333333,0.05649717514124294,,,0.24831765944039572,1.0,0.0,0.0,7.5,0.0,0.0,-0.27130498774364215,0.13036519690701637
Aerial Powers,0,UFA,10,0,16.7,7.4,2.7,6.5,41.5%,2.0,4.6,43.5%,0.7,1.9,36.8%,1.3,1.9,68.4%,1.0,2.9,3.9,2.0,1.1,0.8,0.1,1.9,TOT,G,10,167,0,16.7,2.7,6.5,0.415,0.7,1.9,0.368,2.0,4.6,0.435,1.3,1.9,0.684,1.0,3.9,2.0,0.8,0.1,1.1,1.9,7.4,16.2,0.504,0.469,0.292,0.292,7.1,14.1,19.5,2.5,0.5,13.0,22.7,104.0,102.0,0.2,0.3,0.5,0.117,27,65,0.415,7,19,0.368,20,46,0.435,13,19,0.684,10,39,20,8,1,11,19,74,,,,,,,,,,,,,,,,,,,,0.29230769230769227,,,,,,,,,,,veteran,0,0,1,0,0.22727272727272727,0.0,3.7954545454545454,0,1,17.724550898203596,4.790419161676647,9.341317365269461,0.9,2.155688622754491,1.0087241003271539,0.29230769230769227,1.8181818181818181,0.05,0.11976047904191617,,,0.24831765944039572,0.0,0.5,0.0,0.0,7.4,0.0,-1.5433631474530416,0.4326827798131465
Aerial Powers,11924,UFA,10,0,16.7,7.4,2.7,6.5,41.5%,2.0,4.6,43.5%,0.7,1.9,36.8%,1.3,1.9,68.4%,1.0,2.9,3.9,2.0,1.1,0.8,0.1,1.9,TOT,G,10,167,0,16.7,2.7,6.5,0.415,0.7,1.9,0.368,2.0,4.6,0.435,1.3,1.9,0.684,1.0,3.9,2.0,0.8,0.1,1.1,1.9,7.4,16.2,0.504,0.469,0.292,0.292,7.1,14.1,19.5,2.5,0.5,13.0,22.7,104.0,102.0,0.2,0.3,0.5,0.117,27,65,0.415,7,19,0.368,20,46,0.435,13,19,0.684,10,39,20,8,1,11,19,74,,,,,,,,,,,,,,,,,,,,0.29230769230769227,,,,,,,,,,,veteran,0,0,1,0,0.22727272727272727,0.0,3.7954545454545454,0,1,17.724550898203596,4.790419161676647,9.341317365269461,0.9,2.155688622754491,1.0087241003271539,0.29230769230769227,1.8181818181818181,0.05,0.11976047904191617,,,0.24831765944039572,0.0,0.5,0.0,0.0,7.4,0.0,-1.5433631474530416,0.4326827798131465
Aerial Powers,9274,Hardship,10,0,16.7,7.4,2.7,6.5,41.5%,2.0,4.6,43.5%,0.7,1.9,36.8%,1.3,1.9,68.4%,1.0,2.9,3.9,2.0,1.1,0.8,0.1,1.9,TOT,G,10,167,0,16.7,2.7,6.5,0.415,0.7,1.9,0.368,2.0,4.6,0.435,1.3,1.9,0.684,1.0,3.9,2.0,0.8,0.1,1.1,1.9,7.4,16.2,0.504,0.469,0.292,0.292,7.1,14.1,19.5,2.5,0.5,13.0,22.7,104.0,102.0,0.2,0.3,0.5,0.117,27,65,0.415,7,19,0.368,20,46,0.435,13,19,0.684,10,39,20,8,1,11,19,74,,,,,,,,,,,,,,,,,,,,0.29230769230769227,,,,,,,,,,,hardship,0,1,0,0,0.22727272727272727,0.0,3.7954545454545454,0,1,17.724550898203596,4.790419161676647,9.341317365269461,0.9,2.155688622754491,1.0087241003271539,0.29230769230769227,1.8181818181818181,0.05,0.11976047904191617,,,0.24831765944039572,0.0,0.0,0.5,0.0,0.0,7.4,-1.5433631474530416,0.4326827798131465
Aerial Powers,3975,Hardship,10,0,16.7,7.4,2.7,6.5,41.5%,2.0,4.6,43.5%,0.7,1.9,36.8%,1.3,1.9,68.4%,1.0,2.9,3.9,2.0,1.1,0.8,0.1,1.9,TOT,G,10,167,0,16.7,2.7,6.5,0.415,0.7,1.9,0.368,2.0,4.6,0.435,1.3,1.9,0.684,1.0,3.9,2.0,0.8,0.1,1.1,1.9,7.4,16.2,0.504,0.469,0.292,0.292,7.1,14.1,19.5,2.5,0.5,13.0,22.7,104.0,102.0,0.2,0.3,0.5,0.117,27,65,0.415,7,19,0.368,20,46,0.435,13,19,0.684,10,39,20,8,1,11,19,74,,,,,,,,,,,,,,,,,,,,0.29230769230769227,,,,,,,,,,,hardship,0,1,0,0,0.22727272727272727,0.0,3.7954545454545454,0,1,17.724550898203596,4.790419161676647,9.341317365269461,0.9,2.155688622754491,1.0087241003271539,0.29230769230769227,1.8181818181818181,0.05,0.11976047904191617,,,0.24831765944039572,0.0,0.0,0.5,0.0,0.0,7.4,-1.5433631474530416,0.4326827798131465
Temi Fagbenle,90000,Reserved,39,38,23.7,7.4,3.2,6.4,50.2%,2.9,4.8,60.4%,0.3,1.6,19.4%,0.7,0.9,72.2%,1.8,3.1,4.9,1.6,1.5,0.9,0.6,3.1,GSV,C,39,925,38,23.7,3.2,6.4,0.502,0.3,1.6,0.194,2.9,4.8,0.604,0.7,0.9,0.722,1.8,4.9,1.6,0.9,0.6,1.5,3.1,7.4,12.9,0.544,0.526,0.249,0.145,9.0,12.0,12.5,2.0,2.6,18.0,16.3,103.0,101.0,0.7,1.7,2.4,0.103,125,249,0.502,12,62,0.194,113,187,0.604,26,36,0.722,70,190,61,35,23,58,119,288,8.0,27.0,23.0,21.0,25.0,19.0,1.39,0.08,1.47,103.9,102.1,1.8,74.6,0.282,0.458,0.531,0.482,14.9,26.0,0.140625,0.472,13.9,76.0,0.215,Chase Center,GSV,23.0,21.0,0.523,11.0,controlled,0,0,0,0,0.8863636363636364,0.9743589743589743,21.022727272727273,1,1,12.48945147679325,2.7004219409282704,8.270042194092827,1.5,2.5316455696202533,1.088875809299588,0.25,1.0666666666666667,0.061538461538461535,0.10378378378378378,0.013000000000000012,0.04400000000000004,0.17357702568400166,0.0,0.0,0.0,0.0,0.0,0.0,1.0589103205884867,-0.5069534971601198
Sug Sutton,93831,Reserved,43,43,26.1,7.4,2.8,6.6,42.2%,1.8,3.8,47.2%,1.0,2.8,35.3%,0.9,1.1,77.1%,0.2,1.6,1.8,3.9,1.9,0.8,0.1,1.3,WAS,G,43,1122,43,26.1,2.8,6.6,0.422,1.0,2.8,0.353,1.8,3.8,0.472,0.9,1.1,0.771,0.2,1.8,3.9,0.8,0.1,1.9,1.3,7.4,9.8,0.523,0.496,0.422,0.17,0.9,4.2,25.0,1.5,0.3,21.5,15.9,96.0,109.0,-0.1,0.7,0.7,0.023,119,282,0.422,42,119,0.353,77,163,0.472,37,48,0.771,8,77,166,33,3,83,58,317,10.0,24.8,16.0,28.0,14.0,30.0,-4.43,0.21,-4.23,100.0,105.7,-5.7,76.9,0.325,0.269,0.53,0.483,16.4,23.5,0.16666666666666669,0.505,14.3,77.6,0.225,,WAS,16.0,28.0,0.364,18.0,controlled,0,0,0,0,0.9772727272727273,1.0,25.5,1,1,11.340996168582375,5.9770114942528725,2.758620689655172,0.9,1.379310344827586,1.044607566346697,0.42424242424242425,2.0526315789473686,0.01627906976744186,0.0249554367201426,-0.007000000000000006,0.013000000000000012,-0.8949866139096142,0.0,0.0,0.0,0.0,0.0,0.0,1.4611770735170735,1.888490829307132
Monique Billings,110000,UFA,26,8,18.2,7.3,2.8,5.8,47.7%,2.4,4.4,53.9%,0.4,1.4,27.8%,1.4,2.0,67.9%,1.4,3.0,4.5,0.5,0.8,0.6,0.8,1.7,GSV,F,26,474,8,18.2,2.8,5.8,0.477,0.4,1.4,0.278,2.4,4.4,0.539,1.4,2.0,0.679,1.4,4.5,0.5,0.6,0.8,0.8,1.7,7.3,16.9,0.545,0.51,0.238,0.351,9.3,14.3,5.8,1.8,4.7,10.8,19.2,108.0,99.0,0.7,1.0,1.7,0.145,72,151,0.477,10,36,0.278,62,115,0.539,36,53,0.679,37,116,14,16,21,21,44,190,8.0,27.0,23.0,21.0,25.0,19.0,1.39,0.08,1.47,103.9,102.1,1.8,74.6,0.282,0.458,0.531,0.482,14.9,26.0,0.3448275862068966,0.472,13.9,76.0,0.215,Chase Center,GSV,23.0,21.0,0.523,11.0,veteran,0,0,1,0,0.5909090909090909,0.3076923076923077,10.772727272727273,0,1,16.043956043956044,1.098901098901099,9.89010989010989,1.4,3.076923076923077,1.0928143712574852,0.24137931034482757,0.625,0.06538461538461539,0.14345991561181434,0.014000000000000012,0.028000000000000025,0.17357702568400166,0.0,1.7,0.0,0.0,7.3,0.0,-0.44706486113928173,-1.334470400651676
Haley Jones,36094,UFA,28,16,21.2,7.3,3.0,6.7,45.2%,2.6,5.3,49.0%,0.4,1.4,30.8%,0.8,1.3,62.9%,0.6,2.9,3.5,2.3,1.7,0.8,0.8,2.3,TOT,F-G,28,594,16,21.2,3.0,6.7,0.452,0.4,1.4,0.308,2.6,5.3,0.49,0.8,1.3,0.629,0.6,3.5,2.3,0.8,0.8,1.7,2.3,7.3,11.4,0.501,0.484,0.207,0.186,3.3,9.5,17.7,1.8,3.5,19.1,18.4,93.0,110.0,-0.3,0.4,0.0,0.003,85,188,0.452,12,39,0.308,73,149,0.49,22,35,0.629,18,98,64,21,22,48,64,204,,,,,,,,,,,,,,,,,,,,0.19402985074626866,,,,,,,,,,,veteran,0,0,1,0,0.6363636363636364,0.5714285714285714,13.5,1,1,13.773584905660377,4.339622641509433,6.60377358490566,1.6,3.018867924528302,1.0038503850385039,0.208955223880597,1.352941176470588,0.0,0.0,,,0.24831765944039572,0.0,0.0,0.0,0.0,7.3,0.0,-0.22638642075220614,0.5083450162763727
Haley Jones,5553,Hardship,28,16,21.2,7.3,3.0,6.7,45.2%,2.6,5.3,49.0%,0.4,1.4,30.8%,0.8,1.3,62.9%,0.6,2.9,3.5,2.3,1.7,0.8,0.8,2.3,TOT,F-G,28,594,16,21.2,3.0,6.7,0.452,0.4,1.4,0.308,2.6,5.3,0.49,0.8,1.3,0.629,0.6,3.5,2.3,0.8,0.8,1.7,2.3,7.3,11.4,0.501,0.484,0.207,0.186,3.3,9.5,17.7,1.8,3.5,19.1,18.4,93.0,110.0,-0.3,0.4,0.0,0.003,85,188,0.452,12,39,0.308,73,149,0.49,22,35,0.629,18,98,64,21,22,48,64,204,,,,,,,,,,,,,,,,,,,,0.19402985074626866,,,,,,,,,,,hardship,0,1,0,0,0.6363636363636364,0.5714285714285714,13.5,1,1,13.773584905660377,4.339622641509433,6.60377358490566,1.6,3.018867924528302,1.0038503850385039,0.208955223880597,1.352941176470588,0.0,0.0,,,0.24831765944039572,0.0,0.0,0.0,0.0,0.0,7.3,-0.22638642075220614,0.5083450162763727
Haley Jones,4998,Hardship,28,16,21.2,7.3,3.0,6.7,45.2%,2.6,5.3,49.0%,0.4,1.4,30.8%,0.8,1.3,62.9%,0.6,2.9,3.5,2.3,1.7,0.8,0.8,2.3,TOT,F-G,28,594,16,21.2,3.0,6.7,0.452,0.4,1.4,0.308,2.6,5.3,0.49,0.8,1.3,0.629,0.6,3.5,2.3,0.8,0.8,1.7,2.3,7.3,11.4,0.501,0.484,0.207,0.186,3.3,9.5,17.7,1.8,3.5,19.1,18.4,93.0,110.0,-0.3,0.4,0.0,0.003,85,188,0.452,12,39,0.308,73,149,0.49,22,35,0.629,18,98,64,21,22,48,64,204,,,,,,,,,,,,,,,,,,,,0.19402985074626866,,,,,,,,,,,hardship,0,1,0,0,0.6363636363636364,0.5714285714285714,13.5,1,1,13.773584905660377,4.339622641509433,6.60377358490566,1.6,3.018867924528302,1.0038503850385039,0.208955223880597,1.352941176470588,0.0,0.0,,,0.24831765944039572,0.0,0.0,0.0,0.0,0.0,7.3,-0.22638642075220614,0.5083450162763727
Carla Leite,72455,,37,6,17.2,7.2,2.3,6.0,38.7%,2.0,4.0,49.7%,0.4,2.0,17.3%,2.2,2.7,83.8%,0.2,1.1,1.3,2.0,1.5,0.7,0.1,1.5,GSV,G,37,637,6,17.2,2.3,6.0,0.387,0.4,2.0,0.173,2.0,4.0,0.497,2.2,2.7,0.838,0.2,1.3,2.0,0.7,0.1,1.5,1.5,7.2,11.5,0.505,0.417,0.338,0.446,1.7,4.4,22.4,2.2,0.5,17.7,23.6,97.0,105.0,0.0,0.8,0.8,0.051,86,222,0.387,13,75,0.173,73,147,0.497,83,99,0.838,9,48,75,26,3,57,55,268,8.0,27.0,23.0,21.0,25.0,19.0,1.39,0.08,1.47,103.9,102.1,1.8,74.6,0.282,0.458,0.531,0.482,14.9,26.0,0.45,0.472,13.9,76.0,0.215,Chase Center,GSV,23.0,21.0,0.523,11.0,unknown,0,0,0,1,0.8409090909090909,0.16216216216216217,14.477272727272727,0,1,16.74418604651163,4.651162790697675,3.023255813953489,0.7999999999999999,1.8604651162790697,1.001669449081803,0.3333333333333333,1.3333333333333333,0.021621621621621623,0.05023547880690738,-0.026000000000000023,-0.065,0.17357702568400166,0.0,0.0,0.0,0.0,0.0,0.0,0.6138809781854702,0.4780852025489294
Lexie Hull,88261,Rookie,44,30,27.0,7.2,2.7,6.8,39.5%,1.4,3.4,42.3%,1.3,3.4,36.7%,0.6,0.8,72.2%,1.4,2.9,4.3,1.8,0.9,1.2,0.2,2.8,IND,G,44,1189,30,27.0,2.7,6.8,0.395,1.3,3.4,0.367,1.4,3.4,0.423,0.6,0.8,0.722,1.4,4.3,1.8,1.2,0.2,0.9,2.8,7.2,10.5,0.503,0.487,0.502,0.12,6.2,9.7,9.7,2.2,0.5,11.5,13.4,107.0,105.0,1.1,1.6,2.7,0.091,118,299,0.395,55,150,0.367,63,149,0.423,26,36,0.722,62,190,79,51,7,41,121,317,4.0,28.1,24.0,20.0,28.0,16.0,3.36,-0.83,2.53,108.4,104.1,4.3,78.0,0.261,0.349,0.554,0.517,14.3,26.2,0.11764705882352942,0.503,16.0,75.7,0.233,,IND,24.0,20.0,0.545,10.0,rookie,1,0,0,0,1.0,0.6818181818181818,27.022727272727273,1,1,10.666666666666666,2.6666666666666665,6.370370370370369,1.4,2.074074074074074,1.0067114093959733,0.5,2.0,0.06136363636363637,0.09083263246425569,-0.051000000000000045,-0.030000000000000027,0.4085994662347417,2.7,0.0,0.0,7.2,0.0,0.0,1.4640734366634611,-0.31613079331268323
Kia Nurse,145000,UFA,44,18,21.9,7.2,2.3,6.6,35.4%,1.0,2.5,38.5%,1.4,4.1,33.5%,1.1,1.4,79.0%,0.4,1.9,2.3,1.3,1.3,0.3,0.0,1.6,CHI,G,44,962,18,21.9,2.3,6.6,0.354,1.4,4.1,0.335,1.0,2.5,0.385,1.1,1.4,0.79,0.4,2.3,1.3,0.3,0.0,1.3,1.6,7.2,7.1,0.496,0.459,0.625,0.213,2.2,6.3,9.6,0.8,0.2,14.7,17.4,95.0,117.0,-0.2,-0.4,-0.6,-0.025,103,291,0.354,61,182,0.335,42,109,0.385,49,62,0.79,18,103,55,14,2,55,72,316,12.0,27.7,10.0,34.0,7.0,37.0,-10.05,0.92,-9.13,98.8,111.9,-13.1,76.7,0.259,0.306,0.516,0.476,17.4,29.1,0.21212121212121213,0.521,12.6,74.7,0.215,,CHI,10.0,34.0,0.227,24.0,veteran,0,0,1,0,1.0,0.4090909090909091,21.863636363636363,0,1,13.15068493150685,2.3744292237442925,4.200913242009133,0.3,0.547945205479452,0.9977827050997784,0.6212121212121212,1.0,-0.013636363636363636,-0.024948024948024946,-0.020000000000000018,-0.01699999999999996,-1.8591173596021162,-0.0,-0.6,-0.0,0.0,7.2,0.0,0.46643716182804856,-0.37308223343611857
Luisa Geiselsoder,66079,UFA,28,24,22.4,6.9,2.7,6.4,42.5%,1.6,3.0,52.9%,1.1,3.4,33.0%,0.3,0.4,81.8%,0.9,3.9,4.8,1.6,1.0,0.8,0.7,2.4,DAL,C,28,628,24,22.4,2.7,6.4,0.425,1.1,3.4,0.33,1.6,3.0,0.529,0.3,0.4,0.818,0.9,4.8,1.6,0.8,0.7,1.0,2.4,6.9,12.0,0.522,0.511,0.525,0.061,4.2,12.2,11.1,1.8,2.9,13.2,14.7,102.0,110.0,0.4,0.4,0.8,0.048,76,179,0.425,31,94,0.33,45,85,0.529,9,11,0.818,24,133,44,22,19,28,67,192,11.0,25.4,10.0,34.0,11.0,33.0,-6.3,0.92,-5.38,103.3,111.2,-7.9,78.8,0.257,0.302,0.514,0.469,13.9,27.6,0.0625,0.531,14.2,75.7,0.255,,DAL,10.0,34.0,0.227,24.0,veteran,0,0,1,0,0.6363636363636364,0.8571428571428571,14.272727272727273,1,1,12.321428571428573,2.8571428571428577,8.571428571428571,1.5,2.678571428571429,1.0492700729927007,0.53125,1.6,0.028571428571428574,0.050955414012738856,0.008000000000000007,0.04200000000000004,-1.3615149941003584,0.0,0.8,0.0,0.0,6.9,0.0,-0.39809025242244356,-0.210039721614426
Dana Evans,89000,RFA,44,1,17.7,6.6,2.4,6.2,39.1%,1.6,3.9,40.5%,0.8,2.3,36.6%,0.9,1.2,75.5%,0.2,0.9,1.1,2.2,0.8,0.4,0.1,1.3,LVA,G,44,777,1,17.7,2.4,6.3,0.389,0.8,2.3,0.366,1.6,4.0,0.402,0.9,1.2,0.755,0.2,1.1,2.2,0.4,0.1,0.8,1.3,6.6,10.8,0.488,0.456,0.367,0.193,1.2,3.5,20.5,1.1,0.6,11.0,19.7,101.0,110.0,0.4,0.4,0.8,0.043,107,275,0.389,37,101,0.366,70,174,0.402,40,53,0.755,8,47,96,17,5,37,57,291,5.0,28.1,30.0,14.0,27.0,17.0,2.91,-0.32,2.59,108.1,104.4,3.7,77.3,0.273,0.383,0.552,0.506,13.6,23.5,0.19047619047619047,0.489,14.1,74.5,0.199,,LVA,30.0,14.0,0.682,4.0,veteran,0,0,1,0,1.0,0.022727272727272728,17.65909090909091,0,1,14.915254237288135,4.971751412429379,2.4858757062146895,0.5,1.1299435028248588,0.9666080843585237,0.36507936507936506,2.75,0.018181818181818184,0.04118404118404119,-0.06400000000000006,-0.04999999999999999,0.6697824024560418,0.0,0.8,0.0,0.0,6.6,0.0,0.7144790829028139,0.9023965637447349
Bridget Carleton,125000,UFA,44,44,27.9,6.5,2.3,5.8,40.2%,0.9,1.9,45.9%,1.4,3.8,37.3%,0.4,0.6,72.0%,0.9,2.7,3.6,2.0,0.8,0.8,0.3,1.9,MIN,F,44,1227,44,27.9,2.3,5.8,0.402,1.4,3.8,0.373,0.9,1.9,0.459,0.4,0.6,0.72,0.9,3.6,2.0,0.8,0.3,0.8,1.9,6.5,10.0,0.538,0.526,0.665,0.098,3.9,7.7,10.1,1.6,0.9,11.1,11.2,112.0,104.0,1.6,1.8,3.4,0.11,102,254,0.402,63,169,0.373,39,85,0.459,18,25,0.72,39,158,89,37,12,33,83,285,1.0,28.8,34.0,10.0,37.0,7.0,9.41,-0.69,8.72,112.3,100.0,12.3,76.4,0.236,0.372,0.572,0.542,13.9,26.0,0.10344827586206896,0.481,15.9,74.1,0.178,,MIN,34.0,10.0,0.773,,veteran,0,0,1,0,1.0,1.0,27.886363636363637,1,1,9.31899641577061,2.867383512544803,5.161290322580645,1.1,1.5770609318996416,1.0718997361477574,0.6551724137931034,2.5,0.07727272727272727,0.110839445802771,-0.03399999999999992,-0.016000000000000014,1.6774743240099597,0.0,3.4,0.0,0.0,6.5,0.0,1.2291488868889122,-0.0016063283061517788
JJ Quinerly,66079,Rookie,34,13,15.9,6.5,2.4,5.5,42.6%,1.7,3.9,44.0%,0.6,1.6,38.9%,1.1,1.3,86.7%,0.5,1.3,1.9,2.3,1.5,0.9,0.2,2.1,DAL,G,34,539,13,15.9,2.4,5.5,0.426,0.6,1.6,0.389,1.7,3.9,0.44,1.1,1.3,0.867,0.5,1.9,2.3,0.9,0.2,1.5,2.1,6.5,13.2,0.529,0.481,0.287,0.239,3.7,6.7,24.0,2.7,1.2,20.0,20.9,99.0,111.0,0.2,0.2,0.4,0.027,80,188,0.426,21,54,0.389,59,134,0.44,39,45,0.867,18,63,78,29,7,52,70,220,11.0,25.4,10.0,34.0,11.0,33.0,-6.3,0.92,-5.38,103.3,111.2,-7.9,78.8,0.257,0.302,0.514,0.469,13.9,27.6,0.23636363636363636,0.531,14.2,75.7,0.255,,DAL,10.0,34.0,0.227,24.0,rookie,1,0,0,0,0.7727272727272727,0.38235294117647056,12.25,0,1,16.352201257861633,5.786163522012578,4.779874213836478,1.1,2.767295597484277,1.0704874835309617,0.29090909090909095,1.5333333333333332,0.011764705882352941,0.029684601113172546,0.015000000000000013,0.01200000000000001,-1.3615149941003584,0.4,0.0,0.0,6.5,0.0,0.0,0.09470639137847905,1.0596877475618645
Marine Johannes,66079,UFA,44,5,18.3,6.4,2.3,5.7,39.7%,0.8,1.4,55.6%,1.5,4.3,34.4%,0.4,0.4,84.2%,0.3,1.6,1.9,1.6,1.2,0.6,0.3,1.0,NYL,G,44,803,5,18.3,2.3,5.7,0.397,1.5,4.3,0.344,0.8,1.4,0.556,0.4,0.4,0.842,0.3,1.9,1.6,0.6,0.3,1.2,1.0,6.4,10.6,0.54,0.526,0.75,0.075,2.0,6.1,14.2,1.6,1.4,16.6,18.0,96.0,106.0,-0.1,0.9,0.8,0.04,100,252,0.397,65,189,0.344,35,63,0.556,16,19,0.842,13,84,70,25,12,52,46,281,3.0,29.4,27.0,17.0,29.0,15.0,4.07,-0.28,3.79,108.3,103.1,5.2,77.9,0.286,0.41,0.574,0.526,14.9,20.8,0.07017543859649122,0.483,13.9,73.6,0.183,,NYL,27.0,17.0,0.614,7.0,veteran,0,0,1,0,1.0,0.11363636363636363,18.25,0,1,13.989071038251366,3.4972677595628414,4.153005464480874,0.8999999999999999,1.9672131147540979,1.0891763104152485,0.7543859649122806,1.3333333333333335,0.018181818181818184,0.039850560398505604,-0.03399999999999992,0.0,0.6796248973640951,0.0,0.8,0.0,0.0,6.4,0.0,0.30163379946677954,0.18264252130329317
Kaila Charles,21198,UFA,35,12,17.6,6.4,2.3,5.4,42.0%,1.5,3.3,46.6%,0.7,2.1,34.7%,1.1,1.4,81.6%,1.3,2.9,4.3,1.0,1.1,0.8,0.2,2.0,TOT,G-F,35,616,12,17.6,2.3,5.4,0.42,0.7,2.1,0.347,1.5,3.3,0.466,1.1,1.4,0.816,1.3,4.3,1.0,0.8,0.2,1.1,2.0,6.4,13.8,0.532,0.487,0.383,0.261,8.5,14.0,9.9,2.4,1.1,15.3,18.2,103.0,104.0,0.5,0.9,1.4,0.091,79,188,0.42,25,72,0.347,54,116,0.466,40,49,0.816,46,149,35,28,7,38,69,223,,,,,,,,,,,,,,,,,,,,0.25925925925925924,,,,,,,,,,,veteran,0,0,1,0,0.7954545454545454,0.34285714285714286,14.0,0,1,14.545454545454545,2.2727272727272725,9.772727272727272,1.0,2.2727272727272725,1.0638297872340425,0.3888888888888889,0.9090909090909091,0.04,0.09090909090909091,,,0.24831765944039572,0.0,1.4,0.0,0.0,6.4,0.0,0.06428281087542173,-0.7613101948491151
Kaila Charles,13911,UFA,35,12,17.6,6.4,2.3,5.4,42.0%,1.5,3.3,46.6%,0.7,2.1,34.7%,1.1,1.4,81.6%,1.3,2.9,4.3,1.0,1.1,0.8,0.2,2.0,TOT,G-F,35,616,12,17.6,2.3,5.4,0.42,0.7,2.1,0.347,1.5,3.3,0.466,1.1,1.4,0.816,1.3,4.3,1.0,0.8,0.2,1.1,2.0,6.4,13.8,0.532,0.487,0.383,0.261,8.5,14.0,9.9,2.4,1.1,15.3,18.2,103.0,104.0,0.5,0.9,1.4,0.091,79,188,0.42,25,72,0.347,54,116,0.466,40,49,0.816,46,149,35,28,7,38,69,223,,,,,,,,,,,,,,,,,,,,0.25925925925925924,,,,,,,,,,,veteran,0,0,1,0,0.7954545454545454,0.34285714285714286,14.0,0,1,14.545454545454545,2.2727272727272725,9.772727272727272,1.0,2.2727272727272725,1.0638297872340425,0.3888888888888889,0.9090909090909091,0.04,0.09090909090909091,,,0.24831765944039572,0.0,1.4,0.0,0.0,6.4,0.0,0.06428281087542173,-0.7613101948491151
Kaila Charles,13911,UFA,35,12,17.6,6.4,2.3,5.4,42.0%,1.5,3.3,46.6%,0.7,2.1,34.7%,1.1,1.4,81.6%,1.3,2.9,4.3,1.0,1.1,0.8,0.2,2.0,TOT,G-F,35,616,12,17.6,2.3,5.4,0.42,0.7,2.1,0.347,1.5,3.3,0.466,1.1,1.4,0.816,1.3,4.3,1.0,0.8,0.2,1.1,2.0,6.4,13.8,0.532,0.487,0.383,0.261,8.5,14.0,9.9,2.4,1.1,15.3,18.2,103.0,104.0,0.5,0.9,1.4,0.091,79,188,0.42,25,72,0.347,54,116,0.466,40,49,0.816,46,149,35,28,7,38,69,223,,,,,,,,,,,,,,,,,,,,0.25925925925925924,,,,,,,,,,,veteran,0,0,1,0,0.7954545454545454,0.34285714285714286,14.0,0,1,14.545454545454545,2.2727272727272725,9.772727272727272,1.0,2.2727272727272725,1.0638297872340425,0.3888888888888889,0.9090909090909091,0.04,0.09090909090909091,,,0.24831765944039572,0.0,1.4,0.0,0.0,6.4,0.0,0.06428281087542173,-0.7613101948491151
Kaila Charles,6956,Hardship,35,12,17.6,6.4,2.3,5.4,42.0%,1.5,3.3,46.6%,0.7,2.1,34.7%,1.1,1.4,81.6%,1.3,2.9,4.3,1.0,1.1,0.8,0.2,2.0,TOT,G-F,35,616,12,17.6,2.3,5.4,0.42,0.7,2.1,0.347,1.5,3.3,0.466,1.1,1.4,0.816,1.3,4.3,1.0,0.8,0.2,1.1,2.0,6.4,13.8,0.532,0.487,0.383,0.261,8.5,14.0,9.9,2.4,1.1,15.3,18.2,103.0,104.0,0.5,0.9,1.4,0.091,79,188,0.42,25,72,0.347,54,116,0.466,40,49,0.816,46,149,35,28,7,38,69,223,,,,,,,,,,,,,,,,,,,,0.25925925925925924,,,,,,,,,,,hardship,0,1,0,0,0.7954545454545454,0.34285714285714286,14.0,0,1,14.545454545454545,2.2727272727272725,9.772727272727272,1.0,2.2727272727272725,1.0638297872340425,0.3888888888888889,0.9090909090909091,0.04,0.09090909090909091,,,0.24831765944039572,0.0,0.0,1.4,0.0,0.0,6.4,0.06428281087542173,-0.7613101948491151
Kate Martin,68595,Rookie,42,4,16.4,6.2,2.0,6.3,32.3%,0.7,2.0,35.4%,1.4,4.4,31.0%,0.8,1.0,78.0%,0.5,2.2,2.7,1.0,0.8,0.4,0.1,1.1,GSV,G,42,687,4,16.4,2.0,6.3,0.323,1.4,4.4,0.31,0.7,2.0,0.354,0.8,1.0,0.78,0.5,2.7,1.0,0.4,0.1,0.8,1.1,6.2,9.4,0.459,0.43,0.692,0.154,3.5,9.5,10.9,1.3,0.6,10.7,21.6,93.0,104.0,-0.4,1.0,0.6,0.032,86,266,0.323,57,184,0.31,29,82,0.354,32,41,0.78,20,112,40,17,4,34,48,261,8.0,27.0,23.0,21.0,25.0,19.0,1.39,0.08,1.47,103.9,102.1,1.8,74.6,0.282,0.458,0.531,0.482,14.9,26.0,0.15873015873015872,0.472,13.9,76.0,0.215,Chase Center,GSV,23.0,21.0,0.523,11.0,rookie,1,0,0,0,0.9545454545454546,0.09523809523809523,15.613636363636363,0,1,15.121951219512198,2.439024390243903,6.585365853658538,0.5,1.2195121951219514,0.9198813056379822,0.6984126984126985,1.25,0.014285714285714285,0.034934497816593885,-0.07200000000000001,-0.05199999999999999,0.17357702568400166,0.6,0.0,0.0,6.2,0.0,0.0,0.13047802284905718,-0.5708668246436674
Li Yueru,66079,,31,12,16.8,6.0,2.0,4.9,40.5%,1.4,3.2,42.9%,0.6,1.8,36.4%,1.4,1.6,86.0%,1.7,2.9,4.5,0.9,1.0,0.3,0.3,1.8,TOT,C,31,519,12,16.7,2.0,4.9,0.405,0.6,1.8,0.364,1.4,3.2,0.429,1.4,1.6,0.86,1.7,4.5,0.9,0.3,0.3,1.0,1.8,6.0,13.6,0.534,0.471,0.359,0.327,11.1,15.7,8.7,0.9,1.7,14.6,17.3,108.0,111.0,0.7,0.2,0.9,0.071,62,153,0.405,20,55,0.364,42,98,0.429,43,50,0.86,52,141,29,9,9,30,57,187,,,,,,,,,,,,,,,,,,,,0.32653061224489793,,,,,,,,,,,unknown,0,0,0,1,0.7045454545454546,0.3870967741935484,11.795454545454545,0,1,14.371257485029941,2.155688622754491,10.778443113772456,0.6,1.437125748502994,1.0706638115631693,0.36734693877551017,0.9,0.02903225806451613,0.06936416184971098,,,0.24831765944039572,0.0,0.0,0.0,0.0,0.0,0.0,-0.36720745718170356,-0.7676219049904833
Kitija Laksa,80000,UFA,33,5,19.0,5.9,2.0,5.5,36.7%,0.8,1.8,46.7%,1.2,3.6,31.7%,0.8,1.0,81.3%,0.3,0.9,1.2,0.6,0.6,0.4,0.2,1.5,PHO,G,33,626,5,19.0,2.0,5.5,0.367,1.2,3.6,0.317,0.8,1.8,0.467,0.8,1.0,0.813,0.3,1.2,0.6,0.4,0.2,0.6,1.5,5.9,7.4,0.505,0.472,0.667,0.178,2.0,3.7,5.3,1.0,0.9,8.9,15.3,99.0,109.0,0.2,0.5,0.6,0.04,66,180,0.367,38,120,0.317,28,60,0.467,26,32,0.813,11,40,21,12,6,19,48,196,6.0,29.7,27.0,17.0,27.0,17.0,2.68,-0.13,2.55,105.9,102.5,3.4,78.2,0.259,0.403,0.542,0.502,14.1,24.4,0.18181818181818182,0.486,15.5,75.5,0.225,,PHO,27.0,17.0,0.614,7.0,veteran,0,0,1,0,0.75,0.15151515151515152,14.227272727272727,0,1,12.421052631578947,1.263157894736842,2.526315789473684,0.6000000000000001,1.2631578947368423,0.9932659932659933,0.6545454545454545,1.0,0.01818181818181818,0.038338658146964855,-0.03700000000000003,-0.030000000000000027,0.5112900678967056,0.0,0.6,0.0,0.0,5.9,0.0,-0.8966421843990774,-0.7721256102417025
Jade Melbourne,66710,,43,12,23.4,5.9,2.1,5.2,40.0%,1.5,3.0,49.2%,0.6,2.2,27.4%,1.1,1.7,67.1%,0.4,1.5,1.9,2.9,1.7,0.6,0.2,2.3,WAS,G,43,1008,12,23.4,2.1,5.2,0.4,0.6,2.2,0.274,1.5,3.0,0.492,1.1,1.7,0.671,0.4,1.9,2.9,0.6,0.2,1.7,2.3,5.9,7.4,0.496,0.458,0.422,0.324,2.1,4.9,20.2,1.3,0.8,21.9,15.1,93.0,109.0,-0.5,0.7,0.2,0.007,90,225,0.4,26,95,0.274,64,130,0.492,49,73,0.671,17,80,124,26,8,72,101,255,10.0,24.8,16.0,28.0,14.0,30.0,-4.43,0.21,-4.23,100.0,105.7,-5.7,76.9,0.325,0.269,0.53,0.483,16.4,23.5,0.3269230769230769,0.505,14.3,77.6,0.225,,WAS,16.0,28.0,0.364,18.0,unknown,0,0,0,1,0.9772727272727273,0.27906976744186046,22.90909090909091,0,1,10.085470085470087,4.957264957264957,3.247863247863248,0.8,1.3675213675213678,0.991930060524546,0.4230769230769231,1.7058823529411764,0.004651162790697674,0.007936507936507936,-0.03400000000000003,-0.024999999999999967,-0.8949866139096142,0.0,0.0,0.0,0.0,0.0,0.0,0.6752769298128264,1.3130366044725519
Michaela Onyenwere,125000,RFA,42,22,16.9,5.8,2.1,5.0,42.2%,1.5,3.4,45.5%,0.6,1.6,35.3%,1.0,1.2,84.3%,0.4,1.2,1.6,1.1,1.3,0.4,0.1,1.8,CHI,F,42,711,22,16.9,2.1,5.0,0.422,0.6,1.6,0.353,1.5,3.4,0.455,1.0,1.2,0.843,0.4,1.6,1.1,0.4,0.1,1.3,1.8,5.8,7.8,0.525,0.479,0.322,0.242,2.8,5.7,11.7,1.2,0.5,19.3,18.3,94.0,116.0,-0.3,-0.2,-0.5,-0.026,89,211,0.422,24,68,0.353,65,143,0.455,43,51,0.843,17,69,48,16,4,56,75,245,12.0,27.7,10.0,34.0,7.0,37.0,-10.05,0.92,-9.13,98.8,111.9,-13.1,76.7,0.259,0.306,0.516,0.476,17.4,29.1,0.24,0.521,12.6,74.7,0.215,,CHI,10.0,34.0,0.227,24.0,veteran,0,0,1,0,0.9545454545454546,0.5238095238095238,16.15909090909091,1,1,13.727810650887575,2.6035502958579886,3.7869822485207103,0.5,1.183431952662722,1.049204052098408,0.32,0.8461538461538461,-0.011904761904761904,-0.02812939521800281,0.009000000000000008,0.0030000000000000027,-1.8591173596021162,-0.0,-0.5,-0.0,0.0,5.8,0.0,-0.23578841650319796,-0.22893081974929794
Te-Hina Paopao,69267,Rookie,43,15,16.7,5.8,2.2,5.1,44.0%,1.0,2.0,52.3%,1.2,3.1,38.6%,0.2,0.3,53.8%,0.2,1.4,1.6,2.4,1.0,0.5,0.2,1.1,ATL,G,43,720,15,16.7,2.2,5.1,0.44,1.2,3.1,0.386,1.0,2.0,0.523,0.2,0.3,0.538,0.2,1.6,2.4,0.5,0.2,1.0,1.1,5.8,13.1,0.559,0.557,0.606,0.06,1.7,5.7,23.7,1.5,1.1,16.4,17.1,108.0,104.0,1.0,1.1,2.1,0.115,96,218,0.44,51,132,0.386,45,86,0.523,7,13,0.538,10,69,105,20,9,44,48,250,2.0,27.8,30.0,14.0,35.0,9.0,7.59,-1.1,6.49,110.5,100.5,10.0,76.2,0.275,0.418,0.555,0.514,12.9,26.7,0.058823529411764705,0.478,13.4,79.8,0.181,,ATL,30.0,14.0,0.682,4.0,rookie,1,0,0,0,0.9772727272727273,0.3488372093023256,16.363636363636363,0,1,13.892215568862277,5.748502994011976,3.832335329341318,0.7,1.6766467065868265,1.1085626911314985,0.607843137254902,2.4,0.04883720930232558,0.11666666666666667,0.0040000000000000036,0.04300000000000004,1.2293152868634125,2.1,0.0,0.0,5.8,0.0,0.0,0.5358612899177465,1.2980612256695898
Teaira McCowan,201400,RFA,17,0,12.9,5.6,2.1,3.9,53.7%,2.1,3.8,53.8%,0.1,0.1,50.0%,1.3,1.7,75.9%,1.8,2.8,4.6,0.6,0.9,0.3,0.7,1.4,DAL,C,17,219,0,12.9,2.1,3.9,0.537,0.1,0.1,0.5,2.1,3.8,0.538,1.3,1.7,0.759,1.8,4.6,0.6,0.3,0.7,0.9,1.4,5.6,20.3,0.596,0.545,0.03,0.433,15.1,20.4,7.8,1.2,5.2,16.7,19.0,113.0,108.0,0.5,0.2,0.7,0.127,36,67,0.537,1,2,0.5,35,65,0.538,22,29,0.759,30,78,10,5,12,16,24,95,11.0,25.4,10.0,34.0,11.0,33.0,-6.3,0.92,-5.38,103.3,111.2,-7.9,78.8,0.257,0.302,0.514,0.469,13.9,27.6,0.4358974358974359,0.531,14.2,75.7,0.255,,DAL,10.0,34.0,0.227,24.0,veteran,0,0,1,0,0.38636363636363635,0.0,4.9772727272727275,0,0,17.364341085271317,1.8604651162790695,14.263565891472865,1.0,3.1007751937984493,1.2048192771084338,0.025641025641025644,0.6666666666666666,0.041176470588235294,0.1278538812785388,0.08199999999999996,0.07600000000000007,-1.3615149941003584,0.0,0.7,0.0,0.0,5.6,0.0,-1.475747373879377,-0.8795416159588084
Nyara Sabally,79999,Rookie,17,10,17.9,5.4,2.2,4.5,48.7%,2.1,4.1,52.2%,0.1,0.4,14.3%,1.0,1.5,68.0%,1.6,2.9,4.5,0.8,0.9,0.5,1.0,2.2,NYL,F,17,305,10,17.9,2.2,4.5,0.487,0.1,0.4,0.143,2.1,4.1,0.522,1.0,1.5,0.68,1.6,4.5,0.8,0.5,1.0,0.9,2.2,5.4,13.5,0.529,0.493,0.092,0.329,10.9,14.6,6.9,1.5,5.1,15.5,15.6,104.0,101.0,0.3,0.6,0.8,0.109,37,76,0.487,1,7,0.143,36,69,0.522,17,25,0.68,27,77,13,9,17,16,37,92,3.0,29.4,27.0,17.0,29.0,15.0,4.07,-0.28,3.79,108.3,103.1,5.2,77.9,0.286,0.41,0.574,0.526,14.9,20.8,0.3333333333333333,0.483,13.9,73.6,0.183,,NYL,27.0,17.0,0.614,7.0,rookie,1,0,0,0,0.38636363636363635,0.5882352941176471,6.931818181818182,1,1,12.067039106145254,1.7877094972067042,10.05586592178771,1.5,3.3519553072625703,1.0465116279069768,0.08888888888888889,0.888888888888889,0.047058823529411764,0.10491803278688525,-0.04499999999999993,-0.03300000000000003,0.6796248973640951,0.8,0.0,0.0,5.4,0.0,0.0,-1.6190175788752221,-0.6248422692223577
Maya Caldwell,66079,Reserved,41,16,18.5,5.4,2.0,4.8,42.6%,1.1,2.1,51.8%,1.0,2.7,35.5%,0.4,0.5,80.0%,0.8,2.3,3.1,1.8,1.0,0.9,0.2,1.6,ATL,G,41,760,16,18.5,2.0,4.8,0.426,1.0,2.7,0.355,1.1,2.1,0.518,0.4,0.5,0.8,0.8,3.1,1.8,0.9,0.2,1.0,1.6,5.4,12.7,0.542,0.526,0.564,0.103,5.2,9.9,15.2,2.6,0.8,16.4,14.7,107.0,100.0,0.8,1.5,2.4,0.125,83,195,0.426,39,110,0.355,44,85,0.518,16,20,0.8,33,127,74,37,7,40,65,221,2.0,27.8,30.0,14.0,35.0,9.0,7.59,-1.1,6.49,110.5,100.5,10.0,76.2,0.275,0.418,0.555,0.514,12.9,26.7,0.10416666666666667,0.478,13.4,79.8,0.181,,ATL,30.0,14.0,0.682,4.0,controlled,0,0,0,0,0.9318181818181818,0.3902439024390244,17.272727272727273,0,1,11.675675675675677,3.891891891891892,6.7027027027027035,1.1,2.3783783783783785,1.0756972111553786,0.5625000000000001,1.8,0.058536585365853655,0.12631578947368421,-0.013000000000000012,0.01200000000000001,1.2293152868634125,0.0,0.0,0.0,0.0,0.0,0.0,0.3321151421644909,0.32836153366607673
Aaliyah Edwards,74909,Rookie,36,0,14.8,5.4,1.9,4.3,44.8%,1.9,4.0,47.6%,0.0,0.3,0.0%,1.6,2.4,64.4%,1.3,2.4,3.7,0.6,1.1,0.6,0.4,1.6,TOT,F,36,534,0,14.8,1.9,4.3,0.448,0.0,0.3,0.0,1.9,4.0,0.476,1.6,2.4,0.644,1.3,3.7,0.6,0.6,0.4,1.1,1.6,5.4,13.0,0.504,0.448,0.058,0.565,10.5,15.0,6.6,2.2,2.5,17.6,20.0,95.0,106.0,-0.2,0.6,0.4,0.033,69,154,0.448,0,9,0.0,69,145,0.476,56,87,0.644,47,132,20,23,14,41,56,194,,,,,,,,,,,,,,,,,,,,0.5581395348837209,,,,,,,,,,,rookie,1,0,0,0,0.8181818181818182,0.0,12.136363636363637,0,0,14.594594594594595,1.6216216216216215,10.0,1.0,2.7027027027027026,1.008215085884989,0.06976744186046512,0.5454545454545454,0.011111111111111112,0.0299625468164794,,,0.24831765944039572,0.4,0.0,0.0,5.4,0.0,0.0,-0.4040276563069353,-1.0356528516724945
Julie Allemand,85000,SuspCE,34,27,28.3,5.4,2.1,4.7,44.0%,1.2,1.7,72.4%,0.8,3.0,27.7%,0.4,0.6,78.9%,0.4,3.4,3.7,5.0,1.6,1.3,0.0,1.6,LAS,G,34,963,27,28.3,2.1,4.7,0.44,0.8,3.0,0.277,1.2,1.7,0.724,0.4,0.6,0.789,0.4,3.7,5.0,1.3,0.0,1.6,1.6,5.4,11.5,0.547,0.528,0.635,0.119,1.6,7.9,25.7,2.4,0.1,24.1,10.2,110.0,111.0,1.2,0.4,1.5,0.064,70,159,0.44,28,101,0.277,42,58,0.724,15,19,0.789,13,127,170,45,1,53,55,183,9.0,28.3,21.0,23.0,18.0,26.0,-2.57,0.38,-2.19,107.5,110.7,-3.2,79.0,0.304,0.382,0.563,0.521,15.7,24.1,0.1276595744680851,0.524,13.8,73.6,0.189,,LAS,21.0,23.0,0.477,13.0,hardship,0,1,0,0,0.7727272727272727,0.7941176470588235,21.886363636363637,1,1,7.632508833922262,7.06713780918728,5.229681978798587,1.3,1.8374558303886928,1.087832393231265,0.6382978723404255,3.125,0.04411764705882353,0.06230529595015576,-0.015999999999999903,0.007000000000000006,-0.4043709924578387,0.0,0.0,1.5,0.0,0.0,5.4,0.7009575988130845,2.5099152629987653
Laeticia Amihere,53307,UFA,29,0,13.3,5.4,1.8,3.9,45.6%,1.7,3.2,52.7%,0.1,0.7,14.3%,1.7,2.2,77.8%,1.2,3.1,4.3,0.9,1.1,0.6,0.4,1.2,GSV,F,29,385,0,13.3,1.8,3.9,0.456,0.1,0.7,0.143,1.7,3.2,0.527,1.7,2.2,0.778,1.2,4.3,0.9,0.6,0.4,1.1,1.2,5.4,18.3,0.55,0.469,0.184,0.553,10.8,19.0,13.3,2.4,3.6,18.4,21.0,105.0,96.0,0.5,1.0,1.5,0.156,52,114,0.456,3,21,0.143,49,93,0.527,49,63,0.778,35,125,27,17,13,32,36,156,8.0,27.0,23.0,21.0,25.0,19.0,1.39,0.08,1.47,103.9,102.1,1.8,74.6,0.282,0.458,0.531,0.482,14.9,26.0,0.5641025641025642,0.472,13.9,76.0,0.215,Chase Center,GSV,23.0,21.0,0.523,11.0,veteran,0,0,1,0,0.6590909090909091,0.0,8.75,0,0,16.2406015037594,2.706766917293233,12.932330827067668,1.0,3.007518796992481,1.1092851273623665,0.1794871794871795,0.8181818181818181,0.05172413793103448,0.15584415584415584,0.019000000000000017,-0.013000000000000012,0.17357702568400166,0.0,1.5,0.0,0.0,5.4,0.0,-0.4606909532899075,-0.6443102092054607
Lexi Held,66079,UFA,32,0,14.7,5.3,1.9,5.1,37.8%,1.1,2.3,46.6%,0.9,2.8,30.8%,0.6,0.7,81.8%,0.3,0.7,1.1,1.1,0.9,0.7,0.2,1.2,PHO,G,32,471,0,14.7,1.9,5.1,0.378,0.9,2.8,0.308,1.1,2.3,0.466,0.6,0.7,0.818,0.3,1.1,1.1,0.7,0.2,0.9,1.2,5.3,9.8,0.489,0.463,0.555,0.134,2.6,4.1,12.2,2.5,1.0,13.9,19.3,94.0,105.0,-0.2,0.6,0.4,0.034,62,164,0.378,28,91,0.308,34,73,0.466,18,22,0.818,11,34,35,23,5,28,38,170,6.0,29.7,27.0,17.0,27.0,17.0,2.68,-0.13,2.55,105.9,102.5,3.4,78.2,0.259,0.403,0.542,0.502,14.1,24.4,0.13725490196078433,0.486,15.5,75.5,0.225,,PHO,27.0,17.0,0.614,7.0,veteran,0,0,1,0,0.7272727272727273,0.0,10.704545454545455,0,0,14.421768707482991,2.993197278911565,2.993197278911565,0.8999999999999999,2.4489795918367343,0.9800295857988166,0.5490196078431373,1.2222222222222223,0.0125,0.03397027600849257,-0.05300000000000005,-0.03899999999999998,0.5112900678967056,0.0,0.4,0.0,0.0,5.3,0.0,-0.9482436988803713,-0.05849072020818407
Kathryn Westbeld,66079,UFA,43,24,18.4,5.1,1.8,5.0,35.8%,0.8,2.0,41.7%,1.0,3.0,32.1%,0.6,0.7,78.1%,0.7,1.8,2.5,0.9,0.6,0.8,0.6,1.5,PHO,F,43,792,24,18.4,1.8,5.0,0.358,1.0,3.0,0.321,0.8,2.0,0.417,0.6,0.7,0.781,0.7,2.5,0.9,0.8,0.6,0.6,1.5,5.1,10.5,0.482,0.456,0.609,0.149,4.3,7.9,7.6,2.3,2.9,9.5,14.4,100.0,103.0,0.3,1.3,1.6,0.08,77,215,0.358,42,131,0.321,35,84,0.417,25,32,0.781,30,109,39,36,24,24,66,221,6.0,29.7,27.0,17.0,27.0,17.0,2.68,-0.13,2.55,105.9,102.5,3.4,78.2,0.259,0.403,0.542,0.502,14.1,24.4,0.13999999999999999,0.486,15.5,75.5,0.225,,PHO,27.0,17.0,0.614,7.0,veteran,0,0,1,0,0.9772727272727273,0.5581395348837209,18.0,1,1,11.08695652173913,1.956521739130435,5.434782608695653,1.4,3.0434782608695654,0.9608138658628484,0.6,1.5,0.037209302325581395,0.0808080808080808,-0.06000000000000005,-0.045999999999999985,0.5112900678967056,0.0,1.6,0.0,0.0,5.1,0.0,-0.10606017620898638,-0.5574172378405393
Shey Peddy,13911,Hardship,15,5,17.6,5.1,1.8,3.7,49.1%,0.7,1.3,55.0%,1.1,2.3,45.7%,0.5,0.6,77.8%,0.5,1.2,1.7,2.1,0.9,0.4,0.0,1.3,TOT,G,15,265,5,17.7,1.8,3.7,0.491,1.1,2.3,0.457,0.7,1.3,0.55,0.5,0.6,0.778,0.5,1.7,2.1,0.4,0.0,0.9,1.3,5.1,12.1,0.653,0.636,0.636,0.164,3.2,5.7,17.5,1.2,0.0,18.1,12.2,121.0,112.0,0.6,0.1,0.7,0.099,27,55,0.491,16,35,0.457,11,20,0.55,7,9,0.778,7,25,31,6,0,13,20,77,,,,,,,,,,,,,,,,,,,,0.16216216216216214,,,,,,,,,,,hardship,0,1,0,0,0.3409090909090909,0.3333333333333333,6.0227272727272725,0,1,11.525423728813559,4.7457627118644075,3.84180790960452,0.4,0.9039548022598871,1.2865792129162459,0.6216216216216215,2.3333333333333335,0.04666666666666666,0.10566037735849056,,,0.24831765944039572,0.0,0.0,0.7,0.0,0.0,5.1,-1.7414760176336401,0.8305862097695008
Shey Peddy,9440,Hardship,15,5,17.6,5.1,1.8,3.7,49.1%,0.7,1.3,55.0%,1.1,2.3,45.7%,0.5,0.6,77.8%,0.5,1.2,1.7,2.1,0.9,0.4,0.0,1.3,TOT,G,15,265,5,17.7,1.8,3.7,0.491,1.1,2.3,0.457,0.7,1.3,0.55,0.5,0.6,0.778,0.5,1.7,2.1,0.4,0.0,0.9,1.3,5.1,12.1,0.653,0.636,0.636,0.164,3.2,5.7,17.5,1.2,0.0,18.1,12.2,121.0,112.0,0.6,0.1,0.7,0.099,27,55,0.491,16,35,0.457,11,20,0.55,7,9,0.778,7,25,31,6,0,13,20,77,,,,,,,,,,,,,,,,,,,,0.16216216216216214,,,,,,,,,,,hardship,0,1,0,0,0.3409090909090909,0.3333333333333333,6.0227272727272725,0,1,11.525423728813559,4.7457627118644075,3.84180790960452,0.4,0.9039548022598871,1.2865792129162459,0.6216216216216215,2.3333333333333335,0.04666666666666666,0.10566037735849056,,,0.24831765944039572,0.0,0.0,0.7,0.0,0.0,5.1,-1.7414760176336401,0.8305862097695008
Shey Peddy,1987,Hardship,15,5,17.6,5.1,1.8,3.7,49.1%,0.7,1.3,55.0%,1.1,2.3,45.7%,0.5,0.6,77.8%,0.5,1.2,1.7,2.1,0.9,0.4,0.0,1.3,TOT,G,15,265,5,17.7,1.8,3.7,0.491,1.1,2.3,0.457,0.7,1.3,0.55,0.5,0.6,0.778,0.5,1.7,2.1,0.4,0.0,0.9,1.3,5.1,12.1,0.653,0.636,0.636,0.164,3.2,5.7,17.5,1.2,0.0,18.1,12.2,121.0,112.0,0.6,0.1,0.7,0.099,27,55,0.491,16,35,0.457,11,20,0.55,7,9,0.778,7,25,31,6,0,13,20,77,,,,,,,,,,,,,,,,,,,,0.16216216216216214,,,,,,,,,,,hardship,0,1,0,0,0.3409090909090909,0.3333333333333333,6.0227272727272725,0,1,11.525423728813559,4.7457627118644075,3.84180790960452,0.4,0.9039548022598871,1.2865792129162459,0.6216216216216215,2.3333333333333335,0.04666666666666666,0.10566037735849056,,,0.24831765944039572,0.0,0.0,0.7,0.0,0.0,5.1,-1.7414760176336401,0.8305862097695008
Rebecca Allen,160000,UFA,44,17,18.7,5.1,1.9,5.5,34.2%,0.9,2.5,37.0%,1.0,3.0,31.8%,0.4,0.7,61.3%,0.4,2.2,2.6,1.3,0.9,0.5,0.5,1.4,CHI,F-G,44,821,17,18.7,1.9,5.5,0.342,1.0,3.0,0.318,0.9,2.5,0.37,0.4,0.7,0.613,0.4,2.6,1.3,0.5,0.5,0.9,1.4,5.1,7.9,0.444,0.429,0.55,0.129,2.3,8.1,11.5,1.5,2.6,13.3,16.0,90.0,112.0,-0.6,0.2,-0.5,-0.022,82,240,0.342,42,132,0.318,40,108,0.37,19,31,0.613,16,113,57,23,23,39,62,225,12.0,27.7,10.0,34.0,7.0,37.0,-10.05,0.92,-9.13,98.8,111.9,-13.1,76.7,0.259,0.306,0.516,0.476,17.4,29.1,0.12727272727272726,0.521,12.6,74.7,0.215,,CHI,10.0,34.0,0.227,24.0,veteran,0,0,1,0,1.0,0.38636363636363635,18.65909090909091,0,1,10.909090909090908,2.7807486631016047,5.5614973262032095,1.0,2.1390374331550803,0.878099173553719,0.5454545454545454,1.4444444444444444,-0.011363636363636364,-0.024360535931790498,-0.07200000000000001,-0.046999999999999986,-1.8591173596021162,-0.0,-0.5,-0.0,0.0,5.1,0.0,-0.23471750602422756,-0.0026954779130020606
Kalani Brown,128750,UFA,29,1,12.8,5.1,2.0,3.3,61.5%,1.9,3.0,63.6%,0.1,0.3,37.5%,0.9,1.2,77.1%,1.2,2.8,4.0,0.6,0.8,0.2,0.6,1.6,PHO,C,29,370,1,12.8,2.0,3.3,0.615,0.1,0.3,0.375,1.9,3.0,0.636,0.9,1.2,0.771,1.2,4.0,0.6,0.2,0.6,0.8,1.6,5.1,18.8,0.664,0.63,0.083,0.365,10.9,18.1,7.4,1.0,4.6,17.1,16.3,119.0,100.0,1.0,0.7,1.7,0.187,59,96,0.615,3,8,0.375,56,88,0.636,27,35,0.771,36,117,16,7,18,23,46,148,6.0,29.7,27.0,17.0,27.0,17.0,2.68,-0.13,2.55,105.9,102.5,3.4,78.2,0.259,0.403,0.542,0.502,14.1,24.4,0.36363636363636365,0.486,15.5,75.5,0.225,,PHO,27.0,17.0,0.614,7.0,veteran,0,0,1,0,0.6590909090909091,0.034482758620689655,8.409090909090908,0,0,15.937499999999998,1.875,12.5,0.8,2.5,1.3322884012539185,0.09090909090909091,0.7499999999999999,0.05862068965517241,0.1837837837837838,0.122,0.128,0.5112900678967056,0.0,1.7,0.0,0.0,5.1,0.0,-0.7811821024246988,-0.9668686877381617
Cameron Brink,78066,Rookie,19,0,12.9,5.1,1.8,4.3,42.7%,1.3,2.5,52.1%,0.5,1.8,29.4%,0.8,1.1,76.2%,1.4,2.9,4.3,0.5,1.3,0.5,1.4,2.5,LAS,F,19,244,0,12.8,1.8,4.3,0.427,0.5,1.8,0.294,1.3,2.5,0.521,0.8,1.1,0.762,1.4,4.3,0.5,0.5,1.4,1.3,2.5,5.1,15.3,0.526,0.488,0.415,0.256,13.0,20.1,6.0,2.1,9.8,21.5,21.3,94.0,102.0,-0.1,0.4,0.3,0.055,35,82,0.427,10,34,0.294,25,48,0.521,16,21,0.762,26,82,9,10,26,25,48,96,9.0,28.3,21.0,23.0,18.0,26.0,-2.57,0.38,-2.19,107.5,110.7,-3.2,79.0,0.304,0.382,0.563,0.521,15.7,24.1,0.2558139534883721,0.524,13.8,73.6,0.189,,LAS,21.0,23.0,0.477,13.0,rookie,1,0,0,0,0.4318181818181818,0.0,5.545454545454546,0,0,15.937499999999998,1.5625,13.4375,1.9,5.9375,1.0660535117056855,0.4186046511627907,0.3846153846153846,0.015789473684210527,0.04918032786885246,-0.03699999999999992,-0.03300000000000003,-0.4043709924578387,0.3,0.0,0.0,5.1,0.0,0.0,-1.6107353716256152,-0.9088746543542345
Isabelle Harrison,78831,UFA,34,1,10.6,4.9,1.9,3.9,48.5%,1.8,3.5,51.3%,0.1,0.4,26.7%,1.0,1.3,76.7%,0.9,1.8,2.6,0.7,0.7,0.6,0.1,1.3,NYL,F,34,360,1,10.6,1.9,3.9,0.485,0.1,0.4,0.267,1.8,3.5,0.513,1.0,1.3,0.767,0.9,2.6,0.7,0.6,0.1,0.7,1.3,4.9,17.2,0.546,0.5,0.112,0.321,9.9,14.3,11.9,2.9,0.5,13.1,22.6,106.0,101.0,0.5,0.7,1.2,0.135,65,134,0.485,4,15,0.267,61,119,0.513,33,43,0.767,29,89,24,20,2,23,44,167,3.0,29.4,27.0,17.0,29.0,15.0,4.07,-0.28,3.79,108.3,103.1,5.2,77.9,0.286,0.41,0.574,0.526,14.9,20.8,0.33333333333333337,0.483,13.9,73.6,0.183,,NYL,27.0,17.0,0.614,7.0,veteran,0,0,1,0,0.7727272727272727,0.029411764705882353,8.181818181818182,0,0,18.49056603773585,2.641509433962264,9.81132075471698,0.7,2.641509433962264,1.0957066189624332,0.10256410256410257,1.0,0.03529411764705882,0.13333333333333333,-0.027999999999999914,-0.026000000000000023,0.6796248973640951,0.0,1.2,0.0,0.0,4.9,0.0,-0.5772098835341989,-0.6787996419394641
Chloe Bibby,23322,UFA,14,0,11.0,4.8,1.5,3.9,38.2%,0.3,0.9,30.8%,1.2,3.0,40.5%,0.6,0.6,88.9%,0.4,1.4,1.8,0.5,0.5,0.6,0.1,0.9,TOT,F,14,154,0,11.0,1.5,3.9,0.382,1.2,3.0,0.405,0.3,0.9,0.308,0.6,0.6,0.889,0.4,1.8,0.5,0.6,0.1,0.5,0.9,4.8,15.0,0.568,0.536,0.764,0.164,3.9,9.6,7.8,2.7,0.6,10.6,19.5,109.0,102.0,0.2,0.3,0.5,0.132,21,55,0.382,17,42,0.405,4,13,0.308,8,9,0.889,5,25,7,8,1,7,13,67,,,,,,,,,,,,,,,,,,,,0.15384615384615385,,,,,,,,,,,veteran,0,0,1,0,0.3181818181818182,0.0,3.5,0,0,17.454545454545453,1.8181818181818181,6.545454545454545,0.7,2.5454545454545454,1.1527377521613833,0.7692307692307693,1.0,0.03571428571428571,0.12987012987012989,,,0.24831765944039572,0.0,0.5,0.0,0.0,4.8,0.0,-2.005004401328584,-0.7214306344002962
Chloe Bibby,9995,UFA,14,0,11.0,4.8,1.5,3.9,38.2%,0.3,0.9,30.8%,1.2,3.0,40.5%,0.6,0.6,88.9%,0.4,1.4,1.8,0.5,0.5,0.6,0.1,0.9,TOT,F,14,154,0,11.0,1.5,3.9,0.382,1.2,3.0,0.405,0.3,0.9,0.308,0.6,0.6,0.889,0.4,1.8,0.5,0.6,0.1,0.5,0.9,4.8,15.0,0.568,0.536,0.764,0.164,3.9,9.6,7.8,2.7,0.6,10.6,19.5,109.0,102.0,0.2,0.3,0.5,0.132,21,55,0.382,17,42,0.405,4,13,0.308,8,9,0.889,5,25,7,8,1,7,13,67,,,,,,,,,,,,,,,,,,,,0.15384615384615385,,,,,,,,,,,veteran,0,0,1,0,0.3181818181818182,0.0,3.5,0,0,17.454545454545453,1.8181818181818181,6.545454545454545,0.7,2.5454545454545454,1.1527377521613833,0.7692307692307693,1.0,0.03571428571428571,0.12987012987012989,,,0.24831765944039572,0.0,0.5,0.0,0.0,4.8,0.0,-2.005004401328584,-0.7214306344002962
Chloe Bibby,3887,UFA,14,0,11.0,4.8,1.5,3.9,38.2%,0.3,0.9,30.8%,1.2,3.0,40.5%,0.6,0.6,88.9%,0.4,1.4,1.8,0.5,0.5,0.6,0.1,0.9,TOT,F,14,154,0,11.0,1.5,3.9,0.382,1.2,3.0,0.405,0.3,0.9,0.308,0.6,0.6,0.889,0.4,1.8,0.5,0.6,0.1,0.5,0.9,4.8,15.0,0.568,0.536,0.764,0.164,3.9,9.6,7.8,2.7,0.6,10.6,19.5,109.0,102.0,0.2,0.3,0.5,0.132,21,55,0.382,17,42,0.405,4,13,0.308,8,9,0.889,5,25,7,8,1,7,13,67,,,,,,,,,,,,,,,,,,,,0.15384615384615385,,,,,,,,,,,veteran,0,0,1,0,0.3181818181818182,0.0,3.5,0,0,17.454545454545453,1.8181818181818181,6.545454545454545,0.7,2.5454545454545454,1.1527377521613833,0.7692307692307693,1.0,0.03571428571428571,0.12987012987012989,,,0.24831765944039572,0.0,0.5,0.0,0.0,4.8,0.0,-2.005004401328584,-0.7214306344002962
Natasha Mack,116079,Reserved,34,23,18.3,4.7,2.1,3.6,57.3%,2.1,3.5,59.2%,0.0,0.1,0.0%,0.5,1.1,47.2%,2.3,3.5,5.8,0.9,0.4,0.9,1.5,1.6,PHO,F-C,34,623,23,18.3,2.1,3.6,0.573,0.0,0.1,0.0,2.1,3.5,0.592,0.5,1.1,0.472,2.3,5.8,0.9,0.9,1.5,0.4,1.6,4.7,19.5,0.569,0.573,0.032,0.29,14.1,18.1,7.7,2.5,7.9,9.7,11.2,125.0,96.0,1.6,1.7,3.2,0.207,71,124,0.573,0,4,0.0,71,120,0.592,17,36,0.472,78,197,30,30,52,15,55,159,6.0,29.7,27.0,17.0,27.0,17.0,2.68,-0.13,2.55,105.9,102.5,3.4,78.2,0.259,0.403,0.542,0.502,14.1,24.4,0.3055555555555556,0.486,15.5,75.5,0.225,,PHO,27.0,17.0,0.614,7.0,controlled,0,0,0,0,0.7727272727272727,0.6764705882352942,14.159090909090908,1,1,10.273224043715846,1.967213114754098,12.677595628415299,2.4,5.245901639344262,1.1508325171400586,0.02777777777777778,2.25,0.09411764705882353,0.20545746388443017,0.026999999999999913,0.07099999999999995,0.5112900678967056,0.0,0.0,0.0,0.0,0.0,0.0,-0.14384259385714188,-0.8275551145233075
Damiris Dantas,100000,UFA,38,0,11.5,4.6,1.7,4.8,34.8%,1.0,2.3,44.2%,0.7,2.5,26.3%,0.6,0.7,85.7%,0.7,1.7,2.4,0.7,0.8,0.2,0.1,1.5,IND,C-F,38,439,0,11.6,1.7,4.8,0.348,0.7,2.5,0.263,1.0,2.3,0.442,0.6,0.7,0.857,0.7,2.4,0.7,0.2,0.1,0.8,1.5,4.6,8.4,0.453,0.417,0.525,0.155,7.6,12.6,8.9,0.7,0.6,13.0,22.7,92.0,107.0,-0.3,0.4,0.1,0.01,63,181,0.348,25,95,0.263,38,86,0.442,24,28,0.857,28,91,25,6,3,29,57,175,4.0,28.1,24.0,20.0,28.0,16.0,3.36,-0.83,2.53,108.4,104.1,4.3,78.0,0.261,0.349,0.554,0.517,14.3,26.2,0.14583333333333334,0.503,16.0,75.7,0.233,,IND,24.0,20.0,0.545,10.0,veteran,0,0,1,0,0.8636363636363636,0.0,9.977272727272727,0,0,15.862068965517242,2.413793103448276,8.275862068965518,0.30000000000000004,1.03448275862069,0.9005481597494127,0.5208333333333334,0.8749999999999999,0.002631578947368421,0.009111617312072894,-0.10100000000000003,-0.10000000000000003,0.4085994662347417,0.0,0.1,0.0,0.0,4.6,0.0,-0.7724255857530411,-0.5663872220499302
Tyasha Harris,100013,,5,0,16.5,4.6,1.6,3.6,44.4%,0.6,1.4,42.9%,1.0,2.2,45.5%,0.4,0.4,100.0%,0.2,0.8,1.0,2.6,0.6,0.4,0.4,1.0,DAL,G,5,82,0,16.4,1.6,3.6,0.444,1.0,2.2,0.455,0.6,1.4,0.429,0.4,0.4,1.0,0.2,1.0,2.6,0.4,0.4,0.6,1.0,4.6,13.7,0.609,0.583,0.611,0.111,1.3,3.5,24.2,1.2,2.3,13.7,11.6,125.0,115.0,0.2,0.0,0.2,0.095,8,18,0.444,5,11,0.455,3,7,0.429,2,2,1.0,1,5,13,2,2,3,5,23,11.0,25.4,10.0,34.0,11.0,33.0,-6.3,0.92,-5.38,103.3,111.2,-7.9,78.8,0.257,0.302,0.514,0.469,13.9,27.6,0.11111111111111112,0.531,14.2,75.7,0.255,,DAL,10.0,34.0,0.227,24.0,unknown,0,0,0,1,0.11363636363636363,0.0,1.8636363636363635,0,1,11.219512195121952,6.3414634146341475,2.439024390243903,0.8,1.9512195121951224,1.2182203389830506,0.6111111111111112,4.333333333333334,0.04,0.0975609756097561,0.09499999999999997,0.11399999999999999,-1.3615149941003584,0.0,0.0,0.0,0.0,0.0,0.0,-2.323131412843558,1.448310649514109
Emma Cannon,116331,UFA,21,0,10.1,4.4,1.5,3.0,50.8%,0.9,1.3,66.7%,0.7,1.7,38.9%,0.7,1.1,65.2%,0.5,1.3,1.8,0.4,0.8,0.5,0.0,1.7,LAS,F,21,213,0,10.1,1.5,3.0,0.508,0.7,1.7,0.389,0.9,1.3,0.667,0.7,1.1,0.652,0.5,1.8,0.4,0.5,0.0,0.8,1.7,4.4,13.6,0.636,0.619,0.571,0.365,6.3,10.7,6.2,2.4,0.4,18.0,18.7,107.0,110.0,0.3,0.1,0.4,0.076,32,63,0.508,14,36,0.389,18,27,0.667,15,23,0.652,11,38,8,10,1,16,36,93,9.0,28.3,21.0,23.0,18.0,26.0,-2.57,0.38,-2.19,107.5,110.7,-3.2,79.0,0.304,0.382,0.563,0.521,15.7,24.1,0.3666666666666667,0.524,13.8,73.6,0.189,,LAS,21.0,23.0,0.477,13.0,veteran,0,0,1,0,0.4772727272727273,0.0,4.840909090909091,0,0,17.425742574257427,1.5841584158415842,7.128712871287129,0.5,1.9801980198019802,1.2629161882893227,0.5666666666666667,0.5,0.01904761904761905,0.07511737089201878,0.07300000000000006,0.09799999999999998,-0.4043709924578387,0.0,0.4,0.0,0.0,4.4,0.0,-1.7784899875980231,-0.8644162624668041
Maria Kliundikova,54418,UFA,34,1,11.0,4.4,1.9,3.8,50.0%,1.6,3.0,54.4%,0.2,0.7,32.0%,0.4,0.6,57.1%,1.3,1.7,3.0,0.6,0.7,0.7,0.8,1.4,MIN,F,34,373,1,11.0,1.9,3.8,0.5,0.2,0.7,0.32,1.6,3.0,0.544,0.4,0.6,0.571,1.3,3.0,0.6,0.7,0.8,0.7,1.4,4.4,19.6,0.539,0.531,0.195,0.164,14.1,16.3,8.1,3.5,6.4,14.4,19.7,106.0,94.0,0.5,1.1,1.6,0.175,64,128,0.5,8,25,0.32,56,103,0.544,12,21,0.571,43,102,19,25,26,23,48,148,1.0,28.8,34.0,10.0,37.0,7.0,9.41,-0.69,8.72,112.3,100.0,12.3,76.4,0.236,0.372,0.572,0.542,13.9,26.0,0.15789473684210525,0.481,15.9,74.1,0.178,,MIN,34.0,10.0,0.773,,veteran,0,0,1,0,0.7727272727272727,0.029411764705882353,8.477272727272727,0,0,16.0,2.1818181818181817,10.909090909090908,1.5,5.454545454545454,1.0826771653543308,0.18421052631578946,0.8571428571428572,0.047058823529411764,0.17158176943699732,-0.03299999999999992,-0.01100000000000001,1.6774743240099597,0.0,1.6,0.0,0.0,4.4,0.0,-0.8238972387326102,-0.7675085790616847
Christyn Williams,6802,Hardship,4,0,11.2,4.3,1.5,4.0,37.5%,1.3,3.0,41.7%,0.3,1.0,25.0%,1.0,1.5,66.7%,0.5,0.5,1.0,0.8,0.3,0.0,0.0,1.0,DAL,G,4,45,0,11.3,1.5,4.0,0.375,0.3,1.0,0.25,1.3,3.0,0.417,1.0,1.5,0.667,0.5,1.0,0.8,0.0,0.0,0.3,1.0,4.3,8.7,0.456,0.406,0.25,0.375,4.9,5.1,10.8,0.0,0.0,5.1,19.0,103.0,120.0,0.0,0.0,0.0,-0.004,6,16,0.375,1,4,0.25,5,12,0.417,4,6,0.667,2,4,3,0,0,1,4,17,11.0,25.4,10.0,34.0,11.0,33.0,-6.3,0.92,-5.38,103.3,111.2,-7.9,78.8,0.257,0.302,0.514,0.469,13.9,27.6,0.375,0.531,14.2,75.7,0.255,,DAL,10.0,34.0,0.227,24.0,hardship,0,1,0,0,0.09090909090909091,0.0,1.0227272727272727,0,0,15.221238938053096,2.831858407079646,3.5398230088495573,0.0,0.0,0.9227467811158797,0.25,2.666666666666667,0.0,0.0,-0.057999999999999996,-0.06299999999999994,-1.3615149941003584,0.0,0.0,0.0,0.0,0.0,4.3,-2.5538251276347994,-0.13550218990945292
Christyn Williams,833,Hardship,4,0,11.2,4.3,1.5,4.0,37.5%,1.3,3.0,41.7%,0.3,1.0,25.0%,1.0,1.5,66.7%,0.5,0.5,1.0,0.8,0.3,0.0,0.0,1.0,DAL,G,4,45,0,11.3,1.5,4.0,0.375,0.3,1.0,0.25,1.3,3.0,0.417,1.0,1.5,0.667,0.5,1.0,0.8,0.0,0.0,0.3,1.0,4.3,8.7,0.456,0.406,0.25,0.375,4.9,5.1,10.8,0.0,0.0,5.1,19.0,103.0,120.0,0.0,0.0,0.0,-0.004,6,16,0.375,1,4,0.25,5,12,0.417,4,6,0.667,2,4,3,0,0,1,4,17,11.0,25.4,10.0,34.0,11.0,33.0,-6.3,0.92,-5.38,103.3,111.2,-7.9,78.8,0.257,0.302,0.514,0.469,13.9,27.6,0.375,0.531,14.2,75.7,0.255,,DAL,10.0,34.0,0.227,24.0,hardship,0,1,0,0,0.09090909090909091,0.0,1.0227272727272727,0,0,15.221238938053096,2.831858407079646,3.5398230088495573,0.0,0.0,0.9227467811158797,0.25,2.666666666666667,0.0,0.0,-0.057999999999999996,-0.06299999999999994,-1.3615149941003584,0.0,0.0,0.0,0.0,0.0,4.3,-2.5538251276347994,-0.13550218990945292
Kierstan Bell,84543,Rookie,35,16,12.2,4.2,1.5,4.4,34.0%,0.6,1.5,43.1%,0.9,2.9,29.4%,0.3,0.4,80.0%,0.6,1.2,1.8,0.7,0.5,0.4,0.3,0.9,LVA,F,35,427,16,12.2,1.5,4.4,0.338,0.9,2.9,0.291,0.6,1.5,0.431,0.3,0.4,0.8,0.6,1.8,0.7,0.4,0.3,0.5,0.9,4.2,10.3,0.455,0.435,0.669,0.097,5.4,8.5,8.7,1.7,2.3,9.6,19.0,95.0,106.0,-0.1,0.5,0.3,0.031,52,154,0.338,30,103,0.291,22,51,0.431,12,15,0.8,20,62,23,14,11,17,30,146,5.0,28.1,30.0,14.0,27.0,17.0,2.91,-0.32,2.59,108.1,104.4,3.7,77.3,0.273,0.383,0.552,0.506,13.6,23.5,0.09090909090909091,0.489,14.1,74.5,0.199,,LVA,30.0,14.0,0.682,4.0,rookie,1,0,0,0,0.7954545454545454,0.45714285714285713,9.704545454545455,0,0,13.77049180327869,2.2950819672131146,5.901639344262295,0.7,2.2950819672131146,0.9178321678321678,0.6590909090909091,1.4,0.008571428571428572,0.02810304449648712,-0.09700000000000003,-0.07100000000000001,0.6697824024560418,0.3,0.0,0.0,4.2,0.0,0.0,-1.2007513532775145,-0.41031303555673243
Maddy Westbeld,69267,Rookie,26,1,13.6,4.1,1.5,4.0,36.2%,0.8,2.4,33.9%,0.7,1.7,39.5%,0.5,0.6,87.5%,0.8,1.6,2.4,0.9,0.6,0.5,0.3,1.6,CHI,F,26,354,1,13.6,1.5,4.0,0.362,0.7,1.7,0.395,0.8,2.4,0.339,0.5,0.6,0.875,0.8,2.4,0.9,0.5,0.3,0.6,1.6,4.1,10.4,0.478,0.443,0.41,0.152,7.1,10.3,10.9,1.9,1.9,12.5,16.3,100.0,112.0,0.1,0.1,0.2,0.028,38,105,0.362,17,43,0.395,21,62,0.339,14,16,0.875,21,62,23,13,7,16,42,107,12.0,27.7,10.0,34.0,7.0,37.0,-10.05,0.92,-9.13,98.8,111.9,-13.1,76.7,0.259,0.306,0.516,0.476,17.4,29.1,0.15,0.521,12.6,74.7,0.215,,CHI,10.0,34.0,0.227,24.0,rookie,1,0,0,0,0.5909090909090909,0.038461538461538464,8.045454545454545,0,0,12.058823529411764,2.647058823529412,7.058823529411765,0.8,2.3529411764705883,0.9615384615384615,0.425,1.5,0.007692307692307693,0.022598870056497175,-0.038000000000000034,-0.032999999999999974,-1.8591173596021162,0.2,0.0,0.0,4.1,0.0,0.0,-1.5438777917626294,-0.15969594417062197
Kiana Williams,12772,UFA,11,0,9.7,4.1,1.5,3.6,42.5%,0.7,1.3,57.1%,0.8,2.4,34.6%,0.2,0.4,50.0%,0.0,1.0,1.0,0.9,0.5,0.3,0.0,0.5,PHO,G,11,107,0,9.7,1.5,3.6,0.425,0.8,2.4,0.346,0.7,1.3,0.571,0.2,0.4,0.5,0.0,1.0,0.9,0.3,0.0,0.5,0.5,4.1,11.9,0.539,0.538,0.65,0.1,0.0,5.9,16.0,1.4,0.0,12.6,20.1,100.0,106.0,0.0,0.1,0.2,0.06,17,40,0.425,9,26,0.346,8,14,0.571,2,4,0.5,0,11,10,3,0,6,6,45,6.0,29.7,27.0,17.0,27.0,17.0,2.68,-0.13,2.55,105.9,102.5,3.4,78.2,0.259,0.403,0.542,0.502,14.1,24.4,0.11111111111111112,0.486,15.5,75.5,0.225,,PHO,27.0,17.0,0.614,7.0,veteran,0,0,1,0,0.25,0.0,2.4318181818181817,0,0,16.90721649484536,3.7113402061855676,4.123711340206186,0.3,1.2371134020618557,1.0858050847457625,0.6666666666666666,1.8,0.018181818181818184,0.07476635514018692,-0.0030000000000000027,0.03600000000000003,0.5112900678967056,0.0,0.2,0.0,0.0,4.1,0.0,-2.1368966622945447,0.12322829219765884
Kiana Williams,11661,UFA,11,0,9.7,4.1,1.5,3.6,42.5%,0.7,1.3,57.1%,0.8,2.4,34.6%,0.2,0.4,50.0%,0.0,1.0,1.0,0.9,0.5,0.3,0.0,0.5,PHO,G,11,107,0,9.7,1.5,3.6,0.425,0.8,2.4,0.346,0.7,1.3,0.571,0.2,0.4,0.5,0.0,1.0,0.9,0.3,0.0,0.5,0.5,4.1,11.9,0.539,0.538,0.65,0.1,0.0,5.9,16.0,1.4,0.0,12.6,20.1,100.0,106.0,0.0,0.1,0.2,0.06,17,40,0.425,9,26,0.346,8,14,0.571,2,4,0.5,0,11,10,3,0,6,6,45,6.0,29.7,27.0,17.0,27.0,17.0,2.68,-0.13,2.55,105.9,102.5,3.4,78.2,0.259,0.403,0.542,0.502,14.1,24.4,0.11111111111111112,0.486,15.5,75.5,0.225,,PHO,27.0,17.0,0.614,7.0,veteran,0,0,1,0,0.25,0.0,2.4318181818181817,0,0,16.90721649484536,3.7113402061855676,4.123711340206186,0.3,1.2371134020618557,1.0858050847457625,0.6666666666666666,1.8,0.018181818181818184,0.07476635514018692,-0.0030000000000000027,0.03600000000000003,0.5112900678967056,0.0,0.2,0.0,0.0,4.1,0.0,-2.1368966622945447,0.12322829219765884
Kiana Williams,9440,UFA,11,0,9.7,4.1,1.5,3.6,42.5%,0.7,1.3,57.1%,0.8,2.4,34.6%,0.2,0.4,50.0%,0.0,1.0,1.0,0.9,0.5,0.3,0.0,0.5,PHO,G,11,107,0,9.7,1.5,3.6,0.425,0.8,2.4,0.346,0.7,1.3,0.571,0.2,0.4,0.5,0.0,1.0,0.9,0.3,0.0,0.5,0.5,4.1,11.9,0.539,0.538,0.65,0.1,0.0,5.9,16.0,1.4,0.0,12.6,20.1,100.0,106.0,0.0,0.1,0.2,0.06,17,40,0.425,9,26,0.346,8,14,0.571,2,4,0.5,0,11,10,3,0,6,6,45,6.0,29.7,27.0,17.0,27.0,17.0,2.68,-0.13,2.55,105.9,102.5,3.4,78.2,0.259,0.403,0.542,0.502,14.1,24.4,0.11111111111111112,0.486,15.5,75.5,0.225,,PHO,27.0,17.0,0.614,7.0,veteran,0,0,1,0,0.25,0.0,2.4318181818181817,0,0,16.90721649484536,3.7113402061855676,4.123711340206186,0.3,1.2371134020618557,1.0858050847457625,0.6666666666666666,1.8,0.018181818181818184,0.07476635514018692,-0.0030000000000000027,0.03600000000000003,0.5112900678967056,0.0,0.2,0.0,0.0,4.1,0.0,-2.1368966622945447,0.12322829219765884
Lucy Olsen,69267,Rookie,41,0,12.4,4.0,1.6,3.9,41.5%,1.1,2.2,52.8%,0.5,1.7,27.1%,0.3,0.4,82.4%,0.3,0.9,1.2,1.2,0.5,0.4,0.1,1.1,WAS,G,41,508,0,12.4,1.6,3.9,0.415,0.5,1.7,0.271,1.1,2.2,0.528,0.3,0.4,0.824,0.3,1.2,1.2,0.4,0.1,0.5,1.1,4.0,10.4,0.496,0.475,0.44,0.107,2.7,5.8,17.0,1.5,0.9,11.2,17.0,100.0,108.0,0.2,0.4,0.6,0.046,66,159,0.415,19,70,0.271,47,89,0.528,14,17,0.824,11,48,49,15,5,21,45,165,10.0,24.8,16.0,28.0,14.0,30.0,-4.43,0.21,-4.23,100.0,105.7,-5.7,76.9,0.325,0.269,0.53,0.483,16.4,23.5,0.10256410256410257,0.505,14.3,77.6,0.225,,WAS,16.0,28.0,0.364,18.0,rookie,1,0,0,0,0.9318181818181818,0.0,11.545454545454545,0,0,12.903225806451612,3.8709677419354835,3.8709677419354835,0.5,1.6129032258064515,0.9813542688910698,0.4358974358974359,2.4,0.014634146341463414,0.047244094488188976,-0.03400000000000003,-0.008000000000000007,-0.8949866139096142,0.6,0.0,0.0,4.0,0.0,0.0,-0.7912026810104331,0.41100580221519695
Diamond Miller,83371,,40,1,10.9,4.0,1.4,3.4,40.3%,0.9,2.1,44.6%,0.4,1.3,33.3%,0.9,1.2,76.1%,0.3,1.0,1.3,0.8,0.9,0.3,0.2,1.6,TOT,F,40,434,1,10.9,1.4,3.4,0.403,0.4,1.3,0.333,0.9,2.1,0.446,0.9,1.2,0.761,0.3,1.3,0.8,0.3,0.2,0.9,1.6,4.0,8.5,0.519,0.466,0.381,0.343,2.9,7.0,11.0,1.4,1.5,18.1,19.4,94.0,108.0,-0.1,0.4,0.2,0.021,54,134,0.403,17,51,0.333,37,83,0.446,35,46,0.761,11,52,31,12,7,34,65,160,,,,,,,,,,,,,,,,,,,,0.35294117647058826,,,,,,,,,,,unknown,0,0,0,1,0.9090909090909091,0.025,9.863636363636363,0,0,14.678899082568806,2.9357798165137616,4.770642201834862,0.5,1.8348623853211008,1.0183299389002036,0.3823529411764706,0.888888888888889,0.005,0.018433179723502304,,,0.24831765944039572,0.0,0.0,0.0,0.0,0.0,0.0,-0.9583680454717233,-0.17712872430368926
Alysha Clark,205908,UFA,42,15,19.7,3.9,1.4,3.8,37.1%,0.8,1.5,52.4%,0.6,2.3,27.1%,0.5,0.6,73.1%,0.4,2.4,2.8,1.2,0.5,0.6,0.1,1.9,TOT,F,42,828,15,19.7,1.4,3.8,0.371,0.6,2.3,0.271,0.8,1.5,0.524,0.5,0.6,0.731,0.4,2.8,1.2,0.6,0.1,0.5,1.9,3.9,7.1,0.478,0.453,0.604,0.164,2.3,8.6,9.3,1.6,0.4,11.4,10.7,98.0,106.0,0.1,1.0,1.1,0.051,59,159,0.371,26,96,0.271,33,63,0.524,19,26,0.731,16,117,51,26,4,22,81,163,,,,,,,,,,,,,,,,,,,,0.15789473684210525,,,,,,,,,,,veteran,0,0,1,0,0.9545454545454546,0.35714285714285715,18.818181818181817,0,1,7.918781725888324,2.4365482233502536,5.685279187817258,0.7,1.4213197969543145,0.9596456692913385,0.6052631578947368,2.4,0.02619047619047619,0.05314009661835749,,,0.24831765944039572,0.0,1.1,0.0,0.0,3.9,0.0,-0.5144102682344206,-0.06319467952706091
Nia Coffey,150000,UFA,44,2,10.3,3.9,1.3,3.3,37.4%,0.7,1.5,47.7%,0.5,1.9,29.3%,0.8,1.1,72.0%,0.6,2.0,2.6,1.0,0.7,0.2,0.4,1.1,ATL,F,44,455,2,10.3,1.3,3.3,0.374,0.5,1.9,0.293,0.7,1.5,0.477,0.8,1.1,0.72,0.6,2.6,1.0,0.2,0.4,0.7,1.1,3.9,14.1,0.503,0.456,0.558,0.34,6.9,14.8,16.1,1.2,3.4,15.1,20.1,103.0,99.0,0.4,1.0,1.4,0.121,55,147,0.374,24,82,0.293,31,65,0.477,36,50,0.72,26,114,46,10,18,30,47,170,2.0,27.8,30.0,14.0,35.0,9.0,7.59,-1.1,6.49,110.5,100.5,10.0,76.2,0.275,0.418,0.555,0.514,12.9,26.7,0.33333333333333337,0.478,13.4,79.8,0.181,,ATL,30.0,14.0,0.682,4.0,veteran,0,0,1,0,1.0,0.045454545454545456,10.340909090909092,0,0,15.145631067961164,3.8834951456310676,10.097087378640776,0.6000000000000001,2.330097087378641,1.0306553911205074,0.5757575757575758,1.4285714285714286,0.031818181818181815,0.12307692307692308,-0.052000000000000046,-0.057999999999999996,1.2293152868634125,0.0,1.4,0.0,0.0,3.9,0.0,-0.3032501214547969,0.041496992091676045
Aaliyah Nye,69267,Rookie,44,2,15.3,3.8,1.3,3.9,34.5%,0.5,1.2,41.5%,0.8,2.7,31.4%,0.3,0.4,82.4%,0.3,1.2,1.5,0.5,0.6,0.3,0.2,1.3,LVA,G-F,44,671,2,15.3,1.3,3.9,0.345,0.8,2.7,0.314,0.5,1.2,0.415,0.3,0.4,0.824,0.3,1.5,0.5,0.3,0.2,0.6,1.3,3.8,5.7,0.473,0.453,0.69,0.099,2.6,5.7,5.5,1.0,1.2,13.1,14.0,91.0,109.0,-0.4,0.4,0.0,0.002,59,171,0.345,37,118,0.314,22,53,0.415,14,17,0.824,15,66,24,13,9,27,57,169,5.0,28.1,30.0,14.0,27.0,17.0,2.91,-0.32,2.59,108.1,104.4,3.7,77.3,0.273,0.383,0.552,0.506,13.6,23.5,0.10256410256410257,0.489,14.1,74.5,0.199,,LVA,30.0,14.0,0.682,4.0,rookie,1,0,0,0,1.0,0.045454545454545456,15.25,0,1,9.934640522875817,1.3071895424836601,3.9215686274509807,0.5,1.3071895424836601,0.9322865554465163,0.6923076923076924,0.8333333333333334,0.0,0.0,-0.07900000000000007,-0.05299999999999999,0.6697824024560418,0.0,0.0,0.0,3.8,0.0,0.0,-1.1430338021912785,-0.5992917708742502
Stefanie Dolson,170000,UFA,43,14,15.2,3.7,1.4,3.3,42.3%,0.8,1.6,49.3%,0.6,1.7,36.0%,0.3,0.5,70.0%,0.4,1.9,2.3,1.4,0.7,0.3,0.3,2.3,WAS,C,43,653,14,15.2,1.4,3.3,0.423,0.6,1.7,0.36,0.8,1.6,0.493,0.3,0.5,0.7,0.4,2.3,1.4,0.3,0.3,0.7,2.3,3.7,8.5,0.534,0.518,0.528,0.141,3.0,9.1,14.9,1.0,2.1,16.1,12.7,102.0,107.0,0.3,0.6,1.0,0.059,60,142,0.423,27,75,0.36,33,67,0.493,14,20,0.7,16,97,59,12,14,29,97,161,10.0,24.8,16.0,28.0,14.0,30.0,-4.43,0.21,-4.23,100.0,105.7,-5.7,76.9,0.325,0.269,0.53,0.483,16.4,23.5,0.15151515151515152,0.505,14.3,77.6,0.225,,WAS,16.0,28.0,0.364,18.0,veteran,0,0,1,0,0.9772727272727273,0.32558139534883723,14.840909090909092,0,1,9.73684210526316,3.6842105263157894,6.052631578947368,0.6,1.5789473684210527,1.0511363636363638,0.5151515151515151,2.0,0.023255813953488372,0.06125574272588055,0.0040000000000000036,0.03500000000000003,-0.8949866139096142,0.0,1.0,0.0,0.0,3.7,0.0,-0.6039852527343372,0.4395730555275059
Rebekah Gardner,66079,Reserved,41,5,12.2,3.7,1.3,2.7,50.0%,0.9,1.7,51.5%,0.5,1.0,47.6%,0.5,0.7,81.5%,0.7,1.1,1.8,0.6,0.6,0.6,0.2,1.5,NYL,G,41,502,5,12.2,1.3,2.7,0.5,0.5,1.0,0.476,0.9,1.7,0.515,0.5,0.7,0.815,0.7,1.8,0.6,0.6,0.2,0.6,1.5,3.7,12.5,0.624,0.591,0.382,0.245,6.6,8.5,7.9,2.6,1.3,15.9,13.4,114.0,104.0,0.8,0.7,1.6,0.125,55,110,0.5,20,42,0.476,35,68,0.515,22,27,0.815,27,74,25,25,7,23,63,152,3.0,29.4,27.0,17.0,29.0,15.0,4.07,-0.28,3.79,108.3,103.1,5.2,77.9,0.286,0.41,0.574,0.526,14.9,20.8,0.25925925925925924,0.483,13.9,73.6,0.183,,NYL,27.0,17.0,0.614,7.0,controlled,0,0,0,0,0.9318181818181818,0.12195121951219512,11.409090909090908,0,0,12.131147540983607,1.9672131147540983,5.901639344262295,0.8,2.6229508196721314,1.2300531914893618,0.37037037037037035,1.0,0.03902439024390244,0.12749003984063745,0.050000000000000044,0.06499999999999995,0.6796248973640951,0.0,0.0,0.0,0.0,0.0,0.0,-0.959145053678344,-0.5557754665549425
Jaelyn Brown,42757,UFA,10,0,13.1,3.7,1.4,3.7,37.8%,0.6,1.9,31.6%,0.8,1.8,44.4%,0.1,0.2,50.0%,0.4,0.8,1.2,0.1,0.5,0.5,0.2,1.7,CON,G-F,10,131,0,13.1,1.4,3.7,0.378,0.8,1.8,0.444,0.6,1.9,0.316,0.1,0.2,0.5,0.4,1.2,0.1,0.5,0.2,0.5,1.7,3.7,6.3,0.488,0.486,0.486,0.054,3.5,5.5,1.3,2.0,1.5,11.7,14.9,90.0,114.0,-0.1,0.0,-0.1,-0.027,14,37,0.378,8,18,0.444,6,19,0.316,1,2,0.5,4,12,1,5,2,5,17,37,13.0,27.1,11.0,33.0,7.0,37.0,-10.11,0.87,-9.24,98.3,111.4,-13.1,76.9,0.272,0.304,0.505,0.458,14.9,24.4,0.05405405405405406,0.53,15.4,72.6,0.254,,CON,11.0,33.0,0.25,23.0,veteran,0,0,1,0,0.22727272727272727,0.0,2.977272727272727,0,0,11.297709923664124,0.30534351145038174,3.66412213740458,0.7,2.1374045801526718,0.9767687434002111,0.48648648648648646,0.2,-0.01,-0.030534351145038167,-0.017000000000000015,0.02799999999999997,-1.8186115421419249,-0.0,-0.1,-0.0,0.0,3.7,0.0,-2.744127871520675,-0.9503015184413582
Emily Engstler,81079,Reserved,40,0,12.8,3.7,1.3,3.4,39.6%,0.9,1.8,52.1%,0.4,1.6,25.4%,0.6,0.9,66.7%,0.9,2.3,3.3,1.5,1.0,0.7,0.7,1.3,WAS,F,40,512,0,12.8,1.3,3.4,0.396,0.4,1.6,0.254,0.9,1.8,0.521,0.6,0.9,0.667,0.9,3.3,1.5,0.7,0.7,1.0,1.3,3.7,14.7,0.487,0.455,0.47,0.269,8.9,15.6,19.1,2.8,5.1,20.2,16.9,96.0,99.0,0.0,1.1,1.1,0.082,53,134,0.396,16,63,0.254,37,71,0.521,24,36,0.667,37,130,58,28,27,38,52,146,10.0,24.8,16.0,28.0,14.0,30.0,-4.43,0.21,-4.23,100.0,105.7,-5.7,76.9,0.325,0.269,0.53,0.483,16.4,23.5,0.2647058823529412,0.505,14.3,77.6,0.225,,WAS,16.0,28.0,0.364,18.0,controlled,0,0,0,0,0.9090909090909091,0.0,11.636363636363637,0,0,11.5625,4.6875,10.3125,1.4,4.375,0.9747102212855638,0.4705882352941177,1.5,0.027500000000000004,0.0859375,-0.04300000000000004,-0.02799999999999997,-0.8949866139096142,0.0,0.0,0.0,0.0,0.0,0.0,-0.4449491620192616,0.622681854892666
Hailey Van Lith,72455,Rookie,29,0,12.4,3.5,1.3,3.8,33.9%,1.1,2.7,41.0%,0.2,1.1,16.1%,0.8,1.1,74.2%,0.1,0.9,1.1,1.6,1.2,0.4,0.1,0.8,CHI,G,29,361,0,12.4,1.3,3.8,0.339,0.2,1.1,0.161,1.1,2.7,0.41,0.8,1.1,0.742,0.1,1.1,1.6,0.4,0.1,1.2,0.8,3.5,5.6,0.416,0.362,0.284,0.284,1.3,5.0,20.8,1.7,1.0,22.7,19.7,80.0,114.0,-0.9,0.0,-0.9,-0.102,37,109,0.339,5,31,0.161,32,78,0.41,23,31,0.742,4,31,45,12,4,36,22,102,12.0,27.7,10.0,34.0,7.0,37.0,-10.05,0.92,-9.13,98.8,111.9,-13.1,76.7,0.259,0.306,0.516,0.476,17.4,29.1,0.2894736842105263,0.521,12.6,74.7,0.215,,CHI,10.0,34.0,0.227,24.0,rookie,1,0,0,0,0.6590909090909091,0.0,8.204545454545455,0,0,11.29032258064516,5.161290322580645,3.5483870967741935,0.5,1.6129032258064515,0.8169934640522876,0.2894736842105263,1.3333333333333335,-0.03103448275862069,-0.09972299168975068,-0.10000000000000003,-0.11399999999999999,-1.8591173596021162,-0.9,-0.0,-0.0,3.5,0.0,0.0,-1.493929792233021,1.1069321649105135
Zia Cooke,66079,UFA,26,0,10.0,3.5,1.2,3.2,35.7%,0.6,1.8,32.6%,0.6,1.5,39.5%,0.6,0.9,65.2%,0.2,0.3,0.5,0.5,0.8,0.4,0.0,1.0,SEA,G,26,261,0,10.0,1.2,3.2,0.357,0.6,1.5,0.395,0.6,1.8,0.326,0.6,0.9,0.652,0.2,0.5,0.5,0.4,0.0,0.8,1.0,3.5,5.6,0.478,0.446,0.452,0.274,2.7,3.2,8.1,2.0,0.3,18.9,20.4,83.0,107.0,-0.5,0.3,-0.3,-0.043,30,84,0.357,15,38,0.395,15,46,0.326,15,23,0.652,6,14,14,10,1,22,26,90,7.0,30.2,23.0,21.0,26.0,18.0,2.05,-0.02,2.02,104.5,101.9,2.6,78.2,0.231,0.319,0.539,0.505,13.2,19.9,0.28125,0.497,16.8,74.2,0.219,,SEA,23.0,21.0,0.523,11.0,veteran,0,0,1,0,0.5909090909090909,0.0,5.931818181818182,0,0,14.0,2.0,2.0,0.4,1.6,0.9733036707452725,0.46875,0.625,-0.011538461538461537,-0.04597701149425287,-0.061000000000000054,-0.059,0.24831765944039572,-0.0,-0.3,-0.0,0.0,3.5,0.0,-1.9868523591550684,-0.40407585483629677
Zia Cooke,13882,UFA,26,0,10.0,3.5,1.2,3.2,35.7%,0.6,1.8,32.6%,0.6,1.5,39.5%,0.6,0.9,65.2%,0.2,0.3,0.5,0.5,0.8,0.4,0.0,1.0,SEA,G,26,261,0,10.0,1.2,3.2,0.357,0.6,1.5,0.395,0.6,1.8,0.326,0.6,0.9,0.652,0.2,0.5,0.5,0.4,0.0,0.8,1.0,3.5,5.6,0.478,0.446,0.452,0.274,2.7,3.2,8.1,2.0,0.3,18.9,20.4,83.0,107.0,-0.5,0.3,-0.3,-0.043,30,84,0.357,15,38,0.395,15,46,0.326,15,23,0.652,6,14,14,10,1,22,26,90,7.0,30.2,23.0,21.0,26.0,18.0,2.05,-0.02,2.02,104.5,101.9,2.6,78.2,0.231,0.319,0.539,0.505,13.2,19.9,0.28125,0.497,16.8,74.2,0.219,,SEA,23.0,21.0,0.523,11.0,veteran,0,0,1,0,0.5909090909090909,0.0,5.931818181818182,0,0,14.0,2.0,2.0,0.4,1.6,0.9733036707452725,0.46875,0.625,-0.011538461538461537,-0.04597701149425287,-0.061000000000000054,-0.059,0.24831765944039572,-0.0,-0.3,-0.0,0.0,3.5,0.0,-1.9868523591550684,-0.40407585483629677
Grace Berger,17214,UFA,19,13,22.0,3.4,1.4,4.7,29.2%,1.3,3.5,36.4%,0.1,1.2,8.7%,0.5,0.8,66.7%,0.6,2.7,3.3,3.1,1.1,0.7,0.4,1.9,TOT,G,19,418,13,22.0,1.4,4.7,0.292,0.1,1.2,0.087,1.3,3.5,0.364,0.5,0.8,0.667,0.6,3.3,3.1,0.7,0.4,1.1,1.9,3.4,6.2,0.335,0.303,0.258,0.169,3.2,8.7,20.1,1.7,1.6,18.0,12.1,83.0,112.0,-0.6,0.1,-0.5,-0.046,26,89,0.292,2,23,0.087,24,66,0.364,10,15,0.667,12,63,58,14,7,21,37,64,,,,,,,,,,,,,,,,,,,,0.1702127659574468,,,,,,,,,,,veteran,0,0,1,0,0.4318181818181818,0.6842105263157895,9.5,1,1,6.181818181818182,5.636363636363637,5.999999999999999,1.1,2.0,0.6730007917656373,0.2553191489361702,2.818181818181818,-0.02631578947368421,-0.04784688995215311,,,0.24831765944039572,-0.0,-0.5,-0.0,0.0,3.4,0.0,-1.6350363745126155,1.5835092655203942
Grace Berger,11661,Hardship,19,13,22.0,3.4,1.4,4.7,29.2%,1.3,3.5,36.4%,0.1,1.2,8.7%,0.5,0.8,66.7%,0.6,2.7,3.3,3.1,1.1,0.7,0.4,1.9,TOT,G,19,418,13,22.0,1.4,4.7,0.292,0.1,1.2,0.087,1.3,3.5,0.364,0.5,0.8,0.667,0.6,3.3,3.1,0.7,0.4,1.1,1.9,3.4,6.2,0.335,0.303,0.258,0.169,3.2,8.7,20.1,1.7,1.6,18.0,12.1,83.0,112.0,-0.6,0.1,-0.5,-0.046,26,89,0.292,2,23,0.087,24,66,0.364,10,15,0.667,12,63,58,14,7,21,37,64,,,,,,,,,,,,,,,,,,,,0.1702127659574468,,,,,,,,,,,hardship,0,1,0,0,0.4318181818181818,0.6842105263157895,9.5,1,1,6.181818181818182,5.636363636363637,5.999999999999999,1.1,2.0,0.6730007917656373,0.2553191489361702,2.818181818181818,-0.02631578947368421,-0.04784688995215311,,,0.24831765944039572,-0.0,-0.0,-0.5,0.0,0.0,3.4,-1.6350363745126155,1.5835092655203942
Grace Berger,1666,Hardship,19,13,22.0,3.4,1.4,4.7,29.2%,1.3,3.5,36.4%,0.1,1.2,8.7%,0.5,0.8,66.7%,0.6,2.7,3.3,3.1,1.1,0.7,0.4,1.9,TOT,G,19,418,13,22.0,1.4,4.7,0.292,0.1,1.2,0.087,1.3,3.5,0.364,0.5,0.8,0.667,0.6,3.3,3.1,0.7,0.4,1.1,1.9,3.4,6.2,0.335,0.303,0.258,0.169,3.2,8.7,20.1,1.7,1.6,18.0,12.1,83.0,112.0,-0.6,0.1,-0.5,-0.046,26,89,0.292,2,23,0.087,24,66,0.364,10,15,0.667,12,63,58,14,7,21,37,64,,,,,,,,,,,,,,,,,,,,0.1702127659574468,,,,,,,,,,,hardship,0,1,0,0,0.4318181818181818,0.6842105263157895,9.5,1,1,6.181818181818182,5.636363636363637,5.999999999999999,1.1,2.0,0.6730007917656373,0.2553191489361702,2.818181818181818,-0.02631578947368421,-0.04784688995215311,,,0.24831765944039572,-0.0,-0.0,-0.5,0.0,0.0,3.4,-1.6350363745126155,1.5835092655203942
Murjanatu Musa,31096,UDFA,12,0,10.1,3.3,1.3,2.9,45.7%,1.3,2.8,45.5%,0.1,0.2,50.0%,0.6,0.9,63.6%,1.5,1.1,2.6,0.6,0.6,0.3,0.2,1.4,PHO,C,12,122,0,10.2,1.3,2.9,0.457,0.1,0.2,0.5,1.3,2.8,0.455,0.6,0.9,0.636,1.5,2.6,0.6,0.3,0.2,0.6,1.4,3.3,13.6,0.502,0.471,0.057,0.314,16.6,14.5,9.4,1.7,1.5,14.9,17.3,107.0,104.0,0.2,0.2,0.3,0.109,16,35,0.457,1,2,0.5,15,33,0.455,7,11,0.636,18,31,7,4,2,7,17,40,6.0,29.7,27.0,17.0,27.0,17.0,2.68,-0.13,2.55,105.9,102.5,3.4,78.2,0.259,0.403,0.542,0.502,14.1,24.4,0.3103448275862069,0.486,15.5,75.5,0.225,,PHO,27.0,17.0,0.614,7.0,controlled,0,0,0,0,0.2727272727272727,0.0,2.772727272727273,0,0,12.941176470588236,2.3529411764705883,10.19607843137255,0.5,1.9607843137254903,1.0012135922330097,0.06896551724137931,1.0,0.024999999999999998,0.09836065573770492,-0.040000000000000036,-0.031000000000000028,0.5112900678967056,0.0,0.0,0.0,0.0,0.0,0.0,-2.309877664484913,-0.2910413745448825
Karlie Samuelson,118450,UFA,16,4,14.2,3.3,0.9,2.6,33.3%,0.1,0.5,25.0%,0.8,2.1,35.3%,0.8,0.9,92.9%,0.2,1.1,1.3,1.1,0.7,0.4,0.1,1.6,MIN,G,16,228,4,14.3,0.9,2.6,0.333,0.8,2.1,0.353,0.1,0.5,0.25,0.8,0.9,0.929,0.2,1.3,1.1,0.4,0.1,0.7,1.6,3.3,6.8,0.55,0.476,0.81,0.333,1.6,5.2,10.1,1.4,0.4,18.6,11.9,105.0,105.0,0.2,0.3,0.5,0.079,14,42,0.333,12,34,0.353,2,8,0.25,13,14,0.929,3,20,17,6,1,11,26,53,1.0,28.8,34.0,10.0,37.0,7.0,9.41,-0.69,8.72,112.3,100.0,12.3,76.4,0.236,0.372,0.572,0.542,13.9,26.0,0.34615384615384615,0.481,15.9,74.1,0.178,,MIN,34.0,10.0,0.773,,veteran,0,0,1,0,0.36363636363636365,0.25,5.181818181818182,0,0,9.23076923076923,3.076923076923077,3.6363636363636362,0.5,1.3986013986013985,1.1014686248331107,0.8076923076923077,1.5714285714285716,0.03125,0.08771929824561403,-0.02199999999999991,-0.06600000000000006,1.6774743240099597,0.0,0.5,0.0,0.0,3.3,0.0,-2.201485372316893,0.2362655361659815
Tiffany Mitchell,42397,UFA,39,3,13.1,3.2,1.0,2.6,39.2%,0.7,1.8,40.3%,0.3,0.8,36.7%,0.9,1.2,74.5%,0.3,0.8,1.1,0.3,0.6,0.4,0.2,1.3,TOT,G,39,510,3,13.1,1.0,2.6,0.392,0.3,0.8,0.367,0.7,1.8,0.403,0.9,1.2,0.745,0.3,1.1,0.3,0.4,0.2,0.6,1.3,3.2,5.9,0.514,0.446,0.294,0.461,2.5,4.9,3.5,1.4,1.4,16.4,13.1,93.0,108.0,-0.2,0.5,0.3,0.022,40,102,0.392,11,30,0.367,29,72,0.403,35,47,0.745,11,42,12,14,8,24,52,126,,,,,,,,,,,,,,,,,,,,0.4615384615384615,,,,,,,,,,,veteran,0,0,1,0,0.8863636363636364,0.07692307692307693,11.590909090909092,0,0,9.770992366412216,0.916030534351145,3.358778625954199,0.6000000000000001,1.8320610687022905,1.0230179028132993,0.3076923076923077,0.5,0.007692307692307692,0.023529411764705882,,,0.24831765944039572,0.0,0.3,0.0,0.0,3.2,0.0,-1.559486896294621,-0.7896413795455934
Tiffany Mitchell,40789,UFA,39,3,13.1,3.2,1.0,2.6,39.2%,0.7,1.8,40.3%,0.3,0.8,36.7%,0.9,1.2,74.5%,0.3,0.8,1.1,0.3,0.6,0.4,0.2,1.3,TOT,G,39,510,3,13.1,1.0,2.6,0.392,0.3,0.8,0.367,0.7,1.8,0.403,0.9,1.2,0.745,0.3,1.1,0.3,0.4,0.2,0.6,1.3,3.2,5.9,0.514,0.446,0.294,0.461,2.5,4.9,3.5,1.4,1.4,16.4,13.1,93.0,108.0,-0.2,0.5,0.3,0.022,40,102,0.392,11,30,0.367,29,72,0.403,35,47,0.745,11,42,12,14,8,24,52,126,,,,,,,,,,,,,,,,,,,,0.4615384615384615,,,,,,,,,,,veteran,0,0,1,0,0.8863636363636364,0.07692307692307693,11.590909090909092,0,0,9.770992366412216,0.916030534351145,3.358778625954199,0.6000000000000001,1.8320610687022905,1.0230179028132993,0.3076923076923077,0.5,0.007692307692307692,0.023529411764705882,,,0.24831765944039572,0.0,0.3,0.0,0.0,3.2,0.0,-1.559486896294621,-0.7896413795455934
Sevgi Uzun,25543,UFA,25,3,17.6,3.1,1.2,3.8,32.6%,1.0,2.6,40.0%,0.2,1.2,16.7%,0.4,0.6,68.8%,0.0,1.2,1.2,2.5,1.7,0.5,0.1,1.5,TOT,G,25,439,3,17.6,1.2,3.8,0.326,0.2,1.2,0.167,1.0,2.6,0.4,0.4,0.6,0.688,0.0,1.2,2.5,0.5,0.1,1.7,1.5,3.1,2.7,0.382,0.353,0.316,0.168,0.3,4.1,22.5,1.5,0.6,29.6,14.8,74.0,113.0,-1.2,0.0,-1.2,-0.105,31,95,0.326,5,30,0.167,26,65,0.4,11,16,0.688,1,31,63,13,3,43,37,78,,,,,,,,,,,,,,,,,,,,0.15789473684210525,,,,,,,,,,,veteran,0,0,1,0,0.5681818181818182,0.12,9.977272727272727,0,1,7.045454545454545,5.681818181818182,2.727272727272727,0.6,1.3636363636363635,0.7627952755905512,0.3157894736842105,1.4705882352941178,-0.048,-0.1093394077448747,,,0.24831765944039572,-0.0,-1.2,-0.0,0.0,3.1,0.0,-1.7122476014625216,1.6998930077842762
Sevgi Uzun,11106,Reserved,25,3,17.6,3.1,1.2,3.8,32.6%,1.0,2.6,40.0%,0.2,1.2,16.7%,0.4,0.6,68.8%,0.0,1.2,1.2,2.5,1.7,0.5,0.1,1.5,TOT,G,25,439,3,17.6,1.2,3.8,0.326,0.2,1.2,0.167,1.0,2.6,0.4,0.4,0.6,0.688,0.0,1.2,2.5,0.5,0.1,1.7,1.5,3.1,2.7,0.382,0.353,0.316,0.168,0.3,4.1,22.5,1.5,0.6,29.6,14.8,74.0,113.0,-1.2,0.0,-1.2,-0.105,31,95,0.326,5,30,0.167,26,65,0.4,11,16,0.688,1,31,63,13,3,43,37,78,,,,,,,,,,,,,,,,,,,,0.15789473684210525,,,,,,,,,,,controlled,0,0,0,0,0.5681818181818182,0.12,9.977272727272727,0,1,7.045454545454545,5.681818181818182,2.727272727272727,0.6,1.3636363636363635,0.7627952755905512,0.3157894736842105,1.4705882352941178,-0.048,-0.1093394077448747,,,0.24831765944039572,-0.0,-0.0,-0.0,0.0,0.0,0.0,-1.7122476014625216,1.6998930077842762
Sarah Ashlee Barker,72455,Rookie,34,8,14.1,3.1,1.0,3.1,33.7%,0.5,1.3,39.5%,0.5,1.8,29.5%,0.5,0.7,70.8%,0.3,1.6,1.9,0.9,1.1,0.3,0.1,1.3,LAS,G,34,481,8,14.1,1.0,3.1,0.337,0.5,1.8,0.295,0.5,1.3,0.395,0.5,0.7,0.708,0.3,1.9,0.9,0.3,0.1,1.1,1.3,3.1,4.1,0.458,0.423,0.587,0.231,2.5,8.2,9.4,1.2,0.8,24.4,14.1,81.0,113.0,-0.8,0.0,-0.8,-0.064,35,104,0.337,18,61,0.295,17,43,0.395,17,24,0.708,10,66,31,11,4,37,45,105,9.0,28.3,21.0,23.0,18.0,26.0,-2.57,0.38,-2.19,107.5,110.7,-3.2,79.0,0.304,0.382,0.563,0.521,15.7,24.1,0.2258064516129032,0.524,13.8,73.6,0.189,,LAS,21.0,23.0,0.477,13.0,rookie,1,0,0,0,0.7727272727272727,0.23529411764705882,10.931818181818182,0,0,8.794326241134753,2.5531914893617023,5.390070921985815,0.4,1.1347517730496455,0.90962441314554,0.5806451612903226,0.8181818181818181,-0.023529411764705882,-0.06652806652806653,-0.10499999999999993,-0.09800000000000003,-0.4043709924578387,-0.8,-0.0,-0.0,3.1,0.0,0.0,-1.692903391176324,0.06493494057511007
Megan Gustafson,96820,UFA,20,1,11.3,3.0,1.0,2.9,35.1%,0.4,0.9,38.9%,0.7,2.0,33.3%,0.4,0.8,46.7%,0.4,1.4,1.8,0.3,0.3,0.2,0.3,2.1,LVA,C,20,226,1,11.3,1.0,2.9,0.351,0.7,2.0,0.333,0.4,0.9,0.389,0.4,0.8,0.467,0.4,1.8,0.3,0.2,0.3,0.3,2.1,3.0,5.6,0.472,0.465,0.684,0.263,4.1,9.3,3.4,0.7,2.3,8.6,14.1,96.0,107.0,0.0,0.2,0.2,0.032,20,57,0.351,13,39,0.333,7,18,0.389,7,15,0.467,8,36,5,3,6,6,42,60,5.0,28.1,30.0,14.0,27.0,17.0,2.91,-0.32,2.59,108.1,104.4,3.7,77.3,0.273,0.383,0.552,0.506,13.6,23.5,0.27586206896551724,0.489,14.1,74.5,0.199,,LVA,30.0,14.0,0.682,4.0,veteran,0,0,1,0,0.45454545454545453,0.05,5.136363636363637,0,0,10.619469026548671,1.0619469026548671,6.371681415929203,0.5,1.7699115044247786,0.922509225092251,0.6896551724137931,1.0,0.01,0.03539823008849558,-0.08000000000000007,-0.04099999999999998,0.6697824024560418,0.0,0.2,0.0,0.0,3.0,0.0,-2.3291168437362737,-0.7039495549946105
Megan McConnell,31096,UFA,1,0,12.6,3.0,1.0,4.0,25.0%,0.0,2.0,0.0%,1.0,2.0,50.0%,0.0,0.0,--,1.0,0.0,1.0,3.0,0.0,1.0,0.0,1.0,PHO,G,1,13,0,13.0,1.0,4.0,0.25,1.0,2.0,0.5,0.0,2.0,0.0,0.0,0.0,,1.0,1.0,3.0,1.0,0.0,0.0,1.0,3.0,15.4,0.375,0.375,0.5,0.0,8.6,4.4,34.6,3.9,0.0,0.0,13.8,119.0,104.0,0.0,0.0,0.1,0.162,1,4,0.25,1,2,0.5,0,2,0.0,0,0,,1,1,3,1,0,0,1,3,6.0,29.7,27.0,17.0,27.0,17.0,2.68,-0.13,2.55,105.9,102.5,3.4,78.2,0.259,0.403,0.542,0.502,14.1,24.4,0.0,0.486,15.5,75.5,0.225,,PHO,27.0,17.0,0.614,7.0,veteran,0,0,1,0,0.022727272727272728,0.0,0.29545454545454547,0,0,9.230769230769232,9.230769230769232,3.076923076923077,1.0,3.076923076923077,0.75,0.5,,0.1,0.3076923076923077,-0.16700000000000004,-0.127,0.5112900678967056,0.0,0.1,0.0,0.0,3.0,0.0,-2.433629099114819,2.603601266534842
Stephanie Talbot,125000,UFA,38,10,14.2,2.9,1.0,2.7,37.5%,0.6,1.3,47.9%,0.4,1.5,28.6%,0.5,0.7,64.3%,0.7,2.0,2.7,1.7,1.1,0.5,0.2,1.1,TOT,F,38,541,10,14.2,1.0,2.7,0.375,0.4,1.5,0.286,0.6,1.3,0.479,0.5,0.7,0.643,0.7,2.7,1.7,0.5,0.2,1.1,1.1,2.9,9.2,0.481,0.452,0.538,0.269,5.8,10.9,19.5,1.8,1.0,25.6,13.4,95.0,103.0,-0.1,0.8,0.7,0.054,39,104,0.375,16,56,0.286,23,48,0.479,18,28,0.643,26,101,66,19,6,40,43,112,,,,,,,,,,,,,,,,,,,,0.25925925925925924,,,,,,,,,,,veteran,0,0,1,0,0.8636363636363636,0.2631578947368421,12.295454545454545,0,0,8.169014084507042,4.788732394366198,7.605633802816903,0.7,1.971830985915493,0.964095744680851,0.5555555555555555,1.5454545454545452,0.018421052631578946,0.05175600739371533,,,0.24831765944039572,0.0,0.7,0.0,0.0,2.9,0.0,-0.9112199497985113,1.0215983391414896
Stephanie Talbot,35110,UFA,38,10,14.2,2.9,1.0,2.7,37.5%,0.6,1.3,47.9%,0.4,1.5,28.6%,0.5,0.7,64.3%,0.7,2.0,2.7,1.7,1.1,0.5,0.2,1.1,TOT,F,38,541,10,14.2,1.0,2.7,0.375,0.4,1.5,0.286,0.6,1.3,0.479,0.5,0.7,0.643,0.7,2.7,1.7,0.5,0.2,1.1,1.1,2.9,9.2,0.481,0.452,0.538,0.269,5.8,10.9,19.5,1.8,1.0,25.6,13.4,95.0,103.0,-0.1,0.8,0.7,0.054,39,104,0.375,16,56,0.286,23,48,0.479,18,28,0.643,26,101,66,19,6,40,43,112,,,,,,,,,,,,,,,,,,,,0.25925925925925924,,,,,,,,,,,veteran,0,0,1,0,0.8636363636363636,0.2631578947368421,12.295454545454545,0,0,8.169014084507042,4.788732394366198,7.605633802816903,0.7,1.971830985915493,0.964095744680851,0.5555555555555555,1.5454545454545452,0.018421052631578946,0.05175600739371533,,,0.24831765944039572,0.0,0.7,0.0,0.0,2.9,0.0,-0.9112199497985113,1.0215983391414896
Julie Vanloo,66079,Rookie,35,2,12.8,2.8,0.9,3.2,29.7%,0.2,0.5,42.1%,0.7,2.6,27.2%,0.2,0.3,80.0%,0.1,0.8,0.9,1.9,1.4,0.4,0.0,1.3,TOT,G,35,449,2,12.8,0.9,3.2,0.297,0.7,2.6,0.272,0.2,0.5,0.421,0.2,0.3,0.8,0.1,0.9,1.9,0.4,0.0,1.4,1.3,2.8,3.5,0.429,0.41,0.829,0.09,1.1,4.2,24.1,1.7,0.0,29.8,16.7,79.0,111.0,-1.0,0.2,-0.9,-0.078,33,111,0.297,25,92,0.272,8,19,0.421,8,10,0.8,4,32,68,15,0,49,45,99,,,,,,,,,,,,,,,,,,,,0.09374999999999999,,,,,,,,,,,rookie,1,0,0,0,0.7954545454545454,0.05714285714285714,10.204545454545455,0,0,8.75,5.9375,2.8125,0.4,1.25,0.8403361344537814,0.8125,1.3571428571428572,-0.025714285714285714,-0.08017817371937638,,,0.24831765944039572,-0.9,-0.0,-0.0,2.8,0.0,0.0,-1.4773878728564254,1.728497166017118
Liatu King,16659,Hardship,14,0,9.7,2.7,0.9,1.9,48.1%,0.9,1.5,57.1%,0.1,0.4,16.7%,0.8,1.1,73.3%,0.9,1.2,2.1,0.3,0.8,0.1,0.0,1.0,TOT,F,14,136,0,9.7,0.9,1.9,0.481,0.1,0.4,0.167,0.9,1.5,0.571,0.8,1.1,0.733,0.9,2.1,0.3,0.1,0.0,0.8,1.0,2.7,8.4,0.565,0.5,0.222,0.556,10.6,12.7,4.5,0.7,0.0,24.7,14.6,99.0,115.0,0.0,0.0,0.0,0.005,13,27,0.481,1,6,0.167,12,21,0.571,11,15,0.733,12,29,4,2,0,11,14,38,,,,,,,,,,,,,,,,,,,,0.5789473684210527,,,,,,,,,,,hardship,0,1,0,0,0.3181818181818182,0.0,3.090909090909091,0,0,11.134020618556702,1.2371134020618557,8.659793814432991,0.1,0.41237113402061865,1.13255033557047,0.2105263157894737,0.37499999999999994,0.0,0.0,,,0.24831765944039572,0.0,0.0,0.0,0.0,0.0,2.7,-2.5360685340712843,-0.6337382234088451
Liatu King,4998,UFA,14,0,9.7,2.7,0.9,1.9,48.1%,0.9,1.5,57.1%,0.1,0.4,16.7%,0.8,1.1,73.3%,0.9,1.2,2.1,0.3,0.8,0.1,0.0,1.0,TOT,F,14,136,0,9.7,0.9,1.9,0.481,0.1,0.4,0.167,0.9,1.5,0.571,0.8,1.1,0.733,0.9,2.1,0.3,0.1,0.0,0.8,1.0,2.7,8.4,0.565,0.5,0.222,0.556,10.6,12.7,4.5,0.7,0.0,24.7,14.6,99.0,115.0,0.0,0.0,0.0,0.005,13,27,0.481,1,6,0.167,12,21,0.571,11,15,0.733,12,29,4,2,0,11,14,38,,,,,,,,,,,,,,,,,,,,0.5789473684210527,,,,,,,,,,,veteran,0,0,1,0,0.3181818181818182,0.0,3.090909090909091,0,0,11.134020618556702,1.2371134020618557,8.659793814432991,0.1,0.41237113402061865,1.13255033557047,0.2105263157894737,0.37499999999999994,0.0,0.0,,,0.24831765944039572,0.0,0.0,0.0,0.0,2.7,0.0,-2.5360685340712843,-0.6337382234088451
Makayla Timpson,69267,Rookie,31,0,7.1,2.6,1.0,1.8,56.1%,1.0,1.8,56.1%,0.0,0.0,--,0.6,0.9,66.7%,0.6,1.3,1.8,0.0,0.3,0.4,0.3,0.8,IND,F-C,31,219,0,7.1,1.0,1.8,0.561,0.0,0.0,,1.0,1.8,0.561,0.6,0.9,0.667,0.6,1.8,0.0,0.4,0.3,0.3,0.8,2.6,17.8,0.595,0.561,0.0,0.474,9.8,15.8,0.7,3.0,3.3,10.4,15.7,116.0,99.0,0.5,0.5,1.0,0.175,32,57,0.561,0,0,,32,57,0.561,18,27,0.667,18,57,1,13,8,8,24,82,4.0,28.1,24.0,20.0,28.0,16.0,3.36,-0.83,2.53,108.4,104.1,4.3,78.0,0.261,0.349,0.554,0.517,14.3,26.2,0.5,0.503,16.0,75.7,0.233,,IND,24.0,20.0,0.545,10.0,rookie,1,0,0,0,0.7045454545454546,0.0,4.9772727272727275,0,0,14.647887323943664,0.0,10.140845070422536,0.7,3.943661971830986,1.1839708561020037,0.0,0.0,0.03225806451612903,0.182648401826484,0.040999999999999925,0.04400000000000004,0.4085994662347417,1.0,0.0,0.0,2.6,0.0,0.0,-1.8892295863369166,-1.467544676456495
Lindsay Allen,90000,UFA,31,9,14.5,2.4,0.8,2.1,40.0%,0.7,1.5,48.9%,0.1,0.6,16.7%,0.6,0.7,82.6%,0.3,0.7,1.0,2.0,1.0,0.3,0.2,1.2,CON,G,31,450,9,14.5,0.8,2.1,0.4,0.1,0.6,0.167,0.7,1.5,0.489,0.6,0.7,0.826,0.3,1.0,2.0,0.3,0.2,1.0,1.2,2.4,6.6,0.493,0.423,0.277,0.354,2.3,4.2,21.5,1.2,1.3,29.2,10.7,93.0,116.0,-0.2,-0.2,-0.3,-0.029,26,65,0.4,3,18,0.167,23,47,0.489,19,23,0.826,9,32,61,10,6,31,37,74,13.0,27.1,11.0,33.0,7.0,37.0,-10.11,0.87,-9.24,98.3,111.4,-13.1,76.9,0.272,0.304,0.505,0.458,14.9,24.4,0.3333333333333333,0.53,15.4,72.6,0.254,,CON,11.0,33.0,0.25,23.0,veteran,0,0,1,0,0.7045454545454546,0.2903225806451613,10.227272727272727,0,0,6.620689655172414,5.517241379310345,2.7586206896551726,0.5,1.3793103448275863,0.9966777408637874,0.2857142857142857,2.0,-0.00967741935483871,-0.026666666666666665,-0.01200000000000001,-0.03500000000000003,-1.8186115421419249,-0.0,-0.3,-0.0,0.0,2.4,0.0,-1.624496688406869,1.589130757404159
Sydney Colson,90000,UFA,30,6,13.5,2.4,0.9,2.5,34.2%,0.4,1.0,44.8%,0.4,1.6,27.7%,0.2,0.2,85.7%,0.2,0.6,0.8,2.0,1.2,0.5,0.2,1.1,IND,G,30,404,6,13.5,0.9,2.5,0.342,0.4,1.6,0.277,0.4,1.0,0.448,0.2,0.2,0.857,0.2,0.8,2.0,0.5,0.2,1.2,1.1,2.4,5.8,0.449,0.428,0.618,0.092,2.1,3.8,20.7,1.9,1.4,30.7,12.7,86.0,107.0,-0.4,0.4,0.0,-0.004,26,76,0.342,13,47,0.277,13,29,0.448,6,7,0.857,7,25,60,15,6,35,34,71,4.0,28.1,24.0,20.0,28.0,16.0,3.36,-0.83,2.53,108.4,104.1,4.3,78.0,0.261,0.349,0.554,0.517,14.3,26.2,0.08,0.503,16.0,75.7,0.233,,IND,24.0,20.0,0.545,10.0,veteran,0,0,1,0,0.6818181818181818,0.2,9.181818181818182,0,0,7.111111111111111,5.925925925925926,2.3703703703703702,0.7,2.074074074074074,0.9273570324574961,0.64,1.6666666666666667,0.0,0.0,-0.10500000000000004,-0.08900000000000002,0.4085994662347417,0.0,0.0,0.0,0.0,2.4,0.0,-1.6667434551979046,1.7409172308086824
Alissa Pili,37769,,19,0,5.2,2.3,0.7,1.5,46.4%,0.5,0.8,56.3%,0.2,0.6,33.3%,0.7,0.8,86.7%,0.2,0.8,1.0,0.2,0.4,0.1,0.1,0.7,TOT,F,19,99,0,5.2,0.7,1.5,0.464,0.2,0.6,0.333,0.5,0.8,0.563,0.7,0.8,0.867,0.2,1.0,0.2,0.1,0.1,0.4,0.7,2.3,12.4,0.621,0.536,0.429,0.536,4.9,11.4,4.5,1.1,0.9,18.8,19.6,107.0,104.0,0.1,0.1,0.3,0.111,13,28,0.464,4,12,0.333,9,16,0.563,13,15,0.867,4,19,3,2,1,8,13,43,,,,,,,,,,,,,,,,,,,,0.5333333333333333,,,,,,,,,,,unknown,0,0,0,1,0.4318181818181818,0.0,2.25,0,0,17.69230769230769,1.5384615384615383,7.692307692307692,0.2,1.5384615384615383,1.241900647948164,0.39999999999999997,0.5,0.015789473684210527,0.12121212121212122,,,0.24831765944039572,0.0,0.0,0.0,0.0,0.0,0.0,-2.2355499345705483,-0.8335296110247402
Alissa Pili,11661,UFA,19,0,5.2,2.3,0.7,1.5,46.4%,0.5,0.8,56.3%,0.2,0.6,33.3%,0.7,0.8,86.7%,0.2,0.8,1.0,0.2,0.4,0.1,0.1,0.7,TOT,F,19,99,0,5.2,0.7,1.5,0.464,0.2,0.6,0.333,0.5,0.8,0.563,0.7,0.8,0.867,0.2,1.0,0.2,0.1,0.1,0.4,0.7,2.3,12.4,0.621,0.536,0.429,0.536,4.9,11.4,4.5,1.1,0.9,18.8,19.6,107.0,104.0,0.1,0.1,0.3,0.111,13,28,0.464,4,12,0.333,9,16,0.563,13,15,0.867,4,19,3,2,1,8,13,43,,,,,,,,,,,,,,,,,,,,0.5333333333333333,,,,,,,,,,,veteran,0,0,1,0,0.4318181818181818,0.0,2.25,0,0,17.69230769230769,1.5384615384615383,7.692307692307692,0.2,1.5384615384615383,1.241900647948164,0.39999999999999997,0.5,0.015789473684210527,0.12121212121212122,,,0.24831765944039572,0.0,0.3,0.0,0.0,2.3,0.0,-2.2355499345705483,-0.8335296110247402
Alissa Pili,10550,UFA,19,0,5.2,2.3,0.7,1.5,46.4%,0.5,0.8,56.3%,0.2,0.6,33.3%,0.7,0.8,86.7%,0.2,0.8,1.0,0.2,0.4,0.1,0.1,0.7,TOT,F,19,99,0,5.2,0.7,1.5,0.464,0.2,0.6,0.333,0.5,0.8,0.563,0.7,0.8,0.867,0.2,1.0,0.2,0.1,0.1,0.4,0.7,2.3,12.4,0.621,0.536,0.429,0.536,4.9,11.4,4.5,1.1,0.9,18.8,19.6,107.0,104.0,0.1,0.1,0.3,0.111,13,28,0.464,4,12,0.333,9,16,0.563,13,15,0.867,4,19,3,2,1,8,13,43,,,,,,,,,,,,,,,,,,,,0.5333333333333333,,,,,,,,,,,veteran,0,0,1,0,0.4318181818181818,0.0,2.25,0,0,17.69230769230769,1.5384615384615383,7.692307692307692,0.2,1.5384615384615383,1.241900647948164,0.39999999999999997,0.5,0.015789473684210527,0.12121212121212122,,,0.24831765944039572,0.0,0.3,0.0,0.0,2.3,0.0,-2.2355499345705483,-0.8335296110247402
Lexie Brown,96408,UFA,24,0,9.4,2.1,0.7,2.0,35.4%,0.3,0.5,63.6%,0.4,1.5,27.0%,0.3,0.4,70.0%,0.1,0.6,0.7,1.0,0.3,0.4,0.0,0.8,SEA,G,24,227,0,9.5,0.7,2.0,0.354,0.4,1.5,0.27,0.3,0.5,0.636,0.3,0.4,0.7,0.1,0.7,1.0,0.4,0.0,0.3,0.8,2.1,8.5,0.487,0.458,0.771,0.208,1.0,4.5,14.5,2.0,0.4,10.3,11.8,103.0,106.0,0.1,0.3,0.4,0.069,17,48,0.354,10,37,0.27,7,11,0.636,7,10,0.7,2,17,23,9,1,6,20,51,7.0,30.2,23.0,21.0,26.0,18.0,2.05,-0.02,2.02,104.5,101.9,2.6,78.2,0.231,0.319,0.539,0.505,13.2,19.9,0.2,0.497,16.8,74.2,0.219,,SEA,23.0,21.0,0.523,11.0,veteran,0,0,1,0,0.5454545454545454,0.0,5.159090909090909,0,0,8.842105263157894,4.2105263157894735,2.9473684210526314,0.4,1.6842105263157894,0.9650735294117647,0.75,3.3333333333333335,0.016666666666666666,0.07048458149779736,-0.052000000000000046,-0.046999999999999986,0.24831765944039572,0.0,0.4,0.0,0.0,2.1,0.0,-2.14892831183018,0.7509948494889397
Haley Peters,39747,UFA,33,2,11.5,2.1,0.8,2.5,30.5%,0.5,1.3,39.5%,0.2,1.2,20.5%,0.3,0.4,76.9%,0.8,1.5,2.2,0.8,0.7,0.3,0.1,1.5,CON,F-G,33,380,2,11.5,0.8,2.5,0.305,0.2,1.2,0.205,0.5,1.3,0.395,0.3,0.4,0.769,0.8,2.2,0.8,0.3,0.1,0.7,1.5,2.1,5.0,0.388,0.354,0.476,0.159,7.5,11.6,10.6,1.5,0.8,20.1,13.1,83.0,113.0,-0.6,0.1,-0.5,-0.054,25,82,0.305,8,39,0.205,17,43,0.395,10,13,0.769,25,74,25,11,3,22,50,68,13.0,27.1,11.0,33.0,7.0,37.0,-10.11,0.87,-9.24,98.3,111.4,-13.1,76.9,0.272,0.304,0.505,0.458,14.9,24.4,0.16,0.53,15.4,72.6,0.254,,CON,11.0,33.0,0.25,23.0,veteran,0,0,1,0,0.75,0.06060606060606061,8.636363636363637,0,0,7.304347826086957,2.782608695652174,7.6521739130434785,0.4,1.391304347826087,0.7847533632286995,0.48,1.142857142857143,-0.015151515151515152,-0.05263157894736842,-0.11699999999999999,-0.10400000000000004,-1.8186115421419249,-0.0,-0.5,-0.0,0.0,2.1,0.0,-1.9815793525487562,0.18166367180539944
Haley Peters,25173,UFA,33,2,11.5,2.1,0.8,2.5,30.5%,0.5,1.3,39.5%,0.2,1.2,20.5%,0.3,0.4,76.9%,0.8,1.5,2.2,0.8,0.7,0.3,0.1,1.5,CON,F-G,33,380,2,11.5,0.8,2.5,0.305,0.2,1.2,0.205,0.5,1.3,0.395,0.3,0.4,0.769,0.8,2.2,0.8,0.3,0.1,0.7,1.5,2.1,5.0,0.388,0.354,0.476,0.159,7.5,11.6,10.6,1.5,0.8,20.1,13.1,83.0,113.0,-0.6,0.1,-0.5,-0.054,25,82,0.305,8,39,0.205,17,43,0.395,10,13,0.769,25,74,25,11,3,22,50,68,13.0,27.1,11.0,33.0,7.0,37.0,-10.11,0.87,-9.24,98.3,111.4,-13.1,76.9,0.272,0.304,0.505,0.458,14.9,24.4,0.16,0.53,15.4,72.6,0.254,,CON,11.0,33.0,0.25,23.0,veteran,0,0,1,0,0.75,0.06060606060606061,8.636363636363637,0,0,7.304347826086957,2.782608695652174,7.6521739130434785,0.4,1.391304347826087,0.7847533632286995,0.48,1.142857142857143,-0.015151515151515152,-0.05263157894736842,-0.11699999999999999,-0.10400000000000004,-1.8186115421419249,-0.0,-0.5,-0.0,0.0,2.1,0.0,-1.9815793525487562,0.18166367180539944
Haley Peters,13911,UFA,33,2,11.5,2.1,0.8,2.5,30.5%,0.5,1.3,39.5%,0.2,1.2,20.5%,0.3,0.4,76.9%,0.8,1.5,2.2,0.8,0.7,0.3,0.1,1.5,CON,F-G,33,380,2,11.5,0.8,2.5,0.305,0.2,1.2,0.205,0.5,1.3,0.395,0.3,0.4,0.769,0.8,2.2,0.8,0.3,0.1,0.7,1.5,2.1,5.0,0.388,0.354,0.476,0.159,7.5,11.6,10.6,1.5,0.8,20.1,13.1,83.0,113.0,-0.6,0.1,-0.5,-0.054,25,82,0.305,8,39,0.205,17,43,0.395,10,13,0.769,25,74,25,11,3,22,50,68,13.0,27.1,11.0,33.0,7.0,37.0,-10.11,0.87,-9.24,98.3,111.4,-13.1,76.9,0.272,0.304,0.505,0.458,14.9,24.4,0.16,0.53,15.4,72.6,0.254,,CON,11.0,33.0,0.25,23.0,veteran,0,0,1,0,0.75,0.06060606060606061,8.636363636363637,0,0,7.304347826086957,2.782608695652174,7.6521739130434785,0.4,1.391304347826087,0.7847533632286995,0.48,1.142857142857143,-0.015151515151515152,-0.05263157894736842,-0.11699999999999999,-0.10400000000000004,-1.8186115421419249,-0.0,-0.5,-0.0,0.0,2.1,0.0,-1.9815793525487562,0.18166367180539944
Alexis Prince,3975,UFA,1,0,22.1,2.0,1.0,3.0,33.3%,1.0,2.0,50.0%,0.0,1.0,0.0%,0.0,0.0,--,0.0,8.0,8.0,1.0,3.0,0.0,0.0,1.0,PHO,F,1,22,0,22.0,1.0,3.0,0.333,0.0,1.0,0.0,1.0,2.0,0.5,0.0,0.0,,0.0,8.0,1.0,0.0,0.0,3.0,1.0,2.0,-1.6,0.333,0.333,0.333,0.0,0.0,20.8,6.5,0.0,0.0,50.0,12.3,40.0,100.0,-0.1,0.0,-0.1,-0.139,1,3,0.333,0,1,0.0,1,2,0.5,0,0,,0,8,1,0,0,3,1,2,6.0,29.7,27.0,17.0,27.0,17.0,2.68,-0.13,2.55,105.9,102.5,3.4,78.2,0.259,0.403,0.542,0.502,14.1,24.4,0.0,0.486,15.5,75.5,0.225,,PHO,27.0,17.0,0.614,7.0,veteran,0,0,1,0,0.022727272727272728,0.0,0.5,0,1,3.6363636363636362,1.8181818181818181,14.545454545454545,0.0,0.0,0.6666666666666666,0.3333333333333333,0.3333333333333333,-0.1,-0.18181818181818185,-0.20900000000000002,-0.16899999999999998,0.5112900678967056,-0.0,-0.1,-0.0,0.0,2.0,0.0,-3.248987219375451,0.023085197584423192
Kaitlyn Chen,49420,UFA,24,0,10.3,2.0,0.8,2.1,38.0%,0.6,1.5,40.0%,0.2,0.6,33.3%,0.2,0.3,71.4%,0.2,0.7,0.9,1.0,0.8,0.2,0.0,0.7,GSV,G,24,247,0,10.3,0.8,2.1,0.38,0.2,0.6,0.333,0.6,1.5,0.4,0.2,0.3,0.714,0.2,0.9,1.0,0.2,0.0,0.8,0.7,2.0,4.6,0.452,0.43,0.3,0.14,2.4,5.2,16.6,1.1,0.0,25.3,13.4,85.0,108.0,-0.3,0.2,-0.1,-0.015,19,50,0.38,5,15,0.333,14,35,0.4,5,7,0.714,5,22,24,5,0,18,16,48,8.0,27.0,23.0,21.0,25.0,19.0,1.39,0.08,1.47,103.9,102.1,1.8,74.6,0.282,0.458,0.531,0.482,14.9,26.0,0.14285714285714285,0.472,13.9,76.0,0.215,Chase Center,GSV,23.0,21.0,0.523,11.0,veteran,0,0,1,0,0.5454545454545454,0.0,5.613636363636363,0,0,7.766990291262135,3.8834951456310676,3.495145631067961,0.2,0.7766990291262136,0.8960573476702508,0.2857142857142857,1.25,-0.004166666666666667,-0.016194331983805668,-0.07900000000000001,-0.05199999999999999,0.17357702568400166,-0.0,-0.1,-0.0,0.0,2.0,0.0,-2.270180939161025,0.7025992868494915
Mamignan Touré,17769,UFA,18,0,8.2,2.0,0.8,2.2,35.9%,0.3,0.9,35.3%,0.4,1.2,36.4%,0.0,0.0,--,0.2,0.2,0.4,0.5,0.4,0.4,0.0,1.1,CON,G,18,147,0,8.2,0.8,2.2,0.359,0.4,1.2,0.364,0.3,0.9,0.353,0.0,0.0,,0.2,0.4,0.5,0.4,0.0,0.4,1.1,2.0,5.1,0.462,0.462,0.564,0.0,3.1,2.8,10.3,2.5,0.0,17.0,14.5,87.0,115.0,-0.2,0.0,-0.2,-0.05,14,39,0.359,8,22,0.364,6,17,0.353,0,0,,4,7,9,7,0,8,19,36,13.0,27.1,11.0,33.0,7.0,37.0,-10.11,0.87,-9.24,98.3,111.4,-13.1,76.9,0.272,0.304,0.505,0.458,14.9,24.4,0.0,0.53,15.4,72.6,0.254,,CON,11.0,33.0,0.25,23.0,veteran,0,0,1,0,0.4090909090909091,0.0,3.340909090909091,0,0,9.756097560975611,2.439024390243903,1.9512195121951224,0.4,1.9512195121951224,0.9090909090909091,0.5454545454545454,1.25,-0.011111111111111112,-0.054421768707483,-0.04299999999999998,0.0040000000000000036,-1.8186115421419249,-0.0,-0.2,-0.0,0.0,2.0,0.0,-2.6292539739200604,0.012138231399960377
Mamignan Touré,11661,UFA,18,0,8.2,2.0,0.8,2.2,35.9%,0.3,0.9,35.3%,0.4,1.2,36.4%,0.0,0.0,--,0.2,0.2,0.4,0.5,0.4,0.4,0.0,1.1,CON,G,18,147,0,8.2,0.8,2.2,0.359,0.4,1.2,0.364,0.3,0.9,0.353,0.0,0.0,,0.2,0.4,0.5,0.4,0.0,0.4,1.1,2.0,5.1,0.462,0.462,0.564,0.0,3.1,2.8,10.3,2.5,0.0,17.0,14.5,87.0,115.0,-0.2,0.0,-0.2,-0.05,14,39,0.359,8,22,0.364,6,17,0.353,0,0,,4,7,9,7,0,8,19,36,13.0,27.1,11.0,33.0,7.0,37.0,-10.11,0.87,-9.24,98.3,111.4,-13.1,76.9,0.272,0.304,0.505,0.458,14.9,24.4,0.0,0.53,15.4,72.6,0.254,,CON,11.0,33.0,0.25,23.0,veteran,0,0,1,0,0.4090909090909091,0.0,3.340909090909091,0,0,9.756097560975611,2.439024390243903,1.9512195121951224,0.4,1.9512195121951224,0.9090909090909091,0.5454545454545454,1.25,-0.011111111111111112,-0.054421768707483,-0.04299999999999998,0.0040000000000000036,-1.8186115421419249,-0.0,-0.2,-0.0,0.0,2.0,0.0,-2.6292539739200604,0.012138231399960377
Kariata Diaby,27764,UFA,13,0,8.0,1.9,0.5,1.1,50.0%,0.5,1.1,50.0%,0.0,0.0,--,0.8,1.1,78.6%,0.2,0.8,1.0,0.4,0.9,0.5,0.1,1.5,CON,C,13,103,0,7.9,0.5,1.1,0.5,0.0,0.0,,0.5,1.1,0.5,0.8,1.1,0.786,0.2,1.0,0.4,0.5,0.1,0.9,1.5,1.9,5.8,0.62,0.5,0.0,1.0,3.3,7.5,7.8,3.0,0.9,37.3,14.2,85.0,110.0,-0.1,0.1,-0.1,-0.031,7,14,0.5,0,0,,7,14,0.5,11,14,0.786,3,13,5,6,1,12,19,25,13.0,27.1,11.0,33.0,7.0,37.0,-10.11,0.87,-9.24,98.3,111.4,-13.1,76.9,0.272,0.304,0.505,0.458,14.9,24.4,1.0,0.53,15.4,72.6,0.254,,CON,11.0,33.0,0.25,23.0,veteran,0,0,1,0,0.29545454545454547,0.0,2.340909090909091,0,0,9.62025316455696,2.0253164556962022,5.063291139240506,0.6,3.0379746835443036,1.1994949494949494,0.0,0.4444444444444445,-0.007692307692307693,-0.03883495145631068,0.11499999999999999,0.04199999999999998,-1.8186115421419249,-0.0,-0.1,-0.0,0.0,1.9,0.0,-2.7097092898841963,-0.19862982235054655
Shatori Walker-Kimbrough,150000,UFA,41,1,8.6,1.7,0.6,1.5,41.3%,0.4,0.8,46.9%,0.3,0.8,35.5%,0.2,0.3,72.7%,0.1,0.8,0.9,0.5,0.4,0.2,0.3,0.6,ATL,G,41,354,1,8.6,0.6,1.5,0.413,0.3,0.8,0.355,0.4,0.8,0.469,0.2,0.3,0.727,0.1,0.9,0.5,0.2,0.3,0.4,0.6,1.7,7.8,0.523,0.5,0.492,0.175,1.0,6.2,9.2,1.5,2.7,18.1,10.8,97.0,102.0,0.0,0.6,0.6,0.072,26,63,0.413,11,31,0.355,15,32,0.469,8,11,0.727,3,37,22,10,11,15,24,71,2.0,27.8,30.0,14.0,35.0,9.0,7.59,-1.1,6.49,110.5,100.5,10.0,76.2,0.275,0.418,0.555,0.514,12.9,26.7,0.19999999999999998,0.478,13.4,79.8,0.181,,ATL,30.0,14.0,0.682,4.0,veteran,0,0,1,0,0.9318181818181818,0.024390243902439025,8.045454545454545,0,0,7.906976744186046,2.3255813953488373,4.186046511627907,0.5,2.3255813953488373,1.0416666666666665,0.5333333333333333,1.25,0.014634146341463414,0.06779661016949153,-0.03200000000000003,-0.014000000000000012,1.2293152868634125,0.0,0.6,0.0,0.0,1.7,0.0,-2.015252110505314,-0.003667101248299374
Mercedes Russell,80672,UFA,20,0,8.2,1.7,0.6,1.4,44.4%,0.6,1.4,44.4%,0.0,0.0,--,0.5,0.7,71.4%,0.5,0.7,1.2,0.6,0.4,0.3,0.2,0.9,LAS,C,20,163,0,8.2,0.6,1.4,0.444,0.0,0.0,,0.6,1.4,0.444,0.5,0.7,0.714,0.5,1.2,0.6,0.3,0.2,0.4,0.9,1.7,9.6,0.513,0.444,0.0,0.519,7.5,8.8,10.7,1.6,2.3,17.4,11.0,108.0,113.0,0.2,0.0,0.2,0.046,12,27,0.444,0,0,,12,27,0.444,10,14,0.714,10,24,12,5,4,7,17,34,9.0,28.3,21.0,23.0,18.0,26.0,-2.57,0.38,-2.19,107.5,110.7,-3.2,79.0,0.304,0.382,0.563,0.521,15.7,24.1,0.5,0.524,13.8,73.6,0.189,,LAS,21.0,23.0,0.477,13.0,veteran,0,0,1,0,0.45454545454545453,0.0,3.7045454545454546,0,0,8.292682926829269,2.9268292682926833,5.853658536585367,0.5,2.439024390243903,0.9953161592505855,0.0,1.4999999999999998,0.01,0.049079754601226995,-0.04999999999999993,-0.07700000000000001,-0.4043709924578387,0.0,0.2,0.0,0.0,1.7,0.0,-2.4635474672431927,0.20802699827777119
Anastasiia Olairi Kosu,69267,Rookie,21,0,3.8,1.7,0.6,1.4,44.8%,0.6,1.3,48.1%,0.0,0.1,0.0%,0.4,0.7,60.0%,0.5,0.2,0.7,0.2,0.3,0.0,0.2,0.4,MIN,F,21,80,0,3.8,0.6,1.4,0.448,0.0,0.1,0.0,0.6,1.3,0.481,0.4,0.7,0.6,0.5,0.7,0.2,0.0,0.2,0.3,0.4,1.7,13.6,0.492,0.448,0.069,0.517,15.2,11.1,9.8,0.7,4.6,16.4,24.5,99.0,105.0,0.0,0.1,0.1,0.068,13,29,0.448,0,2,0.0,13,27,0.481,9,15,0.6,10,15,5,1,4,7,9,35,1.0,28.8,34.0,10.0,37.0,7.0,9.41,-0.69,8.72,112.3,100.0,12.3,76.4,0.236,0.372,0.572,0.542,13.9,26.0,0.5,0.481,15.9,74.1,0.178,,MIN,34.0,10.0,0.773,,rookie,1,0,0,0,0.4772727272727273,0.0,1.8181818181818181,0,0,17.894736842105264,2.105263157894737,7.368421052631579,0.2,2.105263157894737,0.9953161592505855,0.07142857142857144,0.6666666666666667,0.004761904761904762,0.05,-0.07999999999999996,-0.09400000000000003,1.6774743240099597,0.1,0.0,0.0,1.7,0.0,0.0,-2.2774975734114133,-0.5820387091237479
Rayah Marshall,69267,Rookie,15,0,6.0,1.7,0.6,1.7,34.6%,0.6,1.7,36.0%,0.0,0.1,0.0%,0.5,0.8,58.3%,0.5,1.3,1.7,0.3,0.5,0.1,0.2,0.8,CON,C-F,15,90,0,6.0,0.6,1.7,0.346,0.0,0.1,0.0,0.6,1.7,0.36,0.5,0.8,0.583,0.5,1.7,0.3,0.1,0.2,0.5,0.8,1.7,7.1,0.4,0.346,0.038,0.462,8.9,17.2,7.6,1.2,3.2,18.3,19.3,80.0,109.0,-0.2,0.1,-0.2,-0.073,9,26,0.346,0,1,0.0,9,25,0.36,7,12,0.583,7,26,4,2,3,7,12,25,13.0,27.1,11.0,33.0,7.0,37.0,-10.11,0.87,-9.24,98.3,111.4,-13.1,76.9,0.272,0.304,0.505,0.458,14.9,24.4,0.4705882352941177,0.53,15.4,72.6,0.254,,CON,11.0,33.0,0.25,23.0,rookie,1,0,0,0,0.3409090909090909,0.0,2.0454545454545454,0,0,11.333333333333334,2.0,11.333333333333334,0.30000000000000004,2.0000000000000004,0.8284600389863548,0.05882352941176471,0.6,-0.013333333333333334,-0.08888888888888889,-0.10499999999999998,-0.11200000000000004,-1.8186115421419249,-0.2,-0.0,-0.0,1.7,0.0,0.0,-2.623561361340072,-0.3193924106428074
Madison Scott,11661,UFA,9,0,5.2,1.6,0.6,1.2,45.5%,0.6,1.1,50.0%,0.0,0.1,0.0%,0.4,0.4,100.0%,0.1,0.0,0.1,0.2,0.1,0.2,0.0,0.9,WAS,G-F,9,47,0,5.2,0.6,1.2,0.455,0.0,0.1,0.0,0.6,1.1,0.5,0.4,0.4,1.0,0.1,0.1,0.2,0.2,0.0,0.1,0.9,1.6,8.4,0.549,0.455,0.091,0.364,2.6,1.3,7.2,2.2,0.0,7.3,13.5,113.0,110.0,0.1,0.0,0.1,0.086,5,11,0.455,0,1,0.0,5,10,0.5,4,4,1.0,1,1,2,2,0,1,8,14,10.0,24.8,16.0,28.0,14.0,30.0,-4.43,0.21,-4.23,100.0,105.7,-5.7,76.9,0.325,0.269,0.53,0.483,16.4,23.5,0.33333333333333337,0.505,14.3,77.6,0.225,,WAS,16.0,28.0,0.364,18.0,veteran,0,0,1,0,0.20454545454545456,0.0,1.0681818181818181,0,0,12.307692307692307,1.5384615384615383,0.7692307692307692,0.2,1.5384615384615383,1.1627906976744187,0.08333333333333334,2.0,0.011111111111111112,0.0851063829787234,0.019000000000000017,-0.02799999999999997,-0.8949866139096142,0.0,0.1,0.0,0.0,1.6,0.0,-2.7906917524986983,-0.49313020893859427
Madison Scott,4442,UFA,9,0,5.2,1.6,0.6,1.2,45.5%,0.6,1.1,50.0%,0.0,0.1,0.0%,0.4,0.4,100.0%,0.1,0.0,0.1,0.2,0.1,0.2,0.0,0.9,WAS,G-F,9,47,0,5.2,0.6,1.2,0.455,0.0,0.1,0.0,0.6,1.1,0.5,0.4,0.4,1.0,0.1,0.1,0.2,0.2,0.0,0.1,0.9,1.6,8.4,0.549,0.455,0.091,0.364,2.6,1.3,7.2,2.2,0.0,7.3,13.5,113.0,110.0,0.1,0.0,0.1,0.086,5,11,0.455,0,1,0.0,5,10,0.5,4,4,1.0,1,1,2,2,0,1,8,14,10.0,24.8,16.0,28.0,14.0,30.0,-4.43,0.21,-4.23,100.0,105.7,-5.7,76.9,0.325,0.269,0.53,0.483,16.4,23.5,0.33333333333333337,0.505,14.3,77.6,0.225,,WAS,16.0,28.0,0.364,18.0,veteran,0,0,1,0,0.20454545454545456,0.0,1.0681818181818181,0,0,12.307692307692307,1.5384615384615383,0.7692307692307692,0.2,1.5384615384615383,1.1627906976744187,0.08333333333333334,2.0,0.011111111111111112,0.0851063829787234,0.019000000000000017,-0.02799999999999997,-0.8949866139096142,0.0,0.1,0.0,0.0,1.6,0.0,-2.7906917524986983,-0.49313020893859427
Sika Kone,66710,,19,0,4.5,1.4,0.4,1.2,31.8%,0.3,0.9,35.3%,0.1,0.3,20.0%,0.6,0.7,92.3%,0.2,0.8,1.0,0.3,0.3,0.0,0.0,0.6,TOT,F,19,85,0,4.5,0.4,1.2,0.318,0.1,0.3,0.2,0.3,0.9,0.353,0.6,0.7,0.923,0.2,1.0,0.3,0.0,0.0,0.3,0.6,1.4,7.0,0.487,0.341,0.227,0.591,4.3,13.7,11.3,0.0,0.0,17.8,18.3,95.0,108.0,0.0,0.1,0.0,0.02,7,22,0.318,1,5,0.2,6,17,0.353,12,13,0.923,3,19,6,0,0,6,12,27,,,,,,,,,,,,,,,,,,,,0.5833333333333334,,,,,,,,,,,unknown,0,0,0,1,0.4318181818181818,0.0,1.9318181818181819,0,0,12.444444444444445,2.6666666666666665,8.88888888888889,0.0,0.0,0.9283819628647214,0.25,1.0,0.0,0.0,,,0.24831765944039572,0.0,0.0,0.0,0.0,0.0,0.0,-2.4883013175369735,-0.10602213853444309
Sika Kone,15548,UFA,19,0,4.5,1.4,0.4,1.2,31.8%,0.3,0.9,35.3%,0.1,0.3,20.0%,0.6,0.7,92.3%,0.2,0.8,1.0,0.3,0.3,0.0,0.0,0.6,TOT,F,19,85,0,4.5,0.4,1.2,0.318,0.1,0.3,0.2,0.3,0.9,0.353,0.6,0.7,0.923,0.2,1.0,0.3,0.0,0.0,0.3,0.6,1.4,7.0,0.487,0.341,0.227,0.591,4.3,13.7,11.3,0.0,0.0,17.8,18.3,95.0,108.0,0.0,0.1,0.0,0.02,7,22,0.318,1,5,0.2,6,17,0.353,12,13,0.923,3,19,6,0,0,6,12,27,,,,,,,,,,,,,,,,,,,,0.5833333333333334,,,,,,,,,,,veteran,0,0,1,0,0.4318181818181818,0.0,1.9318181818181819,0,0,12.444444444444445,2.6666666666666665,8.88888888888889,0.0,0.0,0.9283819628647214,0.25,1.0,0.0,0.0,,,0.24831765944039572,0.0,0.0,0.0,0.0,1.4,0.0,-2.4883013175369735,-0.10602213853444309
Moriah Jefferson,145500,UFA,5,1,7.1,1.4,0.6,1.6,37.5%,0.4,1.0,40.0%,0.2,0.6,33.3%,0.0,0.0,--,0.0,1.0,1.0,1.8,0.4,0.0,0.0,0.6,CHI,G,5,35,1,7.0,0.6,1.6,0.375,0.2,0.6,0.333,0.4,1.0,0.4,0.0,0.0,,0.0,1.0,1.8,0.0,0.0,0.4,0.6,1.4,9.6,0.438,0.438,0.375,0.0,0.0,8.4,41.8,0.0,0.0,20.0,12.8,104.0,116.0,0.0,0.0,0.0,0.017,3,8,0.375,1,3,0.333,2,5,0.4,0,0,,0,5,9,0,0,2,3,7,12.0,27.7,10.0,34.0,7.0,37.0,-10.05,0.92,-9.13,98.8,111.9,-13.1,76.7,0.259,0.306,0.516,0.476,17.4,29.1,0.0,0.521,12.6,74.7,0.215,,CHI,10.0,34.0,0.227,24.0,veteran,0,0,1,0,0.11363636363636363,0.2,0.7954545454545454,0,0,8.0,10.285714285714286,5.714285714285714,0.0,0.0,0.8749999999999999,0.37499999999999994,4.5,0.0,0.0,-0.07800000000000001,-0.03799999999999998,-1.8591173596021162,0.0,0.0,0.0,0.0,1.4,0.0,-2.3335726763978473,3.0978067647679843
Elizabeth Kitley,27940,,12,1,8.2,1.3,0.6,1.9,30.4%,0.6,1.8,31.8%,0.0,0.1,0.0%,0.1,0.2,50.0%,0.3,1.1,1.4,0.1,0.6,0.3,0.5,1.5,LVA,C,12,98,1,8.2,0.6,1.9,0.304,0.0,0.1,0.0,0.6,1.8,0.318,0.1,0.2,0.5,0.3,1.4,0.1,0.3,0.5,0.6,1.5,1.3,1.0,0.314,0.304,0.043,0.087,4.7,10.1,1.5,2.1,5.4,22.7,14.4,59.0,102.0,-0.4,0.2,-0.2,-0.091,7,23,0.304,0,1,0.0,7,22,0.318,1,2,0.5,4,17,1,4,6,7,18,15,5.0,28.1,30.0,14.0,27.0,17.0,2.91,-0.32,2.59,108.1,104.4,3.7,77.3,0.273,0.383,0.552,0.506,13.6,23.5,0.10526315789473685,0.489,14.1,74.5,0.199,,LVA,30.0,14.0,0.682,4.0,unknown,0,0,0,1,0.2727272727272727,0.08333333333333333,2.227272727272727,0,0,6.3414634146341475,0.4878048780487806,6.829268292682928,0.8,3.9024390243902447,0.653923541247485,0.052631578947368425,0.16666666666666669,-0.016666666666666666,-0.0816326530612245,-0.23800000000000004,-0.202,0.6697824024560418,-0.0,-0.0,-0.0,0.0,0.0,0.0,-3.0622035170395154,-0.639516415556519
Elizabeth Kitley,3887,UFA,12,1,8.2,1.3,0.6,1.9,30.4%,0.6,1.8,31.8%,0.0,0.1,0.0%,0.1,0.2,50.0%,0.3,1.1,1.4,0.1,0.6,0.3,0.5,1.5,LVA,C,12,98,1,8.2,0.6,1.9,0.304,0.0,0.1,0.0,0.6,1.8,0.318,0.1,0.2,0.5,0.3,1.4,0.1,0.3,0.5,0.6,1.5,1.3,1.0,0.314,0.304,0.043,0.087,4.7,10.1,1.5,2.1,5.4,22.7,14.4,59.0,102.0,-0.4,0.2,-0.2,-0.091,7,23,0.304,0,1,0.0,7,22,0.318,1,2,0.5,4,17,1,4,6,7,18,15,5.0,28.1,30.0,14.0,27.0,17.0,2.91,-0.32,2.59,108.1,104.4,3.7,77.3,0.273,0.383,0.552,0.506,13.6,23.5,0.10526315789473685,0.489,14.1,74.5,0.199,,LVA,30.0,14.0,0.682,4.0,veteran,0,0,1,0,0.2727272727272727,0.08333333333333333,2.227272727272727,0,0,6.3414634146341475,0.4878048780487806,6.829268292682928,0.8,3.9024390243902447,0.653923541247485,0.052631578947368425,0.16666666666666669,-0.016666666666666666,-0.0816326530612245,-0.23800000000000004,-0.202,0.6697824024560418,-0.0,-0.2,-0.0,0.0,1.3,0.0,-3.0622035170395154,-0.639516415556519
Sania Feagin,69267,Rookie,16,0,4.8,1.3,0.6,1.8,35.7%,0.6,1.5,41.7%,0.0,0.3,0.0%,0.0,0.1,0.0%,0.2,0.5,0.7,0.3,0.4,0.0,0.4,1.0,LAS,F,16,77,0,4.8,0.6,1.8,0.357,0.0,0.3,0.0,0.6,1.5,0.417,0.0,0.1,0.0,0.2,0.7,0.3,0.0,0.4,0.4,1.0,1.3,0.2,0.346,0.357,0.143,0.071,4.8,8.5,8.2,0.0,7.2,19.5,20.8,66.0,112.0,-0.4,0.0,-0.3,-0.179,10,28,0.357,0,4,0.0,10,24,0.417,0,2,0.0,3,11,4,0,6,7,16,20,9.0,28.3,21.0,23.0,18.0,26.0,-2.57,0.38,-2.19,107.5,110.7,-3.2,79.0,0.304,0.382,0.563,0.521,15.7,24.1,0.05555555555555556,0.524,13.8,73.6,0.189,,LAS,21.0,23.0,0.477,13.0,rookie,1,0,0,0,0.36363636363636365,0.0,1.75,0,0,10.833333333333334,2.5,5.833333333333333,0.4,3.333333333333334,0.7049891540130152,0.16666666666666666,0.7499999999999999,-0.01875,-0.15584415584415584,-0.21699999999999997,-0.16400000000000003,-0.4043709924578387,-0.3,-0.0,-0.0,1.3,0.0,0.0,-2.7357723905447915,-0.047695142156410054
Joyner Holmes,17223,UFA,6,0,4.8,1.2,0.5,2.0,25.0%,0.3,1.2,28.6%,0.2,0.8,20.0%,0.0,0.0,--,0.3,0.7,1.0,0.0,0.3,0.0,0.0,0.8,LVA,F,6,29,0,4.8,0.5,2.0,0.25,0.2,0.8,0.2,0.3,1.2,0.286,0.0,0.0,,0.3,1.0,0.0,0.0,0.0,0.3,0.8,1.2,-4.4,0.292,0.292,0.417,0.0,8.0,12.1,0.0,0.0,0.0,14.3,22.0,61.0,110.0,-0.2,0.0,-0.1,-0.204,3,12,0.25,1,5,0.2,2,7,0.286,0,0,,2,6,0,0,0,2,5,7,5.0,28.1,30.0,14.0,27.0,17.0,2.91,-0.32,2.59,108.1,104.4,3.7,77.3,0.273,0.383,0.552,0.506,13.6,23.5,0.0,0.489,14.1,74.5,0.199,,LVA,30.0,14.0,0.682,4.0,veteran,0,0,1,0,0.13636363636363635,0.0,0.6590909090909091,0,0,10.0,0.0,8.333333333333334,0.0,0.0,0.6,0.4,0.0,-0.016666666666666666,-0.13793103448275865,-0.26000000000000006,-0.21400000000000002,0.6697824024560418,-0.0,-0.1,-0.0,0.0,1.2,0.0,-3.0941312324524572,-0.9745881627872528
Jaylyn Sherrod,66079,Reserved,26,0,5.5,1.2,0.3,1.1,32.1%,0.2,0.6,40.0%,0.1,0.5,23.1%,0.3,0.5,69.2%,0.1,0.5,0.6,0.5,0.5,0.4,0.0,0.7,TOT,G,26,142,0,5.5,0.3,1.1,0.321,0.1,0.5,0.231,0.2,0.6,0.4,0.3,0.5,0.692,0.1,0.6,0.5,0.4,0.0,0.5,0.7,1.2,5.4,0.445,0.375,0.464,0.464,1.7,6.2,12.3,4.0,0.0,26.2,14.9,80.0,101.0,-0.3,0.3,0.0,0.001,9,28,0.321,3,13,0.231,6,15,0.4,9,13,0.692,2,15,12,11,0,12,19,30,,,,,,,,,,,,,,,,,,,,0.45454545454545453,,,,,,,,,,,controlled,0,0,0,0,0.5909090909090909,0.0,3.227272727272727,0,0,8.727272727272727,3.6363636363636362,4.363636363636363,0.4,2.909090909090909,0.9090909090909091,0.45454545454545453,1.0,0.0,0.0,,,0.24831765944039572,0.0,0.0,0.0,0.0,0.0,0.0,-2.4987953837853856,0.4961896465376395
Jaylyn Sherrod,18880,UFA,26,0,5.5,1.2,0.3,1.1,32.1%,0.2,0.6,40.0%,0.1,0.5,23.1%,0.3,0.5,69.2%,0.1,0.5,0.6,0.5,0.5,0.4,0.0,0.7,TOT,G,26,142,0,5.5,0.3,1.1,0.321,0.1,0.5,0.231,0.2,0.6,0.4,0.3,0.5,0.692,0.1,0.6,0.5,0.4,0.0,0.5,0.7,1.2,5.4,0.445,0.375,0.464,0.464,1.7,6.2,12.3,4.0,0.0,26.2,14.9,80.0,101.0,-0.3,0.3,0.0,0.001,9,28,0.321,3,13,0.231,6,15,0.4,9,13,0.692,2,15,12,11,0,12,19,30,,,,,,,,,,,,,,,,,,,,0.45454545454545453,,,,,,,,,,,veteran,0,0,1,0,0.5909090909090909,0.0,3.227272727272727,0,0,8.727272727272727,3.6363636363636362,4.363636363636363,0.4,2.909090909090909,0.9090909090909091,0.45454545454545453,1.0,0.0,0.0,,,0.24831765944039572,0.0,0.0,0.0,0.0,1.2,0.0,-2.4987953837853856,0.4961896465376395
Brianna Turner,85000,UFA,27,0,8.6,1.1,0.5,1.2,40.6%,0.5,1.1,41.9%,0.0,0.0,0.0%,0.1,0.3,50.0%,0.7,1.2,1.9,0.6,0.3,0.1,0.3,0.9,IND,F-C,27,233,0,8.6,0.5,1.2,0.406,0.0,0.0,0.0,0.5,1.1,0.419,0.1,0.3,0.5,0.7,1.9,0.6,0.1,0.3,0.3,0.9,1.1,7.5,0.422,0.406,0.031,0.25,9.2,13.0,10.0,0.4,3.1,20.2,8.6,101.0,106.0,0.1,0.3,0.3,0.056,13,32,0.406,0,1,0.0,13,31,0.419,4,8,0.5,18,50,17,2,8,9,23,30,4.0,28.1,24.0,20.0,28.0,16.0,3.36,-0.83,2.53,108.4,104.1,4.3,78.0,0.261,0.349,0.554,0.517,14.3,26.2,0.25,0.503,16.0,75.7,0.233,,IND,24.0,20.0,0.545,10.0,veteran,0,0,1,0,0.6136363636363636,0.0,5.295454545454546,0,0,5.116279069767443,2.7906976744186047,8.837209302325581,0.4,1.86046511627907,0.825825825825826,0.0,2.0,0.011111111111111112,0.05150214592274678,-0.13200000000000006,-0.11099999999999999,0.4085994662347417,0.0,0.3,0.0,0.0,1.1,0.0,-2.4528305907123125,0.2887440316541041
Kiah Stokes,103000,UFA,40,18,12.9,1.1,0.5,1.3,35.3%,0.4,0.7,53.6%,0.1,0.6,13.0%,0.1,0.2,62.5%,0.7,2.9,3.6,0.4,0.4,0.4,0.4,1.2,LVA,C,40,514,18,12.9,0.5,1.3,0.353,0.1,0.6,0.13,0.4,0.7,0.536,0.1,0.2,0.625,0.7,3.6,0.4,0.4,0.4,0.4,1.2,1.1,7.2,0.404,0.382,0.451,0.157,6.6,16.4,4.7,1.7,2.4,22.7,6.3,92.0,102.0,-0.1,0.9,0.8,0.061,18,51,0.353,3,23,0.13,15,28,0.536,5,8,0.625,29,144,17,17,14,16,47,44,5.0,28.1,30.0,14.0,27.0,17.0,2.91,-0.32,2.59,108.1,104.4,3.7,77.3,0.273,0.383,0.552,0.506,13.6,23.5,0.15384615384615385,0.489,14.1,74.5,0.199,,LVA,30.0,14.0,0.682,4.0,veteran,0,0,1,0,0.9090909090909091,0.45,11.681818181818182,0,0,3.4108527131782944,1.2403100775193798,11.162790697674417,0.8,2.4806201550387597,0.792507204610951,0.4615384615384615,1.0,0.02,0.0622568093385214,-0.14800000000000002,-0.124,0.6697824024560418,0.0,0.8,0.0,0.0,1.1,0.0,-1.9118641450683775,-0.47722091048395676
Crystal Bradford,16103,UFA,4,0,6.0,1.0,0.5,1.5,33.3%,0.5,1.0,50.0%,0.0,0.5,0.0%,0.0,0.0,--,0.5,0.8,1.3,0.3,0.3,0.5,0.0,0.8,LVA,F,4,24,0,6.0,0.5,1.5,0.333,0.0,0.5,0.0,0.5,1.0,0.5,0.0,0.0,,0.5,1.3,0.3,0.5,0.0,0.3,0.8,1.0,7.0,0.333,0.333,0.333,0.0,9.7,12.2,6.3,4.3,0.0,14.3,13.3,80.0,101.0,0.0,0.0,0.0,0.007,2,6,0.333,0,2,0.0,2,4,0.5,0,0,,2,5,1,2,0,1,3,4,5.0,28.1,30.0,14.0,27.0,17.0,2.91,-0.32,2.59,108.1,104.4,3.7,77.3,0.273,0.383,0.552,0.506,13.6,23.5,0.0,0.489,14.1,74.5,0.199,,LVA,30.0,14.0,0.682,4.0,veteran,0,0,1,0,0.09090909090909091,0.0,0.5454545454545454,0,0,6.666666666666667,2.0,8.666666666666668,0.5,3.3333333333333335,0.6666666666666666,0.3333333333333333,1.0,0.0,0.0,-0.21900000000000003,-0.173,0.6697824024560418,0.0,0.0,0.0,0.0,1.0,0.0,-3.0870424646667263,-0.04967636042307993
Kyara Linskens,14437,UDFA,4,0,6.7,1.0,0.5,1.3,40.0%,0.5,1.0,50.0%,0.0,0.3,0.0%,0.0,0.0,--,0.3,1.3,1.5,0.3,0.5,0.3,0.8,1.8,GSV,C,4,27,0,6.8,0.5,1.3,0.4,0.0,0.3,0.0,0.5,1.0,0.5,0.0,0.0,,0.3,1.5,0.3,0.3,0.8,0.5,1.8,1.0,5.0,0.4,0.4,0.2,0.0,4.4,13.0,6.3,2.0,11.7,28.6,12.1,69.0,94.0,-0.1,0.1,0.0,0.017,2,5,0.4,0,1,0.0,2,4,0.5,0,0,,1,6,1,1,3,2,7,4,8.0,27.0,23.0,21.0,25.0,19.0,1.39,0.08,1.47,103.9,102.1,1.8,74.6,0.282,0.458,0.531,0.482,14.9,26.0,0.0,0.472,13.9,76.0,0.215,Chase Center,GSV,23.0,21.0,0.523,11.0,controlled,0,0,0,0,0.09090909090909091,0.0,0.6136363636363636,0,0,5.882352941176471,1.7647058823529413,8.823529411764707,1.1,6.470588235294119,0.7692307692307692,0.23076923076923075,0.6,0.0,0.0,-0.131,-0.08199999999999996,0.17357702568400166,0.0,0.0,0.0,0.0,0.0,0.0,-3.1337664083373165,-0.10460404861220182
Mackenzie Holmes,48865,UFA,10,0,5.8,1.0,0.5,0.7,71.4%,0.5,0.7,71.4%,0.0,0.0,--,0.0,0.0,--,0.3,0.6,0.9,0.2,0.0,0.5,0.1,0.7,SEA,F,10,58,0,5.8,0.5,0.7,0.714,0.0,0.0,,0.5,0.7,0.714,0.0,0.0,,0.3,0.9,0.2,0.5,0.1,0.0,0.7,1.0,14.0,0.714,0.714,0.0,0.0,6.0,9.3,5.0,4.4,1.5,0.0,5.5,156.0,98.0,0.1,0.1,0.3,0.191,5,7,0.714,0,0,,5,7,0.714,0,0,,3,9,2,5,1,0,7,10,7.0,30.2,23.0,21.0,26.0,18.0,2.05,-0.02,2.02,104.5,101.9,2.6,78.2,0.231,0.319,0.539,0.505,13.2,19.9,0.0,0.497,16.8,74.2,0.219,,SEA,23.0,21.0,0.523,11.0,veteran,0,0,1,0,0.22727272727272727,0.0,1.3181818181818181,0,0,6.8965517241379315,1.3793103448275863,6.206896551724139,0.6,4.137931034482759,1.4285714285714286,0.0,,0.03,0.20689655172413793,0.17499999999999993,0.20899999999999996,0.24831765944039572,0.0,0.3,0.0,0.0,1.0,0.0,-3.001662079071994,-0.3187436285757594
Marquesha Davis,36178,Rookie,11,0,4.7,0.9,0.2,0.9,20.0%,0.2,0.5,33.3%,0.0,0.4,0.0%,0.5,0.6,85.7%,0.3,0.4,0.6,0.1,0.5,0.0,0.2,0.3,TOT,G,11,52,0,4.7,0.2,0.9,0.2,0.0,0.4,0.0,0.2,0.5,0.333,0.5,0.6,0.857,0.3,0.6,0.1,0.0,0.2,0.5,0.3,0.9,0.2,0.382,0.2,0.4,0.7,6.9,7.8,2.7,0.0,3.6,31.4,16.7,67.0,112.0,-0.2,0.0,-0.2,-0.143,2,10,0.2,0,4,0.0,2,6,0.333,6,7,0.857,3,7,1,0,2,6,3,10,,,,,,,,,,,,,,,,,,,,0.6666666666666666,,,,,,,,,,,rookie,1,0,0,0,0.25,0.0,1.1818181818181819,0,0,7.659574468085107,0.851063829787234,5.106382978723404,0.2,1.702127659574468,0.7731958762886597,0.4444444444444445,0.2,-0.018181818181818184,-0.15384615384615385,,,0.24831765944039572,-0.2,-0.0,-0.0,0.9,0.0,0.0,-3.0746030206812747,-0.5426044999262016
Marquesha Davis,3887,UFA,11,0,4.7,0.9,0.2,0.9,20.0%,0.2,0.5,33.3%,0.0,0.4,0.0%,0.5,0.6,85.7%,0.3,0.4,0.6,0.1,0.5,0.0,0.2,0.3,TOT,G,11,52,0,4.7,0.2,0.9,0.2,0.0,0.4,0.0,0.2,0.5,0.333,0.5,0.6,0.857,0.3,0.6,0.1,0.0,0.2,0.5,0.3,0.9,0.2,0.382,0.2,0.4,0.7,6.9,7.8,2.7,0.0,3.6,31.4,16.7,67.0,112.0,-0.2,0.0,-0.2,-0.143,2,10,0.2,0,4,0.0,2,6,0.333,6,7,0.857,3,7,1,0,2,6,3,10,,,,,,,,,,,,,,,,,,,,0.6666666666666666,,,,,,,,,,,veteran,0,0,1,0,0.25,0.0,1.1818181818181819,0,0,7.659574468085107,0.851063829787234,5.106382978723404,0.2,1.702127659574468,0.7731958762886597,0.4444444444444445,0.2,-0.018181818181818184,-0.15384615384615385,,,0.24831765944039572,-0.0,-0.2,-0.0,0.0,0.9,0.0,-3.0746030206812747,-0.5426044999262016
Bree Hall,12772,UFA,4,0,4.4,0.8,0.3,1.3,20.0%,0.3,0.8,33.3%,0.0,0.5,0.0%,0.3,0.8,33.3%,0.0,0.8,0.8,0.0,0.8,0.0,0.0,1.0,TOT,G,4,17,0,4.3,0.3,1.3,0.2,0.0,0.5,0.0,0.3,0.8,0.333,0.3,0.8,0.333,0.0,0.8,0.0,0.0,0.0,0.8,1.0,0.8,-16.6,0.237,0.2,0.4,0.6,0.0,10.4,0.0,0.0,0.0,32.2,25.3,33.0,106.0,-0.2,0.0,-0.2,-0.421,1,5,0.2,0,2,0.0,1,3,0.333,1,3,0.333,0,3,0,0,0,3,4,3,,,,,,,,,,,,,,,,,,,,0.6153846153846154,,,,,,,,,,,veteran,0,0,1,0,0.09090909090909091,0.0,0.38636363636363635,0,0,7.44186046511628,0.0,7.44186046511628,0.0,0.0,0.48426150121065376,0.3846153846153846,0.0,-0.05,-0.47058823529411764,,,0.24831765944039572,-0.0,-0.2,-0.0,0.0,0.8,0.0,-3.26056511015613,-0.8400527511290568
Bree Hall,4442,UFA,4,0,4.4,0.8,0.3,1.3,20.0%,0.3,0.8,33.3%,0.0,0.5,0.0%,0.3,0.8,33.3%,0.0,0.8,0.8,0.0,0.8,0.0,0.0,1.0,TOT,G,4,17,0,4.3,0.3,1.3,0.2,0.0,0.5,0.0,0.3,0.8,0.333,0.3,0.8,0.333,0.0,0.8,0.0,0.0,0.0,0.8,1.0,0.8,-16.6,0.237,0.2,0.4,0.6,0.0,10.4,0.0,0.0,0.0,32.2,25.3,33.0,106.0,-0.2,0.0,-0.2,-0.421,1,5,0.2,0,2,0.0,1,3,0.333,1,3,0.333,0,3,0,0,0,3,4,3,,,,,,,,,,,,,,,,,,,,0.6153846153846154,,,,,,,,,,,veteran,0,0,1,0,0.09090909090909091,0.0,0.38636363636363635,0,0,7.44186046511628,0.0,7.44186046511628,0.0,0.0,0.48426150121065376,0.3846153846153846,0.0,-0.05,-0.47058823529411764,,,0.24831765944039572,-0.0,-0.2,-0.0,0.0,0.8,0.0,-3.26056511015613,-0.8400527511290568
Bree Hall,3887,UFA,4,0,4.4,0.8,0.3,1.3,20.0%,0.3,0.8,33.3%,0.0,0.5,0.0%,0.3,0.8,33.3%,0.0,0.8,0.8,0.0,0.8,0.0,0.0,1.0,TOT,G,4,17,0,4.3,0.3,1.3,0.2,0.0,0.5,0.0,0.3,0.8,0.333,0.3,0.8,0.333,0.0,0.8,0.0,0.0,0.0,0.8,1.0,0.8,-16.6,0.237,0.2,0.4,0.6,0.0,10.4,0.0,0.0,0.0,32.2,25.3,33.0,106.0,-0.2,0.0,-0.2,-0.421,1,5,0.2,0,2,0.0,1,3,0.333,1,3,0.333,0,3,0,0,0,3,4,3,,,,,,,,,,,,,,,,,,,,0.6153846153846154,,,,,,,,,,,veteran,0,0,1,0,0.09090909090909091,0.0,0.38636363636363635,0,0,7.44186046511628,0.0,7.44186046511628,0.0,0.0,0.48426150121065376,0.3846153846153846,0.0,-0.05,-0.47058823529411764,,,0.24831765944039572,-0.0,-0.2,-0.0,0.0,0.8,0.0,-3.26056511015613,-0.8400527511290568
Camryn Taylor,11661,UFA,6,0,3.8,0.5,0.2,1.2,14.3%,0.0,0.7,0.0%,0.2,0.5,33.3%,0.0,0.3,0.0%,0.3,0.7,1.0,0.2,0.5,0.0,0.0,0.7,MIN,F,6,23,0,3.8,0.2,1.2,0.143,0.2,0.5,0.333,0.0,0.7,0.0,0.0,0.3,0.0,0.3,1.0,0.2,0.0,0.0,0.5,0.7,0.5,-9.7,0.19,0.214,0.429,0.286,10.6,15.5,5.7,0.0,0.0,27.6,21.7,46.0,105.0,-0.2,0.0,-0.2,-0.283,1,7,0.143,1,3,0.333,0,4,0.0,0,2,0.0,2,6,1,0,0,3,4,3,1.0,28.8,34.0,10.0,37.0,7.0,9.41,-0.69,8.72,112.3,100.0,12.3,76.4,0.236,0.372,0.572,0.542,13.9,26.0,0.25,0.481,15.9,74.1,0.178,,MIN,34.0,10.0,0.773,,veteran,0,0,1,0,0.13636363636363635,0.0,0.5227272727272727,0,0,5.2631578947368425,2.105263157894737,10.526315789473685,0.0,0.0,0.3753753753753754,0.4166666666666667,0.4,-0.03333333333333333,-0.34782608695652173,-0.38199999999999995,-0.32800000000000007,1.6774743240099597,-0.0,-0.2,-0.0,0.0,0.5,0.0,-3.1722373231654837,0.06540710200426557
Camryn Taylor,7949,UFA,6,0,3.8,0.5,0.2,1.2,14.3%,0.0,0.7,0.0%,0.2,0.5,33.3%,0.0,0.3,0.0%,0.3,0.7,1.0,0.2,0.5,0.0,0.0,0.7,MIN,F,6,23,0,3.8,0.2,1.2,0.143,0.2,0.5,0.333,0.0,0.7,0.0,0.0,0.3,0.0,0.3,1.0,0.2,0.0,0.0,0.5,0.7,0.5,-9.7,0.19,0.214,0.429,0.286,10.6,15.5,5.7,0.0,0.0,27.6,21.7,46.0,105.0,-0.2,0.0,-0.2,-0.283,1,7,0.143,1,3,0.333,0,4,0.0,0,2,0.0,2,6,1,0,0,3,4,3,1.0,28.8,34.0,10.0,37.0,7.0,9.41,-0.69,8.72,112.3,100.0,12.3,76.4,0.236,0.372,0.572,0.542,13.9,26.0,0.25,0.481,15.9,74.1,0.178,,MIN,34.0,10.0,0.773,,veteran,0,0,1,0,0.13636363636363635,0.0,0.5227272727272727,0,0,5.2631578947368425,2.105263157894737,10.526315789473685,0.0,0.0,0.3753753753753754,0.4166666666666667,0.4,-0.03333333333333333,-0.34782608695652173,-0.38199999999999995,-0.32800000000000007,1.6774743240099597,-0.0,-0.2,-0.0,0.0,0.5,0.0,-3.1722373231654837,0.06540710200426557
Taylor Thierry,66079,Rookie,17,0,2.1,0.4,0.1,0.6,18.2%,0.1,0.5,12.5%,0.1,0.2,33.3%,0.1,0.2,25.0%,0.1,0.2,0.4,0.1,0.1,0.2,0.0,0.1,ATL,G-F,17,36,0,2.1,0.1,0.6,0.182,0.1,0.2,0.333,0.1,0.5,0.125,0.1,0.2,0.25,0.1,0.4,0.1,0.2,0.0,0.1,0.1,0.4,5.5,0.235,0.227,0.273,0.364,6.7,9.8,8.0,5.8,0.0,7.3,17.6,65.0,94.0,-0.1,0.1,0.0,-0.045,2,11,0.182,1,3,0.333,1,8,0.125,1,4,0.25,2,6,2,4,0,1,1,6,2.0,27.8,30.0,14.0,35.0,9.0,7.59,-1.1,6.49,110.5,100.5,10.0,76.2,0.275,0.418,0.555,0.514,12.9,26.7,0.33333333333333337,0.478,13.4,79.8,0.181,,ATL,30.0,14.0,0.682,4.0,rookie,1,0,0,0,0.38636363636363635,0.0,0.8181818181818182,0,0,7.6190476190476195,1.9047619047619049,7.6190476190476195,0.2,3.8095238095238098,0.5813953488372093,0.33333333333333337,1.0,0.0,0.0,-0.32000000000000006,-0.28700000000000003,1.2293152868634125,0.0,0.0,0.0,0.4,0.0,0.0,-3.015062461226199,-0.12912482469353612
Robyn Parks,11106,UFA,6,0,10.5,0.3,0.2,0.8,20.0%,0.2,0.2,100.0%,0.0,0.7,0.0%,0.0,0.0,--,0.2,1.3,1.5,0.3,0.2,0.3,0.0,1.2,CON,F,6,63,0,10.5,0.2,0.8,0.2,0.0,0.7,0.0,0.2,0.2,1.0,0.0,0.0,,0.2,1.5,0.3,0.3,0.0,0.2,1.2,0.3,1.1,0.2,0.2,0.8,0.0,1.8,8.5,4.7,1.7,0.0,16.7,4.3,59.0,113.0,-0.1,0.0,-0.1,-0.046,1,5,0.2,0,4,0.0,1,1,1.0,0,0,,1,9,2,2,0,1,7,2,13.0,27.1,11.0,33.0,7.0,37.0,-10.11,0.87,-9.24,98.3,111.4,-13.1,76.9,0.272,0.304,0.505,0.458,14.9,24.4,0.0,0.53,15.4,72.6,0.254,,CON,11.0,33.0,0.25,23.0,veteran,0,0,1,0,0.13636363636363635,0.0,1.4318181818181819,0,0,1.1428571428571428,1.1428571428571428,5.7142857142857135,0.3,1.1428571428571428,0.37499999999999994,0.8749999999999999,1.4999999999999998,-0.016666666666666666,-0.06349206349206349,-0.305,-0.258,-1.8186115421419249,-0.0,-0.1,-0.0,0.0,0.3,0.0,-3.357304180415627,-0.11003141569132106
Ajae Petty,2915,Hardship,2,0,3.2,0.0,0.0,0.0,--,0.0,0.0,--,0.0,0.0,--,0.0,0.0,--,0.0,0.5,0.5,0.0,0.0,0.0,0.0,0.5,DAL,F,2,6,0,3.0,0.0,0.0,,0.0,0.0,,0.0,0.0,,0.0,0.0,,0.0,0.5,0.0,0.0,0.0,0.0,0.5,0.0,-0.9,,,,,0.0,9.6,0.0,0.0,0.0,,0.0,,116.0,0.0,0.0,0.0,-0.01,0,0,,0,0,,0,0,,0,0,,0,1,0,0,0,0,1,0,11.0,25.4,10.0,34.0,11.0,33.0,-6.3,0.92,-5.38,103.3,111.2,-7.9,78.8,0.257,0.302,0.514,0.469,13.9,27.6,,0.531,14.2,75.7,0.255,,DAL,10.0,34.0,0.227,24.0,hardship,0,1,0,0,0.045454545454545456,0.0,0.13636363636363635,0,0,0.0,0.0,6.666666666666667,0.0,0.0,,,,0.0,0.0,,,-1.3615149941003584,0.0,0.0,0.0,0.0,0.0,0.0,-3.5782996675056946,-0.49290364761279176
Ajae Petty,1250,Hardship,2,0,3.2,0.0,0.0,0.0,--,0.0,0.0,--,0.0,0.0,--,0.0,0.0,--,0.0,0.5,0.5,0.0,0.0,0.0,0.0,0.5,DAL,F,2,6,0,3.0,0.0,0.0,,0.0,0.0,,0.0,0.0,,0.0,0.0,,0.0,0.5,0.0,0.0,0.0,0.0,0.5,0.0,-0.9,,,,,0.0,9.6,0.0,0.0,0.0,,0.0,,116.0,0.0,0.0,0.0,-0.01,0,0,,0,0,,0,0,,0,0,,0,1,0,0,0,0,1,0,11.0,25.4,10.0,34.0,11.0,33.0,-6.3,0.92,-5.38,103.3,111.2,-7.9,78.8,0.257,0.302,0.514,0.469,13.9,27.6,,0.531,14.2,75.7,0.255,,DAL,10.0,34.0,0.227,24.0,hardship,0,1,0,0,0.045454545454545456,0.0,0.13636363636363635,0,0,0.0,0.0,6.666666666666667,0.0,0.0,,,,0.0,0.0,,,-1.3615149941003584,0.0,0.0,0.0,0.0,0.0,0.0,-3.5782996675056946,-0.49290364761279176
Kamiah Smalls,7774,UFA,3,0,1.1,0.0,0.0,0.0,--,0.0,0.0,--,0.0,0.0,--,0.0,0.0,--,0.0,0.0,0.0,0.0,0.0,0.0,0.0,0.0,ATL,G,3,3,0,1.0,0.0,0.0,,0.0,0.0,,0.0,0.0,,0.0,0.0,,0.0,0.0,0.0,0.0,0.0,0.0,0.0,0.0,0.0,,,,,0.0,0.0,0.0,0.0,0.0,,0.0,,110.0,0.0,0.0,0.0,0.021,0,0,,0,0,,0,0,,0,0,,0,0,0,0,0,0,0,0,2.0,27.8,30.0,14.0,35.0,9.0,7.59,-1.1,6.49,110.5,100.5,10.0,76.2,0.275,0.418,0.555,0.514,12.9,26.7,,0.478,13.4,79.8,0.181,,ATL,30.0,14.0,0.682,4.0,veteran,0,0,1,0,0.06818181818181818,0.0,0.06818181818181818,0,0,0.0,0.0,0.0,0.0,0.0,,,,0.0,0.0,,,1.2293152868634125,0.0,0.0,0.0,0.0,0.0,0.0,-3.5841660902848163,-0.49065846021138565
Kyra Lambert,3887,Hardship,1,0,0.1,0.0,0.0,0.0,--,0.0,0.0,--,0.0,0.0,--,0.0,0.0,--,0.0,0.0,0.0,0.0,0.0,0.0,0.0,0.0,IND,G,1,0,0,0.0,0.0,0.0,,0.0,0.0,,0.0,0.0,,0.0,0.0,,0.0,0.0,0.0,0.0,0.0,0.0,0.0,0.0,,,,,,,,,,,,,,,0.0,0.0,0.0,,0,0,,0,0,,0,0,,0,0,,0,0,0,0,0,0,0,0,4.0,28.1,24.0,20.0,28.0,16.0,3.36,-0.83,2.53,108.4,104.1,4.3,78.0,0.261,0.349,0.554,0.517,14.3,26.2,,0.503,16.0,75.7,0.233,,IND,24.0,20.0,0.545,10.0,hardship,0,1,0,0,0.022727272727272728,0.0,0.0,0,0,,,,0.0,,,,,0.0,,,,0.4085994662347417,0.0,0.0,0.0,0.0,0.0,0.0,-2.7717714960330597,-0.07737944928859658
Marième Badiane,12216,UFA,3,0,3.6,0.0,0.0,1.0,0.0%,0.0,0.7,0.0%,0.0,0.3,0.0%,0.0,0.0,--,0.3,0.0,0.3,0.0,0.7,0.7,0.0,2.0,MIN,C,3,11,0,3.7,0.0,1.0,0.0,0.0,0.3,0.0,0.0,0.7,0.0,0.0,0.0,,0.3,0.3,0.0,0.7,0.0,0.7,2.0,0.0,-18.2,0.0,0.0,0.333,0.0,11.1,5.4,0.0,9.5,0.0,40.0,20.9,15.0,89.0,-0.1,0.0,-0.1,-0.367,0,3,0.0,0,1,0.0,0,2,0.0,0,0,,1,1,0,2,0,2,6,0,1.0,28.8,34.0,10.0,37.0,7.0,9.41,-0.69,8.72,112.3,100.0,12.3,76.4,0.236,0.372,0.572,0.542,13.9,26.0,0.0,0.481,15.9,74.1,0.178,,MIN,34.0,10.0,0.773,,veteran,0,0,1,0,0.06818181818181818,0.0,0.25,0,0,0.0,0.0,3.243243243243243,0.7,7.567567567567567,0.0,0.3,0.0,-0.03333333333333333,-0.3636363636363637,-0.572,-0.542,1.6774743240099597,-0.0,-0.1,-0.0,0.0,0.0,0.0,-3.5845374528936143,-0.4878741150602471
Serena Sundell,5136,UFA,3,0,7.2,0.0,0.0,0.3,0.0%,0.0,0.0,--,0.0,0.3,0.0%,0.0,0.0,--,0.0,0.3,0.3,0.0,0.7,0.0,0.0,1.3,DAL,G,3,22,0,7.3,0.0,0.3,0.0,0.0,0.3,0.0,0.0,0.0,,0.0,0.0,,0.0,0.3,0.0,0.0,0.0,0.7,1.3,0.0,-9.6,0.0,0.0,1.0,0.0,0.0,2.6,0.0,0.0,0.0,66.7,5.9,0.0,119.0,-0.1,0.0,-0.1,-0.211,0,1,0.0,0,1,0.0,0,0,,0,0,,0,1,0,0,0,2,4,0,11.0,25.4,10.0,34.0,11.0,33.0,-6.3,0.92,-5.38,103.3,111.2,-7.9,78.8,0.257,0.302,0.514,0.469,13.9,27.6,0.0,0.531,14.2,75.7,0.255,,DAL,10.0,34.0,0.227,24.0,veteran,0,0,1,0,0.06818181818181818,0.0,0.5,0,0,0.0,0.0,1.643835616438356,0.0,0.0,0.0,1.0,0.0,-0.03333333333333333,-0.18181818181818185,-0.514,-0.469,-1.3615149941003584,-0.0,-0.1,-0.0,0.0,0.0,0.0,-3.5798146890024896,-0.48651809379524963
Yvonne Anderson,85000,UFA,1,0,12.4,0.0,0.0,3.0,0.0%,0.0,2.0,0.0%,0.0,1.0,0.0%,0.0,0.0,--,0.0,1.0,1.0,2.0,0.0,2.0,0.0,3.0,MIN,G,1,12,0,12.0,0.0,3.0,0.0,0.0,1.0,0.0,0.0,2.0,0.0,0.0,0.0,,0.0,1.0,2.0,2.0,0.0,0.0,3.0,0.0,1.2,0.0,0.0,0.333,0.0,0.0,5.0,20.8,8.7,0.0,0.0,11.5,44.0,88.0,-0.1,0.0,0.0,-0.034,0,3,0.0,0,1,0.0,0,2,0.0,0,0,,0,1,2,2,0,0,3,0,1.0,28.8,34.0,10.0,37.0,7.0,9.41,-0.69,8.72,112.3,100.0,12.3,76.4,0.236,0.372,0.572,0.542,13.9,26.0,0.0,0.481,15.9,74.1,0.178,,MIN,34.0,10.0,0.773,,veteran,0,0,1,0,0.022727272727272728,0.0,0.2727272727272727,0,0,0.0,6.666666666666667,3.3333333333333335,2.0,6.666666666666667,0.0,0.3333333333333333,,0.0,0.0,-0.572,-0.542,1.6774743240099597,0.0,0.0,0.0,0.0,0.0,0.0,-3.0461504330836195,2.0595542389282535
Yvonne Anderson,7774,UFA,1,0,12.4,0.0,0.0,3.0,0.0%,0.0,2.0,0.0%,0.0,1.0,0.0%,0.0,0.0,--,0.0,1.0,1.0,2.0,0.0,2.0,0.0,3.0,MIN,G,1,12,0,12.0,0.0,3.0,0.0,0.0,1.0,0.0,0.0,2.0,0.0,0.0,0.0,,0.0,1.0,2.0,2.0,0.0,0.0,3.0,0.0,1.2,0.0,0.0,0.333,0.0,0.0,5.0,20.8,8.7,0.0,0.0,11.5,44.0,88.0,-0.1,0.0,0.0,-0.034,0,3,0.0,0,1,0.0,0,2,0.0,0,0,,0,1,2,2,0,0,3,0,1.0,28.8,34.0,10.0,37.0,7.0,9.41,-0.69,8.72,112.3,100.0,12.3,76.4,0.236,0.372,0.572,0.542,13.9,26.0,0.0,0.481,15.9,74.1,0.178,,MIN,34.0,10.0,0.773,,veteran,0,0,1,0,0.022727272727272728,0.0,0.2727272727272727,0,0,0.0,6.666666666666667,3.3333333333333335,2.0,6.666666666666667,0.0,0.3333333333333333,,0.0,0.0,-0.572,-0.542,1.6774743240099597,0.0,0.0,0.0,0.0,0.0,0.0,-3.0461504330836195,2.0595542389282535
