avail_rate,blk,fg,fg_per_g,fga,ft,fta,g,mp,pca1,pts,pts_rookie,pts_vet,start_rate,team_min,tov,ws_rookie,group_controlled,group_hardship,group_rookie,group_unknown,group_veteran
0.5435875088089442,0.9698925184765118,2.2334278592515995,3.163319354533304,2.2486793581326086,1.6676333778751111,1.6516494434443252,0.17499882761524826,0.9942914838250347,1.7475084370882377,2.1180332590651125,-0.33176790686389773,3.796853932764198,1.4149764277421428,1.3755637569896142,0.851399675209744,-0.20861449017515887,0.0,0.0,0.0,0.0,1.0
0.8459998736142935,3.5795183685423027,2.371164294798088,2.909608244748438,1.6249712151724733,1.9098397602708463,1.8118277060290446,0.43043973926871876,1.2089804136585993,2.046355657868149,2.038110270143207,-0.33176790686389773,-0.6288835644697648,1.4149764277421428,1.627455965437289,1.0922586029352022,-0.20861449017515887,0.0,0.0,0.0,1.0,0.0
0.6443916304107273,2.8339109828092193,1.6273875428470497,2.1992171373508125,1.6942721199458217,2.34581124858317,2.2322956453139335,0.2601457981664051,1.0822363466484226,1.8346862333509475,1.8083316769927282,-0.33176790686389773,-0.6288835644697648,1.4149764277421428,1.4787485170766137,0.4040902380053219,-0.20861449017515887,0.0,0.0,0.0,1.0,0.0
0.5435875088089442,1.790060642782903,1.5998402557377518,2.300701581264758,1.2595664445493637,1.4738682719585228,1.5114934636826955,0.17499882761524826,0.880480484877121,1.7469408494768974,1.5785530838422497,-0.33176790686389773,-0.6288835644697648,1.4149764277421428,1.2420305380534973,1.5051596218931302,-0.20861449017515887,0.0,0.0,0.0,1.0,0.0
1.0476081168178597,-0.7450044687095791,1.696255760620294,1.8440215836519995,2.1856785356113826,2.0551635897082874,1.8919168373214044,0.6007336803710325,1.260712685907651,1.5658981406897299,1.9581872812213013,-0.33176790686389773,-0.6288835644697648,1.4149764277421428,1.6881528831355241,1.1610754394281901,-0.20861449017515887,0.0,0.0,0.0,1.0,0.0
1.0476081168178597,2.237425074222753,1.8064449090574848,1.9962482495229192,1.8454740939967635,3.217754225207817,2.9530978269451715,0.6007336803710325,1.3072717309317974,2.181095554304563,1.8832594791070147,5.939033457476471,-0.6288835644697648,1.4149764277421428,1.7427801090639357,0.4040902380053219,8.083811494287406,0.0,0.0,1.0,0.0,0.0
0.9468039952160766,-0.2976400372697294,1.6136138992924007,1.8440215836519995,1.8013735182319055,1.6434127396355376,1.4314043323903358,0.5155867098198756,1.154661527797095,1.4991975735194658,1.7383990616860607,-0.33176790686389773,-0.6288835644697648,1.4149764277421428,1.5637242018541426,1.2643006941676722,-0.20861449017515887,0.0,0.0,0.0,1.0,0.0
1.0476081168178597,-0.22307929869642104,1.875313126830729,2.046990471479892,2.0092762325519504,0.9410142306879052,0.7906912820514576,0.6007336803710325,1.4055630482049957,1.2440721105930035,1.8083316769927282,-0.33176790686389773,-0.6288835644697648,1.4149764277421428,1.858104252690582,1.057850184688708,-0.20861449017515887,0.0,0.0,0.0,1.0,0.0
1.0476081168178597,1.1190139956231284,1.393235602418019,1.4888260299531868,1.3855680895918152,3.048209757530802,3.053209241060621,0.6007336803710325,1.3564173895683966,1.8195520589597993,1.793346116569871,-0.33176790686389773,-0.6288835644697648,1.4149764277421428,1.8004421808772588,1.6427932948791064,-0.20861449017515887,0.0,0.0,0.0,1.0,0.0
1.0476081168178597,-0.5213222529896543,1.7513503348388892,1.8947638056089726,1.7446727779628022,1.4496476337189492,1.5315157465057854,0.6007336803710325,1.4314291843295215,1.4483227383609298,1.643490512341298,-0.33176790686389773,2.548568997646927,1.4149764277421428,1.8884527115396994,2.9159047699993845,-0.20861449017515887,0.0,0.0,0.0,0.0,1.0
1.0476081168178597,0.44796734846335373,2.095691423705111,2.300701581264758,2.3494806741665695,-0.052031937134609435,0.14997823171257932,0.6007336803710325,1.5142008199280041,1.447098255624224,1.6085242046879642,-0.33176790686389773,-0.6288835644697648,1.4149764277421428,1.9855677798568754,0.81699125696325,-0.20861449017515887,0.0,0.0,0.0,1.0,0.0
0.8459998736142935,0.44796734846335373,1.1728573055436373,1.4380838079962137,1.404468336348183,1.4980889101980963,1.4514266152134256,0.43043973926871876,1.0408505288491814,1.0662146779867576,1.393731171960343,-0.33176790686389773,-0.6288835644697648,1.4149764277421428,1.4301909829180257,0.9202165117027321,-0.20861449017515887,0.0,0.0,0.0,1.0,0.0
0.7451957520125104,2.013742858502828,1.3656883153087211,1.742537139738053,1.4107684186003056,1.4980889101980963,1.371337483921066,0.3452927687175619,1.260712685907651,1.3929972920927558,1.3088129962308181,-0.33176790686389773,-0.6288835644697648,1.4149764277421428,1.6881528831355241,1.1610754394281901,-0.20861449017515887,0.0,0.0,0.0,1.0,0.0
-0.8676701936160188,-0.22307929869642104,0.1536076824996217,2.097732693436866,0.01845024088121604,-0.29423831953034474,-0.29051199039539943,-1.0170587601009475,-0.4102397077367184,-0.19662684434847427,0.015059613057471563,-0.33176790686389773,2.4350885489999015,1.4149764277421428,-0.2723575585174644,0.5073154927448039,-0.20861449017515887,0.0,0.0,0.0,0.0,1.0
0.9468039952160766,3.4303968913956857,1.8202185526121335,2.097732693436866,0.95716249644748,1.062117421885773,1.2111592213363465,0.5155867098198756,1.0822363466484226,1.5910590480639346,1.443683040036534,-0.33176790686389773,-0.6288835644697648,1.4149764277421428,1.4787485170766137,1.2987091124141663,-0.20861449017515887,0.0,0.0,0.0,1.0,0.0
1.0476081168178597,0.9698925184765118,1.1453100184343394,1.2351149201683205,1.448568912113041,2.1278255044270082,1.8718945544983145,0.6007336803710325,1.30985834454425,1.6650110765859931,1.393731171960343,-0.33176790686389773,-0.6288835644697648,1.4149764277421428,1.7458149549488473,1.1954838576746842,-0.20861449017515887,0.0,0.0,0.0,1.0,0.0
0.44278338720716115,-0.6704437301362709,0.7183270682402249,1.1843726982113474,0.7555598643795575,1.1832206130836405,0.8908026961669072,0.08985185706409143,0.3864372848986775,0.766972771465599,0.889217304390814,-0.33176790686389773,-0.6288835644697648,-0.9829467689219407,0.6623749740353537,0.3008649832658399,-0.20861449017515887,0.0,0.0,0.0,1.0,0.0
1.0476081168178597,0.522528087036662,1.6273875428470497,1.793279361695026,1.0516637302293186,1.1105586983649198,1.1510923728670766,0.6007336803710325,1.2012205728212415,1.495911842235303,1.3138081830384374,-0.33176790686389773,2.15138742738234,1.4149764277421428,1.618351427782554,1.2298922759211781,-0.20861449017515887,0.0,0.0,0.0,0.0,1.0
-0.06123722080175423,-0.446761514416346,0.4015332664833012,1.2351149201683205,0.42165550501706095,0.6745872100525964,0.5904684538205581,-0.3358829956916928,0.20537433202699662,0.3770450809190994,0.5045879202041433,-0.33176790686389773,-0.6288835644697648,1.186602789964611,0.4499357620915314,-0.11203603569208828,-0.20861449017515887,0.0,0.0,0.0,1.0,0.0
-0.3636495856071035,-0.3722007758430377,0.4566278407018966,1.793279361695026,0.20115262619277077,-0.1004732136137565,-0.11031144498758995,-0.5913239073451633,0.14070899171568202,0.2534516335042656,0.26981414024604566,-0.33176790686389773,2.1135606111666654,1.4149764277421428,0.3740646149687377,0.16323131027986382,-0.20861449017515887,0.0,0.0,0.0,0.0,1.0
1.0476081168178597,-0.14851856012311274,1.3381410281994235,1.4380838079962137,1.2847667735578538,1.3043238042815082,1.2912483526287062,0.6007336803710325,1.2167402544959571,1.0797159550166544,1.2738466885774846,-0.33176790686389773,-0.6288835644697648,1.4149764277421428,1.6365605030920245,0.8858080934562381,-0.20861449017515887,0.0,0.0,0.0,1.0,0.0
-0.5652578288106697,-0.07395782154980443,-0.0805442579294089,0.9306615884264812,0.11295147466305469,0.6261459335734494,0.5304016053512882,-0.7616178484474769,-0.15675157371636517,0.12958522519176205,0.17990077770890187,-0.33176790686389773,2.245954467921527,1.4149764277421428,0.025057338203886812,0.4384986562518159,-0.20861449017515887,0.0,0.0,0.0,0.0,1.0
0.3419792656053781,2.311985812796061,0.8836107908960112,1.5395682519101597,0.5350569855552674,0.8441316777296111,1.0910255243978066,0.004704886512934591,0.20537433202699662,0.7625604887444037,0.7443568869698601,-0.33176790686389773,2.0568203868431527,1.3190594998755794,0.4499357620915314,0.33527340151233387,-0.20861449017515887,0.0,0.0,0.0,0.0,1.0
-1.0692784368195851,-0.446761514416346,-0.21828069347589749,1.4888260299531868,-0.2587533782121773,-0.027811298895035908,-0.11031144498758995,-1.1873527012032612,-0.6094089558955674,-0.4045691880215797,-0.2546804745539598,-0.33176790686389773,-0.6288835644697648,1.4149764277421428,-0.5060406916556689,-0.3873033816640404,-0.20861449017515887,0.0,0.0,0.0,1.0,0.0
1.0476081168178597,-0.3722007758430377,0.9249317215599577,0.9814038103834543,0.9886629077080928,1.3285444425210817,1.0910255243978066,0.6007336803710325,1.278818981194819,1.1038510270132698,1.1539622051946263,-0.33176790686389773,1.9622533463039655,1.4149764277421428,1.7093968043299064,-0.00881078095260625,-0.20861449017515887,0.0,0.0,0.0,0.0,1.0
-1.8757114096338496,-0.6704437301362709,-0.8656419405443938,0.8799193664695076,-0.9202620146850479,-0.584885978405227,-0.6709353640341084,-1.8685284656125158,-1.1991568595347566,-0.9125432082026829,-0.8291269574301563,-0.33176790686389773,-0.6288835644697648,1.4149764277421428,-1.1979855534155472,-1.1098801648404146,-0.20861449017515887,0.0,0.0,0.0,1.0,0.0
1.0476081168178597,-0.14851856012311274,1.1590836619889884,1.2351149201683205,1.3288673493227119,1.0863380601253465,1.0509809587516268,0.6007336803710325,1.1675945958593579,1.109001158961185,1.1339814579641498,-0.33176790686389773,1.943339938196128,1.4149764277421428,1.5788984312787013,1.8148353861115765,-0.20861449017515887,0.0,0.0,0.0,0.0,1.0
-0.7668660720142357,-0.3722007758430377,-0.20450704992124863,0.9306615884264812,-0.18945247343882898,0.45660146589643463,0.2901342114742089,-0.9319117895497906,-0.5343971611344425,-0.22934368232909882,-0.09483449671014862,-0.33176790686389773,1.9055131219804533,0.21601482941010103,-0.41803016099322826,0.23204814677285185,-0.20861449017515887,0.0,0.0,0.0,0.0,1.0
0.14037102240181193,1.268135472769745,0.5530433455844386,1.2351149201683205,0.5035565742946544,0.335498274698567,0.3502010599434788,-0.1655890545893791,0.2571066042760483,0.6397920545273974,0.49459754658890515,-0.33176790686389773,1.886599713872616,1.4149764277421428,0.5106326797897663,0.7481744204702621,-0.20861449017515887,0.0,0.0,0.0,0.0,1.0
1.0476081168178597,0.000602917023503876,1.1315363748796907,1.1843726982113474,1.3666678428354475,0.21439508350069938,0.10993366606639944,0.6007336803710325,0.6657915550435566,0.8262857456071823,1.0840295898879588,-0.33176790686389773,-0.6288835644697648,-0.38346596975591984,0.9901383296058224,1.1610754394281901,-0.20861449017515887,0.0,0.0,0.0,1.0,0.0
0.44278338720716115,-0.22307929869642104,0.6219115633576829,1.0828882542974008,0.6106579725807383,0.26283635997984645,0.06988910042021955,0.08985185706409143,0.3088388765251,0.4465705839723557,0.6794194584708119,-0.33176790686389773,-0.6288835644697648,0.031559198897479226,0.5713295974880013,-0.1464444539385823,-0.20861449017515887,0.0,0.0,0.0,1.0,0.0
-0.3636495856071035,0.07516365559681218,0.18115496960891941,1.1843726982113474,0.26415344871399654,0.11751253054240526,0.21004508018184917,-0.5913239073451633,-0.13864527842919708,0.10228891273021946,0.12495372282509176,-0.33176790686389773,-0.6288835644697648,1.2817584723719158,0.04630125939826904,-0.07762761744559428,-0.20861449017515887,0.0,0.0,0.0,1.0,0.0
1.0476081168178597,0.07516365559681218,1.0902154442157441,1.1336304762543739,0.837460933657151,0.9410142306879052,0.8908026961669072,0.6007336803710325,1.2943386628695346,1.0857498435708297,0.9141932384289095,-0.33176790686389773,-0.6288835644697648,1.4149764277421428,1.727605879639377,0.4384986562518159,-0.20861449017515887,0.0,0.0,0.0,1.0,0.0
0.6443916304107273,-0.6704437301362709,0.4290805535925989,0.6262082566846414,0.509856656546777,1.7887365690729786,1.5915825949750553,0.2601457981664051,0.645098646143936,0.545334196229546,0.6444531508174781,-0.33176790686389773,-0.6288835644697648,1.1580560852424198,0.9658595625265284,0.679357583977274,-0.20861449017515887,0.0,0.0,0.0,1.0,0.0
-0.4644537072088865,0.2988458713167371,-0.09431790148405776,0.7784349225555611,-0.0508506638921323,0.26283635997984645,0.31015649429729886,-0.6764708778963201,-0.23952320931484786,-0.024156735890099312,-0.019906694595862136,3.745966313663446,-0.6288835644697648,0.991813510683775,-0.07205773011328909,0.16323131027986382,1.2461970860463438,0.0,0.0,1.0,0.0,0.0
0.3419792656053781,0.8207710413298952,0.41530691003795,0.8291771445125347,0.4342556695213061,0.4808221041360082,0.39024562558965864,0.004704886512934591,0.4614490796598025,0.4475534624035301,0.45463605212795233,-0.33176790686389773,1.6218120003628915,0.5517240769430728,0.7503855046977943,-0.00881078095260625,-0.20861449017515887,0.0,0.0,0.0,0.0,1.0
0.8459998736142935,0.44796734846335373,0.511722414920492,0.6262082566846414,0.7870602756401704,0.8683523159691846,0.6705575851129179,0.43043973926871876,0.9917048702125822,0.979288456445221,0.7243761397393838,3.6774329654192885,-0.6288835644697648,1.0952533348535984,1.3725289111047025,2.1245111503300227,1.9736028741570952,0.0,0.0,1.0,0.0,0.0
0.8459998736142935,0.000602917023503876,0.6632324940216294,0.7784349225555611,0.5602573145637576,-0.22157640481162413,-0.25046742474921957,0.43043973926871876,0.8468545079152375,0.5979281412319624,0.7193809529317646,-0.33176790686389773,1.5839851841472166,1.2551148812978705,1.2025775415496447,0.9546249299492261,-0.20861449017515887,0.0,0.0,0.0,0.0,1.0
0.7451957520125104,-0.446761514416346,0.704553424685576,0.9306615884264812,0.3775549292522029,0.9167935924483317,1.3513152010979759,0.3452927687175619,0.5028348974590438,0.7588031443311911,0.6494483376250972,-0.33176790686389773,-0.6288835644697648,-0.9829467689219407,0.7989430388563823,0.3008649832658399,-0.20861449017515887,0.0,0.0,0.0,1.0,0.0
1.0476081168178597,0.14972439417012048,0.6494588504669806,0.6262082566846414,0.8815615094220091,1.3285444425210817,1.311270635451796,0.6007336803710325,0.8908269393269315,0.7461687498650128,0.7693328210079556,-0.33176790686389773,-0.6288835644697648,0.6656254287846167,1.2541699215931443,0.8858080934562381,-0.20861449017515887,0.0,0.0,0.0,1.0,0.0
1.0476081168178597,3.0575931985291445,0.8560635037867135,0.8799193664695076,0.5287569033031447,1.1832206130836405,1.731738574736685,0.6007336803710325,0.8597875759775004,1.017743200288441,0.7693328210079556,-0.33176790686389773,-0.6288835644697648,0.7405605286803693,1.2177517709742034,0.64494916573078,-0.20861449017515887,0.0,0.0,0.0,1.0,0.0
1.0476081168178597,-0.07395782154980443,0.9937999393332021,1.0321460323404272,0.9634625786996025,-0.1004732136137565,-0.19040057627994972,0.6007336803710325,1.061543437748802,0.8876538476678428,0.739361700162241,-0.33176790686389773,1.470504735500192,1.4149764277421428,1.4544697499973196,1.8492438043580703,-0.20861449017515887,0.0,0.0,0.0,0.0,1.0
0.6443916304107273,0.6716495641832786,0.7321007117948738,1.0321460323404272,0.42165550501706095,0.26283635997984645,0.2901342114742089,0.2601457981664051,0.3864372848986775,0.49298493408123795,0.489602359781286,-0.33176790686389773,-0.6288835644697648,-0.5547461980890687,0.6623749740353537,0.26645656501934584,-0.20861449017515887,0.0,0.0,0.0,1.0,0.0
0.8459998736142935,-0.2976400372697294,0.511722414920492,0.6262082566846414,0.7555598643795575,0.3112776364589935,0.21004508018184917,0.43043973926871876,0.9606655068631512,0.6906501597761195,0.5495446014727152,-0.33176790686389773,1.3759376949610047,1.4149764277421428,1.3361107604857614,1.1266670211816963,-0.20861449017515887,0.0,0.0,0.0,0.0,1.0
1.0476081168178597,0.07516365559681218,0.5254960584751409,0.5247238127706951,0.5287569033031447,0.2386157217402729,0.0899113832433095,0.6007336803710325,0.8209883717907116,0.5464475882698513,0.6494483376250972,-0.33176790686389773,1.3570242868531672,1.4149764277421428,1.172229082700527,-0.4561202181570284,-0.20861449017515887,0.0,0.0,0.0,0.0,1.0
1.0476081168178597,0.14972439417012048,0.7321007117948738,0.727692700598588,0.7870602756401704,0.14173316878197878,0.06988910042021955,0.6007336803710325,1.1934607319838837,1.1432682227742874,0.6444531508174781,-0.33176790686389773,-0.6288835644697648,1.4149764277421428,1.6092468901278187,2.1589195685765166,-0.20861449017515887,0.0,0.0,0.0,1.0,0.0
-0.8676701936160188,0.14972439417012048,-0.3560171290223861,0.6262082566846414,-0.397355187758874,-0.34267959600949177,-0.3505788388646693,-1.0170587601009475,-0.6352750920200932,-0.456300477572837,-0.3745649579368182,-0.33176790686389773,1.3002840625296548,1.0460651667168992,-0.5363891505047864,-0.5937538911430045,-0.20861449017515887,0.0,0.0,0.0,0.0,1.0
0.8459998736142935,-0.5213222529896543,0.41530691003795,0.4739815908137218,0.4594559985297964,-0.3911208724886388,-0.43066797015702907,0.43043973926871876,0.8184017581782591,0.6050968945347148,0.45963123893557145,-0.33176790686389773,1.26245724631398,1.4149764277421428,1.1691942368156154,0.4384986562518159,-0.20861449017515887,0.0,0.0,0.0,0.0,1.0
0.03956690080002885,-0.7450044687095791,0.22247590027286598,0.8291771445125347,0.031050405385461194,-0.17313512833247707,-0.1703782934568598,-0.2507360251405359,0.07087042417946224,0.13445863874540215,0.05502110751842436,-0.33176790686389773,-0.6288835644697648,1.1969834098635896,0.29212377607612056,1.0922586029352022,-0.20861449017515887,0.0,0.0,0.0,1.0,0.0
0.03956690080002885,-0.7450044687095791,0.22247590027286598,0.8291771445125347,0.031050405385461194,-0.17313512833247707,-0.1703782934568598,-0.2507360251405359,0.07087042417946224,0.13445863874540215,0.05502110751842436,-0.33176790686389773,-0.6288835644697648,1.1969834098635896,0.29212377607612056,1.0922586029352022,-0.20861449017515887,1.0,0.0,0.0,0.0,0.0
0.03956690080002885,-0.7450044687095791,0.22247590027286598,0.8291771445125347,0.031050405385461194,-0.17313512833247707,-0.1703782934568598,-0.2507360251405359,0.07087042417946224,0.13445863874540215,0.05502110751842436,-0.33176790686389773,-0.6288835644697648,1.1969834098635896,0.29212377607612056,1.0922586029352022,-0.20861449017515887,0.0,1.0,0.0,0.0,0.0
0.24117514400359502,-0.5958829915629625,0.16738132605427056,0.5754660347276684,0.23895311970550623,0.4808221041360082,0.3502010599434788,-0.08044208403822224,0.370917603223962,0.2468242171784332,0.14992965686318727,-0.33176790686389773,1.2435438382061426,1.4149764277421428,0.6441658987258831,0.26645656501934584,-0.20861449017515887,0.0,0.0,0.0,0.0,1.0
1.0476081168178597,-0.5958829915629625,0.30511776160075915,0.2710127029858289,0.629558219337106,0.3112776364589935,0.33017877712038884,0.6007336803710325,0.8261615990156168,0.38559211564609586,0.48460717297366696,-0.33176790686389773,-0.6288835644697648,1.4149764277421428,1.1782987744703506,0.47290707449830993,-0.20861449017515887,0.0,0.0,0.0,1.0,0.0
1.0476081168178597,0.3734066098900454,0.5392697020297897,0.5247238127706951,0.6988591241104544,0.6019252953338758,0.6705575851129179,0.6007336803710325,1.0951694147106856,0.666708140524094,0.4746167993584287,-0.33176790686389773,1.1489767976669554,0.5157552289931114,1.4939227465011724,0.3696818197588279,-0.20861449017515887,0.0,0.0,0.0,0.0,1.0
-0.2628454640053204,-0.7450044687095791,-0.12186518859335548,0.4739815908137218,-0.06975091064850003,-0.4880034254469329,-0.5307793842724787,-0.5061769367940064,0.02431137915531573,-0.23937792550442494,-0.14478636478633963,-0.33176790686389773,-0.6288835644697648,1.4149764277421428,0.2374965501477091,-0.07762761744559428,-0.20861449017515887,0.0,0.0,0.0,1.0,0.0
0.8459998736142935,1.8646213813562114,0.41530691003795,0.4739815908137218,0.465756080781919,-0.07625257537418297,-0.05024459651832011,0.43043973926871876,0.5131813519088542,0.2707133302476012,0.33974675555271305,-0.33176790686389773,1.1111499814512804,1.1751841080757346,0.8110824223960292,0.679357583977274,-0.20861449017515887,0.0,0.0,0.0,0.0,1.0
0.3419792656053781,1.5663784270629781,-0.025449683710813468,0.2202704810288556,0.2704535309661191,-0.07625257537418297,-0.1703782934568598,0.004704886512934591,0.2571066042760483,0.035674449484498105,0.10996816240223446,-0.33176790686389773,-0.6288835644697648,0.26397329334338276,0.5106326797897663,-0.4561202181570284,-0.20861449017515887,0.0,1.0,0.0,0.0,0.0
0.9468039952160766,-0.2976400372697294,0.29134411804611027,0.2710127029858289,0.5224568210510222,0.6503665718130229,0.7706689992283676,0.5155867098198756,0.43040971631037145,0.1543669463819931,0.3697178763984276,-0.33176790686389773,-0.6288835644697648,0.02263392645332015,0.7139673540788534,0.782582838716756,-0.20861449017515887,1.0,0.0,0.0,0.0,0.0
0.24117514400359502,-0.07395782154980443,0.0847394647263774,0.42323936885674857,0.11295147466305469,-0.4395621489677859,-0.1303337278106799,-0.08044208403822224,-0.19555077790315392,-0.09009519617103967,0.020054799865090664,-0.33176790686389773,1.0354963490199307,-0.0837255701729094,-0.020465350069789393,-0.3873033816640404,-0.20861449017515887,0.0,0.0,0.0,0.0,1.0
0.8459998736142935,-0.5958829915629625,0.4015332664833012,0.4739815908137218,0.6988591241104544,-0.027811298895035908,0.04986681759712961,0.43043973926871876,0.614059282794505,0.273546819595,0.26981414024604566,-0.33176790686389773,-0.6288835644697648,0.6955994687429177,0.9294414119075874,0.5073154927448039,-0.20861449017515887,0.0,0.0,0.0,1.0,0.0
0.8459998736142935,-0.5958829915629625,0.4015332664833012,0.4739815908137218,0.6988591241104544,-0.027811298895035908,0.04986681759712961,0.43043973926871876,0.614059282794505,0.273546819595,0.26981414024604566,-0.33176790686389773,1.016582940912093,0.6955994687429177,0.9294414119075874,0.5073154927448039,-0.20861449017515887,0.0,0.0,0.0,0.0,1.0
0.5435875088089442,-0.446761514416346,0.07096582117172855,0.2202704810288556,0.2200528729491385,0.2386157217402729,0.1900227973587592,0.17499882761524826,0.8701340304273107,0.5162431294648396,0.13494409644032995,-0.33176790686389773,-0.6288835644697648,1.4149764277421428,1.2298911545138504,0.851399675209744,-0.20861449017515887,0.0,1.0,0.0,0.0,0.0
1.0476081168178597,-0.07395782154980443,0.20870225671821713,0.11878603711490904,0.33975443573946745,0.4808221041360082,0.43029019123583856,0.6007336803710325,0.5054215110714964,0.16267782857643148,0.33974675555271305,2.615166067634855,-0.6288835644697648,1.190171128054885,0.8019778847412941,-0.00881078095260625,0.6642724555577427,0.0,0.0,1.0,0.0,0.0
1.0476081168178597,2.0883035970761363,0.23624954382751484,0.16952825907188232,0.301953942226732,-0.19735576657205062,-0.19040057627994972,0.6007336803710325,0.7485631906420392,0.2314103483796422,0.2847997006689029,-0.33176790686389773,0.9409293084807435,0.29094992930585367,1.0872533979229984,0.3696818197588279,-0.20861449017515887,0.0,0.0,0.0,0.0,1.0
0.9468039952160766,1.6409391656362864,0.33266504871005687,0.32175492494280217,0.18225237943640304,0.38393955117771406,0.630513019466738,0.5155867098198756,0.5804333058326213,0.422535239015319,0.22485745897747375,-0.33176790686389773,-0.6288835644697648,-0.28677551827752934,0.8899884154037347,0.3008649832658399,-0.20861449017515887,0.0,0.0,0.0,1.0,0.0
1.0476081168178597,2.3865465513693698,0.4428541971472477,0.42323936885674857,0.138151803671545,-0.07625257537418297,0.009822251950949719,0.6007336803710325,1.2374331633955777,0.7738633709177819,0.20987189855461647,-0.33176790686389773,-0.6288835644697648,1.4149764277421428,1.6608392701713184,0.4384986562518159,-0.20861449017515887,0.0,0.0,0.0,1.0,0.0
0.9468039952160766,-0.5958829915629625,0.1536076824996217,0.11878603711490904,0.3208541889830997,-0.0035906606554623782,-0.07026687934141006,0.5155867098198756,0.277799513175669,0.16195688098030922,0.15492484367080636,-0.33176790686389773,-0.6288835644697648,-0.20942315709481701,0.5349114468690603,0.3008649832658399,-0.20861449017515887,0.0,0.0,0.0,1.0,0.0
0.24117514400359502,-0.22307929869642104,-0.13563883214800435,0.11878603711490904,0.012150158629093464,-0.4395621489677859,-0.43066797015702907,-0.08044208403822224,0.14588221894058717,-0.10363227400950967,-0.11481524394062503,-0.33176790686389773,-0.6288835644697648,1.0153225616314623,0.3801343067385612,0.33527340151233387,-0.20861449017515887,0.0,0.0,0.0,1.0,0.0
1.0476081168178597,-0.2976400372697294,0.029644890507781966,-0.08418285071298388,0.138151803671545,-0.027811298895035908,0.0899113832433095,0.6007336803710325,0.3321183990371732,0.2046182334975702,0.17490559090128274,-0.33176790686389773,-0.6288835644697648,-0.6082712694431777,0.598643210452207,-0.1464444539385823,-0.20861449017515887,1.0,0.0,0.0,0.0,0.0
0.9468039952160766,-0.22307929869642104,0.09851310828102626,0.06804381515793598,0.15075196817579015,0.21439508350069938,0.14997823171257932,0.5155867098198756,0.8830670984895737,0.39878851400515036,0.12994890963271086,-0.33176790686389773,-0.6288835644697648,0.9508622606458684,1.2450653839384092,-0.1464444539385823,-0.20861449017515887,0.0,0.0,0.0,1.0,0.0
0.24117514400359502,0.6716495641832786,-0.06677061437476005,0.2202704810288556,-0.17055222668246126,-0.4395621489677859,-0.5307793842724787,-0.08044208403822224,-0.09208623340505055,-0.1851936975401939,-0.13979117797872054,-0.33176790686389773,-0.6288835644697648,0.5157552289931114,0.10092848532668049,-0.1464444539385823,-0.20861449017515887,0.0,0.0,0.0,1.0,0.0
0.8459998736142935,0.746210302756587,0.19492861316356827,0.2202704810288556,0.04365056988970635,-0.24579704305119765,-0.2704897075723095,0.43043973926871876,0.18468142312737595,0.1189056552961544,0.07000666794128166,-0.33176790686389773,-0.6288835644697648,-0.10370826347844349,0.4256569950122374,-0.21526129043157033,-0.20861449017515887,0.0,0.0,0.0,1.0,0.0
0.8459998736142935,0.07516365559681218,0.22247590027286598,0.2710127029858289,-0.15165197992609353,-0.0035906606554623782,0.029844534774039665,0.43043973926871876,0.5804333058326213,0.3749996669042585,0.06501148113366256,-0.33176790686389773,-0.6288835644697648,1.2551148812978705,0.8899884154037347,0.1288228920333698,-0.20861449017515887,0.0,0.0,0.0,1.0,0.0
-1.4724949232267173,-0.5213222529896543,-0.7692264356618518,0.16952825907188232,-0.7816602051383512,-0.7302098078426682,-0.7510244953264682,-1.5279405834078885,-0.9870545433136447,-0.8237983188178571,-0.7891654629692035,-0.33176790686389773,-0.6288835644697648,0.044734601076952166,-0.949128190852784,-0.9722464918544386,-0.20861449017515887,0.0,1.0,0.0,0.0,0.0
0.5435875088089442,-0.22307929869642104,-0.052996970820111185,0.06804381515793598,-0.09495123965699034,-0.41534151072821235,-0.39062340451084915,0.17499882761524826,0.1303625372658717,-0.06504200720335832,-0.08983930990252953,-0.33176790686389773,-0.6288835644697648,1.148540517001689,0.3619252314290907,-0.1464444539385823,-0.20861449017515887,0.0,0.0,0.0,1.0,0.0
0.7451957520125104,-0.446761514416346,-0.06677061437476005,-0.08418285071298388,-0.038250499387887146,-0.07625257537418297,-0.15035601063376983,0.3452927687175619,0.9347993707386254,0.19702147999287525,-0.024901881403481235,-0.33176790686389773,-0.6288835644697648,1.4149764277421428,1.305762301636644,0.610540747484286,-0.20861449017515887,0.0,0.0,0.0,1.0,0.0
-0.4644537072088865,-0.3722007758430377,-0.49375356456887465,-0.08418285071298388,-0.5989578198267965,-0.14891449009290356,-0.21042285910303968,-0.6764708778963201,-0.4283460030238865,-0.5180976833941849,-0.4444975732434856,-0.33176790686389773,-0.6288835644697648,0.8507592049976525,-0.29360147971184664,-0.4905286364035224,-0.20861449017515887,1.0,0.0,0.0,0.0,0.0
-0.4644537072088865,-0.3722007758430377,-0.49375356456887465,-0.08418285071298388,-0.5989578198267965,-0.14891449009290356,-0.21042285910303968,-0.6764708778963201,-0.4283460030238865,-0.5180976833941849,-0.4444975732434856,-0.33176790686389773,-0.6288835644697648,0.8507592049976525,-0.29360147971184664,-0.4905286364035224,-0.20861449017515887,0.0,1.0,0.0,0.0,0.0
-0.4644537072088865,-0.3722007758430377,-0.49375356456887465,-0.08418285071298388,-0.5989578198267965,-0.14891449009290356,-0.21042285910303968,-0.6764708778963201,-0.4283460030238865,-0.5180976833941849,-0.4444975732434856,-0.33176790686389773,0.6761415949710191,0.8507592049976525,-0.29360147971184664,-0.4905286364035224,-0.20861449017515887,0.0,0.0,0.0,0.0,1.0
0.9468039952160766,-0.446761514416346,0.015871246953133106,-0.0334406287560106,0.36495476474795774,-0.2700176812907712,-0.31053427321848937,0.5155867098198756,0.37609083044886715,-0.07097264826287152,0.020054799865090664,-0.33176790686389773,-0.6288835644697648,-0.3641278794602418,0.6502355904957067,0.23204814677285185,-0.20861449017515887,0.0,0.0,0.0,1.0,0.0
0.8459998736142935,1.3426962113430532,0.07096582117172855,0.06804381515793598,-0.08235107515274519,-0.07625257537418297,-0.1303337278106799,0.43043973926871876,-0.1541649601039126,0.005897051125902776,-0.03489225501871943,-0.33176790686389773,-0.6288835644697648,-0.7431544492555324,0.028092184088798558,-0.28407812692455836,-0.20861449017515887,0.0,0.0,0.0,1.0,0.0
-0.1620413424035373,0.44796734846335373,-0.4111117032409815,-0.13492507266995718,-0.35955469424613856,-0.1004732136137565,-0.2304451419261296,-0.4210299662428496,-0.44903891192350714,-0.3387747331182932,-0.3745649579368182,-0.33176790686389773,-0.6288835644697648,-0.023777490256307255,-0.3178802467911406,-0.5937538911430045,-0.20861449017515887,0.0,0.0,0.0,1.0,0.0
-0.1620413424035373,0.44796734846335373,-0.4111117032409815,-0.13492507266995718,-0.35955469424613856,-0.1004732136137565,-0.2304451419261296,-0.4210299662428496,-0.44903891192350714,-0.3387747331182932,-0.3745649579368182,-0.33176790686389773,0.6194013706475067,-0.023777490256307255,-0.3178802467911406,-0.5937538911430045,-0.20861449017515887,0.0,0.0,0.0,0.0,1.0
0.5435875088089442,-0.446761514416346,0.0020976033984842486,0.11878603711490904,0.09405122790668696,-0.4395621489677859,-0.5107571014493888,0.17499882761524826,0.060523969729651905,-0.19016566392101342,-0.16476711201681601,-0.33176790686389773,0.5815745544318319,0.2604208145335099,0.27998439253647356,0.09441447378687579,-0.20861449017515887,0.0,0.0,0.0,0.0,1.0
0.44278338720716115,-0.3722007758430377,-0.025449683710813468,0.11878603711490904,-0.01935025263151942,-0.4395621489677859,-0.47071253580320893,0.08985185706409143,-0.1360586648167445,-0.28278034651966427,-0.19973341967014974,-0.33176790686389773,0.5815745544318319,-0.42957987738407527,0.04933610528318079,-0.4217117999105344,-0.20861449017515887,0.0,0.0,0.0,0.0,1.0
0.44278338720716115,-0.3722007758430377,-0.025449683710813468,0.11878603711490904,-0.01935025263151942,-0.4395621489677859,-0.47071253580320893,0.08985185706409143,-0.1360586648167445,-0.28278034651966427,-0.19973341967014974,-0.33176790686389773,-0.6288835644697648,-0.42957987738407527,0.04933610528318079,-0.4217117999105344,-0.20861449017515887,1.0,0.0,0.0,0.0,0.0
0.9468039952160766,0.8207710413298952,-0.06677061437476005,-0.13492507266995718,0.18225237943640304,-0.34267959600949177,-0.3706011216877592,0.5155867098198756,0.1122562419787036,-0.02763372830928018,-0.039887441826338535,-0.33176790686389773,0.5815745544318319,-0.13207079591210458,0.3406813102347085,0.09441447378687579,-0.20861449017515887,0.0,0.0,0.0,0.0,1.0
0.9468039952160766,-0.5958829915629625,-0.16318611925730206,-0.23640951658390352,0.031050405385461194,-0.41534151072821235,-0.450690252980119,0.5155867098198756,0.5416341016458326,-0.04325007541019597,-0.04987781544157673,-0.33176790686389773,-0.6288835644697648,-0.05471843472939228,0.8444657271300585,0.025597637293887764,-0.20861449017515887,0.0,0.0,0.0,1.0,0.0
0.8459998736142935,-0.3722007758430377,-0.27337526769449294,-0.3378939604978501,0.005850076376970888,0.21439508350069938,0.10993366606639944,0.43043973926871876,-0.058460256443166964,-0.13807453619519577,-0.08983930990252953,1.827032562827049,-0.6288835644697648,-0.6632236760333963,0.1403814818305332,0.025597637293887764,0.22782898269129193,0.0,0.0,1.0,0.0,0.0
0.5435875088089442,0.000602917023503876,-0.3146961983584395,-0.28715173854087683,-0.15165197992609353,-0.027811298895035908,0.009822251950949719,0.17499882761524826,-0.17485786900353326,-0.3317209935034302,-0.23969491413110253,-0.33176790686389773,-0.6288835644697648,-0.9829467689219407,0.0038134170095045833,0.3008649832658399,-0.20861449017515887,0.0,0.0,0.0,1.0,0.0
-0.6660619504124528,-0.446761514416346,-0.5763954258967678,-0.13492507266995718,-0.6871589713565125,-0.4395621489677859,-0.39062340451084915,-0.8467648189986338,-0.7904719087672483,-0.6656933098051638,-0.5943531774720586,-0.33176790686389773,-0.6288835644697648,-0.9829467689219407,-0.7184799035994912,-0.4561202181570284,-0.20861449017515887,1.0,0.0,0.0,0.0,0.0
-0.6660619504124528,-0.446761514416346,-0.5763954258967678,-0.13492507266995718,-0.6871589713565125,-0.4395621489677859,-0.39062340451084915,-0.8467648189986338,-0.7904719087672483,-0.6656933098051638,-0.5943531774720586,-0.33176790686389773,-0.6288835644697648,-0.9829467689219407,-0.7184799035994912,-0.4561202181570284,-0.20861449017515887,0.0,1.0,0.0,0.0,0.0
0.44278338720716115,2.1628643356494446,-0.12186518859335548,0.017301593200962688,0.04365056988970635,-0.5606653401656535,-0.5307793842724787,0.08985185706409143,0.07345703779191483,-0.12716174749698947,-0.2746612217844362,-0.33176790686389773,0.4680941057848071,0.6771539056916556,0.29515862196103226,0.47290707449830993,-0.20861449017515887,0.0,0.0,0.0,0.0,1.0
1.0476081168178597,2.461107289942678,0.05719217761707968,-0.0334406287560106,-0.11385148641335807,-0.22157640481162413,0.14997823171257932,0.6007336803710325,0.6347521916941256,0.15746867738585818,-0.09982968351776773,-0.33176790686389773,-0.6288835644697648,1.4149764277421428,0.9537201789868813,-0.31848654517105235,-0.20861449017515887,0.0,0.0,0.0,1.0,0.0
0.7451957520125104,-0.446761514416346,-0.27337526769449294,-0.3378939604978501,-0.18315239118670643,0.4081601894172876,0.3502010599434788,0.3452927687175619,0.06828381056700966,0.031941237793301144,-0.1947382328625306,-0.33176790686389773,-0.6288835644697648,-0.7348857485773804,0.2890889301912088,-0.11203603569208828,-0.20861449017515887,0.0,0.0,0.0,1.0,0.0
0.8459998736142935,0.746210302756587,-0.03922332726546233,-0.08418285071298388,-0.22095288469944188,-0.22157640481162413,-0.2304451419261296,0.43043973926871876,-0.027420893093735955,-0.0229014402942546,-0.16976229882443514,1.6556991922166564,-0.6288835644697648,-0.503362129589124,0.17679963244947416,-0.5593454728965105,2.846489819889997,0.0,0.0,1.0,0.0,0.0
0.7451957520125104,-0.2976400372697294,-0.2458279805851952,-0.28715173854087683,-0.2587533782121773,-0.24579704305119765,-0.33055655604157935,0.3452927687175619,-0.25762950460201595,-0.22464048548465626,-0.19973341967014974,-0.33176790686389773,0.4680941057848071,-0.8175727553589004,-0.09330165130767132,-0.31848654517105235,-0.20861449017515887,0.0,0.0,0.0,0.0,1.0
0.8459998736142935,0.2242851327434288,-0.09431790148405776,-0.13492507266995718,-0.18945247343882898,-0.7302098078426682,-0.7510244953264682,0.43043973926871876,0.05793735611719932,-0.21246084315428426,-0.17975267243967333,-0.33176790686389773,-0.6288835644697648,-0.26356980992271567,0.2769495466515618,0.5073154927448039,-0.20861449017515887,0.0,1.0,0.0,0.0,0.0
0.8459998736142935,0.3734066098900454,-0.06677061437476005,-0.08418285071298388,-0.1327517331697258,-0.7786510843218153,-0.811091343795738,0.43043973926871876,0.13294915087832426,-0.1669942436781616,-0.18474785924729242,-0.33176790686389773,-0.6288835644697648,0.5357379222986455,0.3649600773140025,0.1288228920333698,-0.20861449017515887,0.0,0.0,0.0,1.0,0.0
0.8459998736142935,-0.22307929869642104,-0.23205433703054634,-0.28715173854087683,-0.2398531314558096,-0.41534151072821235,-0.3706011216877592,0.43043973926871876,0.021724765542863147,-0.21664904997342244,-0.18974304605491152,-0.33176790686389773,-0.6288835644697648,-0.6632236760333963,0.23446170426279736,-0.6281623093894985,-0.20861449017515887,0.0,0.0,0.0,1.0,0.0
-1.8757114096338496,-0.7450044687095791,-0.9896047325362336,-0.6423472922396894,-0.9958630017105188,-0.8028717225613888,-0.8311136266188279,-1.8685284656125158,-1.2379560637215454,-1.0214613888403943,-0.9789825616587293,-0.33176790686389773,0.07091253552022077,-0.9829467689219407,-1.2435082416892234,-1.0754717465939205,-0.20861449017515887,0.0,0.0,0.0,0.0,1.0
-0.1620413424035373,-0.446761514416346,-0.4248853467956304,-0.13492507266995718,-0.45405592802797723,-0.5606653401656535,-0.5508016670955688,-0.4210299662428496,-0.5706097517087786,-0.5447188099307209,-0.4844590677044384,-0.33176790686389773,-0.6288835644697648,-0.26356980992271567,-0.4605180033819927,-0.07762761744559428,-0.20861449017515887,0.0,1.0,0.0,0.0,0.0
-0.1620413424035373,-0.446761514416346,-0.4248853467956304,-0.13492507266995718,-0.45405592802797723,-0.5606653401656535,-0.5508016670955688,-0.4210299662428496,-0.5706097517087786,-0.5447188099307209,-0.4844590677044384,-0.33176790686389773,-0.6288835644697648,-0.26356980992271567,-0.4605180033819927,-0.07762761744559428,-0.20861449017515887,1.0,0.0,0.0,0.0,0.0
-0.1620413424035373,-0.446761514416346,-0.4248853467956304,-0.13492507266995718,-0.45405592802797723,-0.5606653401656535,-0.5508016670955688,-0.4210299662428496,-0.5706097517087786,-0.5447188099307209,-0.4844590677044384,-0.33176790686389773,-0.6288835644697648,-0.26356980992271567,-0.4605180033819927,-0.07762761744559428,-0.20861449017515887,0.0,1.0,0.0,0.0,0.0
-0.1620413424035373,-0.446761514416346,-0.4248853467956304,-0.13492507266995718,-0.45405592802797723,-0.5606653401656535,-0.5508016670955688,-0.4210299662428496,-0.5706097517087786,-0.5447188099307209,-0.4844590677044384,-0.33176790686389773,-0.6288835644697648,-0.26356980992271567,-0.4605180033819927,-0.07762761744559428,-0.20861449017515887,0.0,1.0,0.0,0.0,0.0
0.7451957520125104,-0.3722007758430377,-0.13563883214800435,-0.13492507266995718,-0.16425214443033867,-0.8028717225613888,-0.811091343795738,0.3452927687175619,-0.040353961155998874,-0.22444778033607377,-0.24469010093872162,-0.33176790686389773,-0.6288835644697648,1.3322894209606229,0.16162540302491543,0.19763972852635783,-0.20861449017515887,0.0,0.0,0.0,1.0,0.0
1.0476081168178597,-0.5213222529896543,-0.1494124757026532,-0.28715173854087683,-0.1327517331697258,-0.14891449009290356,-0.1703782934568598,0.6007336803710325,0.1432956053281346,-0.06591475653117765,-0.16476711201681601,-0.33176790686389773,-0.6288835644697648,-0.38346596975591984,0.3770994608536495,-0.11203603569208828,-0.20861449017515887,1.0,0.0,0.0,0.0,0.0
1.0476081168178597,-0.5213222529896543,-0.20450704992124863,-0.3378939604978501,-0.1579520621782161,-0.3184589577699182,-0.4106456873339391,0.6007336803710325,0.11484285559115617,-0.028043781613781432,-0.17475748563205423,-0.33176790686389773,-0.6288835644697648,-0.6082712694431777,0.34371615611962025,-0.11203603569208828,-0.20861449017515887,1.0,0.0,0.0,0.0,0.0
0.5435875088089442,-0.446761514416346,-0.3422434854677372,-0.3378939604978501,-0.27765362496854507,-0.7544304460822417,-0.7510244953264682,0.17499882761524826,-0.45162552553595975,-0.4582110960637654,-0.3595793975139609,-0.33176790686389773,-0.6288835644697648,-0.9829467689219407,-0.32091509267605234,-0.31848654517105235,-0.20861449017515887,0.0,0.0,0.0,1.0,0.0
0.5435875088089442,-0.446761514416346,-0.3422434854677372,-0.3378939604978501,-0.27765362496854507,-0.7544304460822417,-0.7510244953264682,0.17499882761524826,-0.45162552553595975,-0.4582110960637654,-0.3595793975139609,-0.33176790686389773,-0.6288835644697648,-0.9829467689219407,-0.32091509267605234,-0.31848654517105235,-0.20861449017515887,1.0,0.0,0.0,0.0,0.0
0.6443916304107273,0.2988458713167371,-0.3560171290223861,-0.3886361824548233,-0.2965538717249128,-0.3669002342490653,-0.450690252980119,0.2601457981664051,-0.213657073190322,-0.388170611909233,-0.3495890238987227,-0.33176790686389773,0.2978734328142702,-0.29782585558934543,-0.04170927126417162,-0.07762761744559428,-0.20861449017515887,0.0,0.0,0.0,0.0,1.0
-1.4724949232267173,-0.5213222529896543,-0.851868296989745,-0.28715173854087683,-0.9076618501808027,-0.7302098078426682,-0.7710467781495581,-1.5279405834078885,-1.059479724462317,-0.9361843462430787,-0.8640932650834899,-0.33176790686389773,-0.6288835644697648,-0.29782585558934543,-1.034103875630313,-0.8002044006219685,-0.20861449017515887,0.0,1.0,0.0,0.0,0.0
1.0476081168178597,-0.2976400372697294,-0.28714891124914177,-0.4393784044117966,-0.22725296695156444,-0.4880034254469329,-0.5107571014493888,0.6007336803710325,0.26486644511340607,-0.15754288375015466,-0.2696660349768171,-0.33176790686389773,-0.6288835644697648,-0.2335957699644146,0.5197372174445015,-0.24966970867806434,-0.20861449017515887,1.0,0.0,0.0,0.0,0.0
0.6443916304107273,-0.2976400372697294,-0.23205433703054634,-0.23640951658390352,-0.2524532959600548,-0.584885978405227,-0.5107571014493888,0.2601457981664051,-0.19296416429070135,-0.38681397687265656,-0.3845553315520564,-0.33176790686389773,0.2411332084907577,-0.811666540588792,-0.017430504184877644,0.06000605554038178,-0.20861449017515887,0.0,0.0,0.0,0.0,1.0
0.7451957520125104,-0.14851856012311274,-0.4111117032409815,-0.49012062636876974,-0.1579520621782161,-0.41534151072821235,-0.31053427321848937,0.3452927687175619,-0.2317633684774901,-0.488900874433189,-0.37956014474443733,-0.33176790686389773,-0.6288835644697648,-0.40413772145129984,-0.06295319245855385,-0.3873033816640404,-0.20861449017515887,0.0,0.0,0.0,1.0,0.0
0.5435875088089442,-0.7450044687095791,-0.4799799210142258,-0.540862848325743,-0.29025378947279024,-0.53644470192608,-0.5508016670955688,0.17499882761524826,0.16140190061530268,-0.4542900506799712,-0.43950238643586653,-0.33176790686389773,-0.6288835644697648,-0.2724510069473975,0.3983433820480317,-0.24966970867806434,-0.20861449017515887,0.0,0.0,0.0,1.0,0.0
1.0476081168178597,0.000602917023503876,-0.3835644161316838,-0.540862848325743,-0.18945247343882898,-0.2700176812907712,-0.31053427321848937,0.6007336803710325,0.016551538317957977,-0.20069884533927232,-0.3296082766682463,-0.33176790686389773,-0.6288835644697648,-0.7581414692346828,0.22839201249297386,-0.07762761744559428,-0.20861449017515887,0.0,0.0,0.0,1.0,0.0
-0.2628454640053204,-0.2976400372697294,-0.6177163565607144,-0.49012062636876974,-0.4855563392885901,-0.5606653401656535,-0.450690252980119,-0.5061769367940064,-0.5111176386223691,-0.6271821775869626,-0.6193291115101541,-0.33176790686389773,0.20330639227508293,-0.3519143487471819,-0.3907165480290225,-0.4561202181570284,-0.20861449017515887,0.0,0.0,0.0,0.0,1.0
-0.2628454640053204,-0.2976400372697294,-0.6177163565607144,-0.49012062636876974,-0.4855563392885901,-0.5606653401656535,-0.450690252980119,-0.5061769367940064,-0.5111176386223691,-0.6271821775869626,-0.6193291115101541,-0.33176790686389773,-0.6288835644697648,-0.3519143487471819,-0.3907165480290225,-0.4561202181570284,-0.20861449017515887,0.0,1.0,0.0,0.0,0.0
-0.2628454640053204,-0.2976400372697294,-0.6177163565607144,-0.49012062636876974,-0.4855563392885901,-0.5606653401656535,-0.450690252980119,-0.5061769367940064,-0.5111176386223691,-0.6271821775869626,-0.6193291115101541,-0.33176790686389773,-0.6288835644697648,-0.3519143487471819,-0.3907165480290225,-0.4561202181570284,-0.20861449017515887,0.0,1.0,0.0,0.0,0.0
0.6443916304107273,-0.2976400372697294,-0.4524326339049281,-0.540862848325743,-0.37215485875038373,-0.2700176812907712,-0.29051199039539943,0.2601457981664051,-0.19037755067824877,-0.36030652112279465,-0.4295120128206283,-0.33176790686389773,0.1843929841672454,-0.5547461980890687,-0.014395658299965898,-0.3873033816640404,-0.20861449017515887,0.0,0.0,0.0,0.0,1.0
0.8459998736142935,0.07516365559681218,-0.3697907725770349,-0.49012062636876974,-0.2524532959600548,-0.3669002342490653,-0.43066797015702907,0.43043973926871876,-0.07139332450542989,-0.24389311950583384,-0.3895505183596755,-0.33176790686389773,-0.6288835644697648,-0.6632236760333963,0.12520725240597447,-0.28407812692455836,-0.20861449017515887,0.0,0.0,0.0,1.0,0.0
0.14037102240181193,-0.07395782154980443,-0.5350744952328212,-0.49012062636876974,-0.6241581488352868,-0.3911208724886388,-0.2704897075723095,-0.1655890545893791,-0.41282632134917097,-0.47087200266603385,-0.564382056626344,-0.33176790686389773,0.14656616795157046,-0.35740158718348414,-0.2753924044023761,-0.4905286364035224,-0.20861449017515887,0.0,0.0,0.0,0.0,1.0
-1.0692784368195851,-0.6704437301362709,-0.7830000792165007,-0.4393784044117966,-0.888761603424435,-0.7302098078426682,-0.7310022125033782,-1.1873527012032612,-1.0517198836249593,-0.8641534783956119,-0.814141397007299,-0.33176790686389773,-0.6288835644697648,-0.7649537510433876,-1.0249993379755777,-0.8690212371149566,-0.20861449017515887,1.0,0.0,0.0,0.0,0.0
-1.0692784368195851,-0.6704437301362709,-0.7830000792165007,-0.4393784044117966,-0.888761603424435,-0.7302098078426682,-0.7310022125033782,-1.1873527012032612,-1.0517198836249593,-0.8641534783956119,-0.814141397007299,-0.33176790686389773,-0.6288835644697648,-0.7649537510433876,-1.0249993379755777,-0.8690212371149566,-0.20861449017515887,0.0,1.0,0.0,0.0,0.0
-1.0692784368195851,-0.6704437301362709,-0.7830000792165007,-0.4393784044117966,-0.888761603424435,-0.7302098078426682,-0.7310022125033782,-1.1873527012032612,-1.0517198836249593,-0.8641534783956119,-0.814141397007299,-0.33176790686389773,-0.6288835644697648,-0.7649537510433876,-1.0249993379755777,-0.8690212371149566,-0.20861449017515887,0.0,1.0,0.0,0.0,0.0
-1.5732990448285005,-0.7450044687095791,-0.9207365147629892,-0.540862848325743,-0.9895629194583963,-0.8755336372801094,-0.9112027579111877,-1.6130875539590452,-1.2017434731472092,-1.0067156481999797,-0.9240355067749192,-0.33176790686389773,-0.6288835644697648,-0.9829467689219407,-1.201020399300459,-1.0066549101009326,-0.20861449017515887,0.0,0.0,0.0,1.0,0.0
-0.06123722080175423,-0.3722007758430377,-0.6865845743339587,-0.6930895141966628,-0.7060592181128803,-0.2700176812907712,-0.3505788388646693,-0.3358829956916928,-0.6792475234317872,-0.5713535014586123,-0.6493002323558686,-0.33176790686389773,0.07091253552022077,-0.8687599500331749,-0.5879815305482861,-0.7313875641289805,-0.20861449017515887,0.0,0.0,0.0,0.0,1.0
-0.7668660720142357,-0.7450044687095791,-0.8243210098804473,-0.743831736153636,-0.8131606163989641,-0.7059891696030947,-0.7310022125033782,-0.9319117895497906,-0.8008183632170586,-0.7981117705938817,-0.7791750893539653,-0.33176790686389773,-0.6288835644697648,-0.46910608392249425,-0.7306192871391382,-0.9034296553614506,-0.20861449017515887,1.0,0.0,0.0,0.0,0.0
-0.7668660720142357,-0.7450044687095791,-0.8243210098804473,-0.743831736153636,-0.8131606163989641,-0.7059891696030947,-0.7310022125033782,-0.9319117895497906,-0.8008183632170586,-0.7981117705938817,-0.7791750893539653,-0.33176790686389773,-0.6288835644697648,-0.46910608392249425,-0.7306192871391382,-0.9034296553614506,-0.20861449017515887,0.0,1.0,0.0,0.0,0.0
-0.7668660720142357,-0.7450044687095791,-0.8243210098804473,-0.743831736153636,-0.8131606163989641,-0.7059891696030947,-0.7310022125033782,-0.9319117895497906,-0.8008183632170586,-0.7981117705938817,-0.7791750893539653,-0.33176790686389773,-0.6288835644697648,-0.46910608392249425,-0.7306192871391382,-0.9034296553614506,-0.20861449017515887,0.0,1.0,0.0,0.0,0.0
0.6443916304107273,-0.3722007758430377,-0.49375356456887465,-0.5916050702827164,-0.5485571618098158,-0.4880034254469329,-0.450690252980119,0.2601457981664051,-0.44127907108614944,-0.48009679440114067,-0.5543916830111058,0.8332990132867718,-0.6288835644697648,0.5585752860763988,-0.30877570913640534,-0.7313875641289805,0.6642724555577427,0.0,0.0,1.0,0.0,0.0
-1.170082558421368,-0.6704437301362709,-0.8794155840990427,-0.6930895141966628,-0.9076618501808027,-0.6333272548843741,-0.5508016670955688,-1.272499671754418,-0.9818813160887395,-0.8797916799007566,-0.8640932650834899,-0.33176790686389773,-0.6288835644697648,-0.7431544492555324,-0.9430584990829605,-0.7657959823754745,-0.20861449017515887,0.0,0.0,0.0,1.0,0.0
-1.170082558421368,-0.6704437301362709,-0.8794155840990427,-0.6930895141966628,-0.9076618501808027,-0.6333272548843741,-0.5508016670955688,-1.272499671754418,-0.9818813160887395,-0.8797916799007566,-0.8640932650834899,-0.33176790686389773,-0.6288835644697648,-0.7431544492555324,-0.9430584990829605,-0.7657959823754745,-0.20861449017515887,0.0,1.0,0.0,0.0,0.0
0.7451957520125104,-0.6704437301362709,-0.6728109307793099,-0.8453161800675826,-0.5926577375746739,-0.3184589577699182,-0.39062340451084915,0.3452927687175619,-0.7620191590302698,-0.635297400363169,-0.5593868698187249,0.7990323391646934,-0.6288835644697648,-0.9829467689219407,-0.6850965988654619,-0.5937538911430045,0.3733101403134423,0.0,0.0,1.0,0.0,0.0
0.3419792656053781,-0.446761514416346,-0.6865845743339587,-0.7945739581106093,-0.4918564215407127,-0.3669002342490653,-0.39062340451084915,0.004704886512934591,-0.580956206158589,-0.673620517159643,-0.6393098587406305,0.764765665042615,-0.6288835644697648,-0.7911129131888139,-0.47265738692163967,-0.7657959823754745,-0.79053912066376,0.0,0.0,1.0,0.0,0.0
-0.3636495856071035,-0.3722007758430377,-0.755452792107203,-0.6930895141966628,-0.8068605341468416,-0.6575478931239477,-0.6709353640341084,-0.5913239073451633,-0.7723656134800801,-0.801403412086038,-0.7541991553158698,-0.33176790686389773,-0.6288835644697648,-0.9829467689219407,-0.697235982405109,-0.8346128188684625,-0.20861449017515887,0.0,0.0,0.0,1.0,0.0
0.14037102240181193,-0.5213222529896543,-0.7003582178886075,-0.743831736153636,-0.7375596293734932,-0.6333272548843741,-0.5908462327417486,-0.1655890545893791,-0.8784167715906361,-0.7927785921761225,-0.7042472872396788,-0.33176790686389773,-0.6288835644697648,-0.9829467689219407,-0.8216646636864906,-0.8002044006219685,-0.20861449017515887,0.0,0.0,0.0,1.0,0.0
0.24117514400359502,-0.5213222529896543,-0.6728109307793099,-0.743831736153636,-0.5737574908183062,-0.6091066166448006,-0.6108685155648386,-0.08044208403822224,-0.7646057726427224,-0.70660597521793,-0.6942569136244406,0.6276989685543007,-0.6288835644697648,-0.8830333023942705,-0.6881314447503737,-0.4217117999105344,-0.20861449017515887,0.0,0.0,1.0,0.0,0.0
-1.270886680023151,-0.7450044687095791,-0.9345101583176382,-0.8453161800675826,-0.9391622614414156,-0.7059891696030947,-0.7510244953264682,-1.3576466423055749,-1.1112119967113687,-0.953021457998585,-0.9090499463520619,-0.33176790686389773,-0.6288835644697648,-0.9829467689219407,-1.0948007933285477,-1.0410633283474267,-0.20861449017515887,0.0,0.0,0.0,1.0,0.0
0.44278338720716115,0.44796734846335373,-0.7003582178886075,-0.7945739581106093,-0.68085888910439,-0.4880034254469329,-0.5107571014493888,0.08985185706409143,-0.5447436155842528,-0.5966011620597391,-0.6942569136244406,-0.33176790686389773,-0.6288835644697648,-0.9829467689219407,-0.4301695445328752,-0.6281623093894985,-0.20861449017515887,0.0,0.0,0.0,1.0,0.0
0.44278338720716115,0.44796734846335373,-0.7003582178886075,-0.7945739581106093,-0.68085888910439,-0.4880034254469329,-0.5107571014493888,0.08985185706409143,-0.5447436155842528,-0.5966011620597391,-0.6942569136244406,-0.33176790686389773,-0.6288835644697648,-0.9829467689219407,-0.4301695445328752,-0.6281623093894985,-0.20861449017515887,1.0,0.0,0.0,0.0,0.0
0.9468039952160766,0.746210302756587,-0.6039427130060655,-0.7945739581106093,-0.6871589713565125,-0.46378278720735944,-0.5107571014493888,0.5155867098198756,-0.2809090271140892,-0.4356400497420158,-0.6293194851253923,-0.33176790686389773,-0.6288835644697648,-0.13207079591210458,-0.12061526427187705,-0.5593454728965105,-0.20861449017515887,0.0,0.0,0.0,1.0,0.0
-1.6741031664302835,-0.6704437301362709,-0.9758310889815848,-0.7945739581106093,-1.0273634129711318,-0.8755336372801094,-0.9112027579111877,-1.6982345245102022,-1.2612355862336186,-1.0394802989376468,-0.9689921880434911,-0.33176790686389773,-0.6288835644697648,-0.9829467689219407,-1.2708218546534291,-1.1098801648404146,-0.20861449017515887,1.0,0.0,0.0,0.0,0.0
-1.6741031664302835,-0.6704437301362709,-0.9758310889815848,-0.7945739581106093,-1.0273634129711318,-0.8755336372801094,-0.9112027579111877,-1.6982345245102022,-1.2612355862336186,-1.0394802989376468,-0.9689921880434911,-0.33176790686389773,-0.13713495366599118,-0.9829467689219407,-1.2708218546534291,-1.1098801648404146,-0.20861449017515887,0.0,0.0,0.0,0.0,1.0
0.24117514400359502,-0.446761514416346,-0.7416791485525541,-0.8453161800675826,-0.5548572440619385,-0.8270923608009624,-0.811091343795738,-0.08044208403822224,-0.7232199548434811,-0.8192719780529175,-0.7342184080853934,-0.33176790686389773,-0.6288835644697648,-0.9829467689219407,-0.6395739105917858,-1.0754717465939205,-0.20861449017515887,0.0,0.0,0.0,1.0,0.0
-1.5732990448285005,-0.5958829915629625,-0.9896047325362336,-0.946800623981529,-0.9706626727020286,-0.7302098078426682,-0.7510244953264682,-1.6130875539590452,-1.116385223936274,-0.9793198099583018,-0.9590018144282528,0.5248989461880652,-0.6288835644697648,-0.9829467689219407,-1.1008704850983713,-0.9034296553614506,-0.3540956477973092,0.0,0.0,1.0,0.0,0.0
-0.5652578288106697,0.14972439417012048,-0.8794155840990427,-0.8960584020245557,-0.844661027659577,-0.6091066166448006,-0.6308907983879285,-0.7616178484474769,-0.966361634414024,-0.8522141920292153,-0.8441125178530136,0.4906322720659867,-0.6288835644697648,-0.9829467689219407,-0.92484942377349,-0.6281623093894985,-0.3540956477973092,0.0,0.0,1.0,0.0,0.0
-1.270886680023151,-0.6704437301362709,-0.9345101583176382,-0.8453161800675826,-0.9202620146850479,-0.8755336372801094,-0.9112027579111877,-1.3576466423055749,-0.9689482480264766,-0.9536874664896289,-0.9290306935825383,-0.33176790686389773,-0.6288835644697648,-0.9829467689219407,-0.9278842696584018,-1.0066549101009326,-0.20861449017515887,1.0,0.0,0.0,0.0,0.0
0.9468039952160766,-0.2976400372697294,-0.6728109307793099,-0.8453161800675826,-0.6871589713565125,-0.7302098078426682,-0.7109799296802882,0.5155867098198756,-0.43869245747369684,-0.6617449230483446,-0.6842665400092024,0.45636559794390813,-0.6288835644697648,-0.9829467689219407,-0.30574086325149363,-0.6281623093894985,0.22782898269129193,0.0,0.0,1.0,0.0,0.0
-1.5732990448285005,-0.7450044687095791,-0.9758310889815848,-0.8960584020245557,-0.9769627549541511,-0.8513129990405359,-0.8711581922650078,-1.6130875539590452,-1.2301962228841876,-1.0384094935648105,-0.9689921880434911,-0.33176790686389773,-0.6288835644697648,-0.9829467689219407,-1.2344037040344882,-1.1098801648404146,-0.20861449017515887,1.0,0.0,0.0,0.0,0.0
-1.5732990448285005,-0.7450044687095791,-0.9758310889815848,-0.8960584020245557,-0.9769627549541511,-0.8513129990405359,-0.8711581922650078,-1.6130875539590452,-1.2301962228841876,-1.0384094935648105,-0.9689921880434911,0.42209892382182973,-0.6288835644697648,-0.9829467689219407,-1.2344037040344882,-1.1098801648404146,-0.3540956477973092,0.0,0.0,1.0,0.0,0.0
0.03956690080002885,-0.446761514416346,-0.8243210098804473,-0.946800623981529,-0.8131606163989641,-0.584885978405227,-0.5908462327417486,-0.2507360251405359,-0.736153022905744,-0.6450375753788525,-0.8091462101996799,-0.33176790686389773,-0.6288835644697648,-0.9829467689219407,-0.6547481400163445,-0.5593454728965105,-0.20861449017515887,0.0,0.0,0.0,1.0,0.0
-1.9765155312356326,-0.7450044687095791,-1.0309256632001802,-1.0482850678954754,-1.0651639064838672,-0.8513129990405359,-0.8711581922650078,-1.9536754361636726,-1.276755267908334,-1.0741403778778194,-1.013948869312063,-0.33176790686389773,-0.2506154023130159,-0.9829467689219407,-1.2890309299628997,-1.0410633283474267,-0.20861449017515887,0.0,0.0,0.0,0.0,1.0
-2.077319652837416,-0.7450044687095791,-1.0309256632001802,-0.7945739581106093,-1.0714639887359898,-0.8755336372801094,-0.9112027579111877,-2.0388224067148295,-1.320727699320028,-1.088616533810577,-1.023939242927301,-0.33176790686389773,-0.6288835644697648,-0.9829467689219407,-1.3406233100063993,-1.1786970013334026,-0.20861449017515887,0.0,0.0,0.0,1.0,0.0
-1.7749072880320667,-0.7450044687095791,-1.0309256632001802,-1.149769511809422,-1.0399635774753768,-0.7302098078426682,-0.7910690609726481,-1.783381495061359,-1.2534757453962608,-1.0630693740425248,-0.9939681220815866,0.35356557557767265,-0.6288835644697648,-0.9829467689219407,-1.261717316998694,-0.8346128188684625,-0.6450579630416097,0.0,0.0,1.0,0.0,0.0
-1.5732990448285005,-0.6704437301362709,-1.0033783760908825,-1.0482850678954754,-1.0399635774753768,-0.7786510843218153,-0.8311136266188279,-1.6130875539590452,-1.2534757453962608,-1.0426700553399466,-0.9739873748511102,-0.33176790686389773,-0.6288835644697648,-0.9829467689219407,-1.261717316998694,-1.0066549101009326,-0.20861449017515887,1.0,0.0,0.0,0.0,0.0
0.3419792656053781,0.44796734846335373,-0.8105473663257984,-0.946800623981529,-0.7627599583819835,-0.5122240636865065,-0.5508016670955688,0.004704886512934591,-0.7568459318053646,-0.728640282663359,-0.7891654629692035,-0.33176790686389773,-0.6288835644697648,-0.9829467689219407,-0.6790269070956385,-0.5249370546500164,-0.20861449017515887,0.0,0.0,0.0,1.0,0.0
-0.2628454640053204,-0.7450044687095791,-0.8656419405443938,-0.946800623981529,-0.8005604518947189,-0.8270923608009624,-0.8311136266188279,-0.5061769367940064,-0.886176612427994,-0.9117004688907123,-0.8541028914682518,0.3192989014555941,-0.6288835644697648,-0.9829467689219407,-0.8307692013412258,-0.5937538911430045,-1.0815014359080604,0.0,0.0,1.0,0.0,0.0
1.0476081168178597,-0.14851856012311274,-0.6865845743339587,-0.8960584020245557,-0.7564598761298609,-0.7544304460822417,-0.6709353640341084,0.6007336803710325,-0.6223420239578303,-0.6495212423907768,-0.7492039685082507,-0.33176790686389773,-0.6288835644697648,-0.9829467689219407,-0.5212149210802276,-0.5593454728965105,-0.20861449017515887,1.0,0.0,0.0,0.0,0.0
-0.4644537072088865,-0.7450044687095791,-0.9069628712083404,-0.9975428459385022,-0.8509611099116995,-0.8755336372801094,-0.9112027579111877,-0.6764708778963201,-0.9146293621649724,-0.9128787360665916,-0.8940643859292046,-0.33176790686389773,-0.6288835644697648,-0.9829467689219407,-0.8641525060752551,-0.9034296553614506,-0.20861449017515887,1.0,0.0,0.0,0.0,0.0
-0.4644537072088865,-0.7450044687095791,-0.9069628712083404,-0.9975428459385022,-0.8509611099116995,-0.8755336372801094,-0.9112027579111877,-0.6764708778963201,-0.9146293621649724,-0.9128787360665916,-0.8940643859292046,-0.33176790686389773,-0.6288835644697648,-0.9829467689219407,-0.8641525060752551,-0.9034296553614506,-0.20861449017515887,0.0,1.0,0.0,0.0,0.0
0.24117514400359502,0.44796734846335373,-0.8243210098804473,-0.946800623981529,-0.9139619324329253,-0.7786510843218153,-0.7910690609726481,-0.08044208403822224,-0.18779093706579617,-0.5053231684093753,-0.8491077046606327,-0.33176790686389773,-0.6288835644697648,-0.18363903670057957,-0.011360812415054152,-0.7313875641289805,-0.20861449017515887,0.0,0.0,0.0,1.0,0.0
0.24117514400359502,0.44796734846335373,-0.8243210098804473,-0.946800623981529,-0.9139619324329253,-0.7786510843218153,-0.7910690609726481,-0.08044208403822224,-0.18779093706579617,-0.5053231684093753,-0.8491077046606327,-0.33176790686389773,-0.6288835644697648,-0.18363903670057957,-0.011360812415054152,-0.7313875641289805,-0.20861449017515887,1.0,0.0,0.0,0.0,0.0
-1.7749072880320667,-0.7450044687095791,-1.0171520196455313,-1.0482850678954754,-1.0714639887359898,-0.8270923608009624,-0.8711581922650078,-1.783381495061359,-1.2871017223581445,-1.0677857352164815,-1.0039584956968248,-0.33176790686389773,-0.3451824428522031,-0.9829467689219407,-1.3011703135025465,-1.1098801648404146,-0.20861449017515887,0.0,0.0,0.0,0.0,1.0
-1.7749072880320667,-0.7450044687095791,-1.0171520196455313,-1.0482850678954754,-1.0714639887359898,-0.8270923608009624,-0.8711581922650078,-1.783381495061359,-1.2871017223581445,-1.0677857352164815,-1.0039584956968248,-0.33176790686389773,-0.6288835644697648,-0.9829467689219407,-1.3011703135025465,-1.1098801648404146,-0.20861449017515887,0.0,1.0,0.0,0.0,0.0
-1.7749072880320667,-0.7450044687095791,-1.0171520196455313,-1.0482850678954754,-1.0714639887359898,-0.8270923608009624,-0.8711581922650078,-1.783381495061359,-1.2871017223581445,-1.0677857352164815,-1.0039584956968248,-0.33176790686389773,-0.6288835644697648,-0.9829467689219407,-1.3011703135025465,-1.1098801648404146,-0.20861449017515887,1.0,0.0,0.0,0.0,0.0
-0.3636495856071035,-0.6704437301362709,-0.8794155840990427,-0.946800623981529,-0.9076618501808027,-0.8513129990405359,-0.8711581922650078,-0.5913239073451633,-1.077586019749485,-0.9371934633484118,-0.9090499463520619,-0.33176790686389773,-0.3640958509600406,-0.9829467689219407,-1.0553477968246952,-1.0754717465939205,-0.20861449017515887,0.0,0.0,0.0,0.0,1.0
-0.3636495856071035,-0.2976400372697294,-0.9345101583176382,-1.0990272898524487,-0.8761614389201898,-0.8513129990405359,-0.8311136266188279,-0.5913239073451633,-1.0310269747253387,-0.9399592631086615,-0.9290306935825383,-0.33176790686389773,-0.6288835644697648,-0.9829467689219407,-1.0007205708962836,-0.9722464918544386,-0.20861449017515887,0.0,0.0,0.0,1.0,0.0
-0.7668660720142357,-0.5958829915629625,-0.9620574454269358,-1.0990272898524487,-0.9265620969371705,-0.8270923608009624,-0.8311136266188279,-0.9319117895497906,-1.0258537475004335,-1.0033664038714192,-0.9590018144282528,0.045165508478966006,-0.6288835644697648,-0.9829467689219407,-0.9946508791264601,-0.8690212371149566,-0.9360202782859102,0.0,0.0,1.0,0.0,0.0
-0.06123722080175423,-0.6704437301362709,-0.948283801872287,-1.149769511809422,-0.9517624259456607,-0.8028717225613888,-0.811091343795738,-0.3358829956916928,-0.9896411569260972,-0.9280893319426098,-0.9240355067749192,0.010898834356887462,-0.6288835644697648,-0.9829467689219407,-0.9521630367376958,-0.9378380736079446,-0.0631333325530086,0.0,0.0,1.0,0.0,0.0
-0.7668660720142357,-0.5213222529896543,-0.9758310889815848,-1.0990272898524487,-1.0210633307190091,-0.8028717225613888,-0.811091343795738,-0.9319117895497906,-1.1681174961853256,-0.9777856511021459,-0.9689921880434911,-0.33176790686389773,-0.6288835644697648,-0.9829467689219407,-1.1615674027966063,-1.0754717465939205,-0.20861449017515887,1.0,0.0,0.0,0.0,0.0
-0.7668660720142357,-0.5213222529896543,-0.9758310889815848,-1.0990272898524487,-1.0210633307190091,-0.8028717225613888,-0.811091343795738,-0.9319117895497906,-1.1681174961853256,-0.9777856511021459,-0.9689921880434911,-0.33176790686389773,-0.6288835644697648,-0.9829467689219407,-1.1615674027966063,-1.0754717465939205,-0.20861449017515887,0.0,1.0,0.0,0.0,0.0
-0.7668660720142357,-0.5213222529896543,-0.9758310889815848,-1.0990272898524487,-1.0210633307190091,-0.8028717225613888,-0.811091343795738,-0.9319117895497906,-1.1681174961853256,-0.9777856511021459,-0.9689921880434911,-0.33176790686389773,-0.6288835644697648,-0.9829467689219407,-1.1615674027966063,-1.0754717465939205,-0.20861449017515887,0.0,1.0,0.0,0.0,0.0
-0.7668660720142357,-0.5213222529896543,-0.9758310889815848,-1.0990272898524487,-1.0210633307190091,-0.8028717225613888,-0.811091343795738,-0.9319117895497906,-1.1681174961853256,-0.9777856511021459,-0.9689921880434911,-0.33176790686389773,-0.6288835644697648,-0.9829467689219407,-1.1615674027966063,-1.0754717465939205,-0.20861449017515887,0.0,1.0,0.0,0.0,0.0
-0.7668660720142357,-0.6704437301362709,-1.0033783760908825,-1.200511733766395,-0.9832628372062736,-0.8755336372801094,-0.9112027579111877,-0.9319117895497906,-1.1681174961853256,-1.0629536164261961,-0.9939681220815866,-0.1261678621314266,-0.6288835644697648,-0.9829467689219407,-1.1615674027966063,-1.1098801648404146,-0.6450579630416097,0.0,0.0,1.0,0.0,0.0
-1.170082558421368,-0.7450044687095791,-1.0309256632001802,-1.2512539557233684,-1.0462636597274995,-0.8513129990405359,-0.8911804750880977,-1.272499671754418,-1.2431292909464504,-1.0678956846207204,-1.013948869312063,-0.19470121037558363,-0.6288835644697648,-0.9829467689219407,-1.2495779334590469,-1.1098801648404146,-0.3540956477973092,0.0,0.0,1.0,0.0,0.0
-1.170082558421368,-0.7450044687095791,-1.0309256632001802,-1.2512539557233684,-1.0462636597274995,-0.8513129990405359,-0.8911804750880977,-1.272499671754418,-1.2431292909464504,-1.0678956846207204,-1.013948869312063,-0.33176790686389773,-0.6288835644697648,-0.9829467689219407,-1.2495779334590469,-1.1098801648404146,-0.20861449017515887,0.0,1.0,0.0,0.0,0.0
-2.077319652837416,-0.7450044687095791,-1.044699306754829,-1.3019961776803417,-1.0903642354923575,-0.8755336372801094,-0.9112027579111877,-2.0388224067148295,-1.3259009265449333,-1.094937544804838,-1.0339296165425393,-0.33176790686389773,-0.6288835644697648,-0.9829467689219407,-1.3466930017762229,-1.1786970013334026,-0.20861449017515887,0.0,0.0,0.0,0.0,1.0
-2.077319652837416,-0.7450044687095791,-1.044699306754829,-1.3019961776803417,-1.0840641532402349,-0.8755336372801094,-0.9112027579111877,-2.0388224067148295,-1.333660767382291,-1.0972400507313667,-1.0339296165425393,-0.33176790686389773,-0.6288835644697648,-0.9829467689219407,-1.355797539430958,-1.1786970013334026,-0.20861449017515887,0.0,0.0,0.0,1.0,0.0
-1.8757114096338496,-0.7450044687095791,-1.044699306754829,-1.3019961776803417,-1.0840641532402349,-0.8755336372801094,-0.9112027579111877,-1.8685284656125158,-1.3181410857075755,-1.0994642381707016,-1.0339296165425393,-0.33176790686389773,-0.6288835644697648,-0.9829467689219407,-1.3375884641214875,-1.1442885830869087,-0.20861449017515887,0.0,1.0,0.0,0.0,0.0
-1.9765155312356326,-0.6704437301362709,-1.044699306754829,-1.3019961776803417,-1.0588638242317445,-0.8755336372801094,-0.8711581922650078,-1.9536754361636726,-1.2819284951332393,-1.0879542297245466,-1.0339296165425393,-0.33176790686389773,-0.6288835644697648,-0.9829467689219407,-1.295100621732723,-1.1442885830869087,-0.3540956477973092,0.0,0.0,1.0,0.0,0.0
-1.9765155312356326,-0.7450044687095791,-1.044699306754829,-1.3019961776803417,-1.0777640709881122,-0.8755336372801094,-0.9112027579111877,-1.9536754361636726,-1.3129678584826703,-1.087432293446068,-1.0339296165425393,-0.33176790686389773,-0.6288835644697648,-0.9829467689219407,-1.3315187723516642,-1.1786970013334026,-0.20861449017515887,0.0,0.0,0.0,0.0,1.0
-1.9765155312356326,-0.7450044687095791,-1.044699306754829,-1.3019961776803417,-1.0777640709881122,-0.8755336372801094,-0.9112027579111877,-1.9536754361636726,-1.3129678584826703,-1.087432293446068,-1.0339296165425393,-0.33176790686389773,-0.6288835644697648,-0.9829467689219407,-1.3315187723516642,-1.1786970013334026,-0.20861449017515887,0.0,1.0,0.0,0.0,0.0
-1.9765155312356326,-0.7450044687095791,-1.044699306754829,-1.3019961776803417,-1.0777640709881122,-0.8755336372801094,-0.9112027579111877,-1.9536754361636726,-1.3129678584826703,-1.087432293446068,-1.0339296165425393,-0.33176790686389773,-0.6288835644697648,-0.9829467689219407,-1.3315187723516642,-1.1786970013334026,-0.20861449017515887,1.0,0.0,0.0,0.0,0.0
-2.077319652837416,-0.7450044687095791,-1.044699306754829,-1.3019961776803417,-1.0903642354923575,-0.8755336372801094,-0.9112027579111877,-2.0388224067148295,-1.320727699320028,-1.0948294733836472,-1.0339296165425393,-0.33176790686389773,-0.6288835644697648,-0.9829467689219407,-1.3406233100063993,-1.1786970013334026,-0.20861449017515887,0.0,0.0,0.0,0.0,1.0
-2.077319652837416,-0.7450044687095791,-1.044699306754829,-1.3019961776803417,-1.0903642354923575,-0.8755336372801094,-0.9112027579111877,-2.0388224067148295,-1.3310741537698383,-1.0977855473688491,-1.0339296165425393,-0.33176790686389773,-0.6288835644697648,-0.9829467689219407,-1.3527626935460464,-1.1786970013334026,-0.20861449017515887,0.0,0.0,0.0,1.0,0.0
0.8684007895258008,1.5663784270629781,2.46757979968063,2.5036704690926515,2.311680180653834,3.096651034009949,3.0131646754144414,0.7710276214733461,1.3874567529178277,2.517444586911784,2.667503807903213,-0.33176790686389773,3.494239403038799,1.4149764277421428,1.4821205680598488,0.3008649832658399,-0.20861449017515887,0.0,0.0,0.0,0.0,1.0
1.0476081168178597,-0.5958829915629625,2.3160697205794927,2.1484749153938387,2.254979440384731,2.1520461426665816,2.072117382729214,0.9413215625756598,1.7237165225366635,2.1452763708136984,2.592576005788927,-0.33176790686389773,-0.6288835644697648,1.4149764277421428,1.8328138703163177,2.0556943138370345,-0.20861449017515887,0.0,0.0,0.0,1.0,0.0
0.5099861349416833,1.49181768848967,1.8202185526121335,2.1992171373508125,1.9651756567870924,2.394252525062317,2.2923624937832034,0.43043973926871876,1.3020985037068924,1.7789739473805188,1.9182257867603485,-0.33176790686389773,-0.6288835644697648,1.4149764277421428,1.3930984221024378,1.5739764583861182,-0.20861449017515887,0.0,0.0,0.0,1.0,0.0
0.5099861349416833,-0.5213222529896543,1.7651239783935382,2.1484749153938387,2.1226777130901566,1.5223095484376699,1.5715603121519655,0.43043973926871876,1.1003426419355908,1.4875955579039832,1.9132305999527293,-0.33176790686389773,-0.6288835644697648,1.4149764277421428,1.1826824407485566,0.679357583977274,-0.20861449017515887,0.0,0.0,0.0,1.0,0.0
1.0476081168178597,4.4742472314220025,2.5364480174538744,2.351443803221732,2.17937845335926,2.806003375135067,2.8329641300066317,0.9413215625756598,1.4598819340665,2.4600473361477144,2.4776867092136876,-0.33176790686389773,3.0592310165585377,1.4149764277421428,1.557654510084319,0.9202165117027321,-0.20861449017515887,0.0,0.0,0.0,0.0,1.0
0.5995897985877128,-0.22307929869642104,1.6549348299563473,1.8947638056089726,1.7257725312064345,1.6676333778751111,1.5315157465057854,0.5155867098198756,1.278818981194819,1.3650012863950427,1.8083316769927282,-0.33176790686389773,-0.6288835644697648,1.4149764277421428,1.3688196550231437,1.3331175306606602,-0.20861449017515887,0.0,0.0,0.0,1.0,0.0
0.8684007895258008,0.3734066098900454,2.3849379383527367,2.402186025178705,1.7950734359797829,1.425426995479376,1.391359766744156,0.7710276214733461,1.4288425707170689,1.7530917553444045,2.0331150833355878,-0.33176790686389773,2.7944433030488134,1.4149764277421428,1.5252828206452604,0.9546249299492261,-0.20861449017515887,0.0,0.0,0.0,0.0,1.0
1.0476081168178597,0.000602917023503876,1.86153948327608,1.6917949177810798,2.1415779598465248,2.0551635897082874,1.691694009090505,0.9413215625756598,1.6745708639000645,2.260763128778423,2.093057325027017,5.630633390377764,-0.6288835644697648,1.4149764277421428,1.7815586953711413,2.5718205875344444,6.047075287577302,0.0,0.0,1.0,0.0,0.0
0.061967816711536124,1.268135472769745,1.0902154442157441,1.8440215836519995,0.9445623319432348,1.158999974844067,0.9308472618130872,0.004704886512934591,0.4614490796598025,1.0381495434492511,1.1090055239260543,-0.33176790686389773,-0.6288835644697648,1.4149764277421428,0.5163651664612664,-0.24966970867806434,-0.20861449017515887,0.0,0.0,0.0,1.0,0.0
0.5995897985877128,0.5970888256099703,1.0213472264424999,1.1336304762543739,1.4422688298609183,2.2004874191457287,1.9319614029675845,0.5155867098198756,1.154661527797095,1.2703162618341817,1.5585723366117732,-0.33176790686389773,2.529655589539089,1.4149764277421428,1.239332897266909,1.7116101313720944,-0.20861449017515887,0.0,0.0,0.0,0.0,1.0
1.0476081168178597,-0.22307929869642104,1.7238030477295916,1.5395682519101597,2.110077548585912,1.5465301866772434,1.331292918274886,0.9413215625756598,1.4857480701910257,1.5058643358139547,1.893249852722253,-0.33176790686389773,2.4540019571077396,1.4149764277421428,1.5846309179502014,1.5051596218931302,-0.20861449017515887,0.0,0.0,0.0,0.0,1.0
0.8684007895258008,1.1935747341964367,1.489651107300561,1.4380838079962137,2.116377630838034,1.5223095484376699,1.5915825949750553,0.7710276214733461,1.4236693434921637,1.5076840523317236,1.7234135012632035,5.219433300912822,-0.6288835644697648,1.4149764277421428,1.5198875390720838,0.64494916573078,4.010339080867199,0.0,0.0,1.0,0.0,0.0
0.8684007895258008,-0.14851856012311274,1.586066612183103,1.5395682519101597,1.435968747608796,1.7887365690729786,1.6516494434443252,0.7710276214733461,1.5866260010766766,1.7280174677843665,1.6734616331870125,-0.33176790686389773,-0.6288835644697648,1.4149764277421428,1.6898389086271417,0.3008649832658399,-0.20861449017515887,0.0,0.0,0.0,1.0,0.0
0.5995897985877128,-0.6704437301362709,1.37946195886337,1.5903104738671332,1.2154658687845057,1.5465301866772434,1.671671726267415,0.5155867098198756,0.9710119613129615,1.2240667979807969,1.4037215455755812,-0.33176790686389773,2.3405215084607143,1.4149764277421428,1.0478004014191455,0.9890333481957201,-0.20861449017515887,0.0,0.0,0.0,0.0,1.0
0.9580044531718303,1.8646213813562114,1.7926712655028358,1.6917949177810798,1.5997708861639828,1.255882527802361,1.5515380293288754,0.856174592024503,1.3771102984680172,1.4717902161825538,1.6135193914955834,-0.33176790686389773,2.22704105981369,1.4149764277421428,1.4713300049134959,2.7094542605204204,-0.20861449017515887,0.0,0.0,0.0,0.0,1.0
-1.1924834743328754,-0.6704437301362709,-0.13563883214800435,1.742537139738053,-0.3280542829855257,-0.19735576657205062,-0.0902891621645,-1.1873527012032612,-0.549916842809158,-0.3233554109159744,-0.14478636478633963,-0.33176790686389773,2.4350885489999015,1.4149764277421428,-0.5384123810947276,-0.4217117999105344,-0.20861449017515887,0.0,0.0,0.0,0.0,1.0
0.8684007895258008,0.9698925184765118,1.682482117065645,1.6410526958241063,1.6375713796767184,0.747249124771317,0.7106021507590977,0.7710276214733461,1.2089804136585993,1.3069189260454797,1.4736541608822484,-0.33176790686389773,2.1703008354901776,0.8507592049976525,1.2959833537852619,1.3331175306606602,-0.20861449017515887,0.0,0.0,0.0,0.0,1.0
0.8684007895258008,0.9698925184765118,1.682482117065645,1.6410526958241063,1.6375713796767184,0.747249124771317,0.7106021507590977,0.7710276214733461,1.2089804136585993,1.3069189260454797,1.4736541608822484,-0.33176790686389773,2.1703008354901776,0.8507592049976525,1.2959833537852619,1.3331175306606602,-0.20861449017515887,0.0,0.0,0.0,0.0,1.0
1.0476081168178597,-0.07395782154980443,1.5034247508552099,1.2858571421252936,1.6816719554415764,1.2316618895627875,1.1510923728670766,0.9413215625756598,1.4624685476789525,1.392806785363448,1.598533831072726,-0.33176790686389773,-0.6288835644697648,1.4149764277421428,1.5603521508709073,0.576132329237792,-0.20861449017515887,0.0,0.0,0.0,1.0,0.0
0.7787971258797713,2.0883035970761363,1.37946195886337,1.3873415860392402,1.0705639769856863,1.2801031660419346,1.311270635451796,0.6858806509221893,0.9192796890639099,1.446656085736441,1.3737504247298666,-0.33176790686389773,2.1324740192745026,1.3423120884492918,0.993847585687381,1.7460185496185885,-0.20861449017515887,0.0,0.0,0.0,0.0,1.0
0.9580044531718303,0.07516365559681218,1.296820097535477,1.1843726982113474,1.687972037693699,2.321590610343596,2.332407059429383,0.856174592024503,1.1055158691604958,1.3527961157934183,1.488639721305106,-0.33176790686389773,2.0946472030588277,1.1409280624091045,1.1880777223217327,1.9180606408510585,-0.20861449017515887,0.0,0.0,0.0,0.0,1.0
0.5099861349416833,1.9391821199295196,1.489651107300561,1.793279361695026,0.7744601111359253,0.6745872100525964,1.030958675928537,0.43043973926871876,0.8158151445658065,1.164415063656985,1.1239910843489116,-0.33176790686389773,2.0946472030588277,1.4149764277421428,0.8859419542238522,1.0234417664422142,-0.20861449017515887,0.0,0.0,0.0,0.0,1.0
1.0476081168178597,0.2242851327434288,1.5171983944098586,1.336599364082267,0.9697626609517251,2.1278255044270082,2.032072817083034,0.9413215625756598,1.0072245518872978,1.4948505259344327,1.443683040036534,-0.33176790686389773,1.9811667544118032,-0.5166839251261467,1.0855673724313806,0.679357583977274,-0.20861449017515887,0.0,0.0,0.0,0.0,1.0
0.9580044531718303,0.000602917023503876,1.4758774637459122,1.336599364082267,1.2595664445493637,1.0863380601253465,0.8707804133438173,0.856174592024503,1.353830775955944,1.5464235601500596,1.3687552379222474,-0.33176790686389773,1.9622533463039655,1.4149764277421428,1.447051237834202,1.5739764583861182,-0.20861449017515887,0.0,0.0,0.0,0.0,1.0
0.8684007895258008,0.2242851327434288,1.4070092459726677,1.336599364082267,1.580870639407615,0.26283635997984645,0.4703347568820184,0.7710276214733461,1.1262087780601167,1.0219347321348708,1.2838370621927226,-0.33176790686389773,-0.6288835644697648,1.2739221220560202,1.2096588486144388,1.6772017131256003,-0.20861449017515887,0.0,0.0,0.0,1.0,0.0
0.6891934622337419,-0.14851856012311274,1.1590836619889884,1.2351149201683205,1.3162671848184668,0.9652348689274788,1.5515380293288754,0.6007336803710325,1.2089804136585993,0.9746497158319469,1.1289862711565308,4.294233099616703,-0.6288835644697648,1.4149764277421428,1.2959833537852619,1.4363427854001423,-0.20861449017515887,0.0,0.0,1.0,0.0,0.0
0.7787971258797713,0.07516365559681218,1.1039890877703928,1.0828882542974008,1.1461649640111573,1.207441251323214,1.1711146556901664,0.6858806509221893,1.22967332255822,1.2646271204899717,1.1839333260403408,-0.33176790686389773,-0.6288835644697648,1.4149764277421428,1.3175644800779676,0.610540747484286,-0.20861449017515887,0.0,0.0,0.0,1.0,0.0
1.0476081168178597,-0.22307929869642104,1.5447456815191565,1.336599364082267,1.2784666913057314,1.7402952925938318,2.052095099906124,0.9413215625756598,1.6512913413879913,2.0886690432794714,1.3837407983451047,-0.33176790686389773,1.9055131219804533,1.4149764277421428,1.7572799282918474,2.3653700780554803,-0.20861449017515887,0.0,0.0,0.0,0.0,1.0
0.7787971258797713,1.0444532570498202,0.9662526522239043,0.9306615884264812,1.0831641414899316,1.1347793366044934,1.1711146556901664,0.6858806509221893,1.4754016157412155,1.1795187466533439,1.1589573920022453,-0.33176790686389773,1.886599713872616,1.4149764277421428,1.5738403548038484,0.26645656501934584,-0.20861449017515887,0.0,0.0,0.0,0.0,1.0
0.5995897985877128,-0.5958829915629625,0.8422898602320646,0.9306615884264812,1.0390635657250735,1.3043238042815082,1.0710032415747168,0.5155867098198756,1.0537835969114442,0.8373337504308169,1.0190921613889106,-0.33176790686389773,1.886599713872616,1.4149764277421428,1.1341249065899686,0.3696818197588279,-0.20861449017515887,0.0,0.0,0.0,0.0,1.0
0.6891934622337419,1.5663784270629781,1.1453100184343394,1.2351149201683205,1.0957643059941766,0.6261459335734494,0.6104907366436481,0.6007336803710325,1.0046379382748452,1.3607621912050534,1.0740392162727208,-0.33176790686389773,1.8676863057647783,1.4149764277421428,1.0828697316447924,1.5051596218931302,-0.20861449017515887,0.0,0.0,0.0,0.0,1.0
0.5099861349416833,0.3734066098900454,0.9111580780053089,1.0828882542974008,1.2154658687845057,1.255882527802361,1.391359766744156,0.43043973926871876,0.632165578081673,0.663865846206095,0.9291787988517668,-0.33176790686389773,1.8487728976569409,0.5357379222986455,0.6944094583760887,1.2298922759211781,-0.20861449017515887,0.0,0.0,0.0,0.0,1.0
0.061967816711536124,2.311985812796061,0.5668169891390874,1.0828882542974008,0.3586546824958352,1.2316618895627875,1.311270635451796,0.004704886512934591,0.1769215822900182,0.562917537816158,0.589506095933668,-0.33176790686389773,1.8298594895491034,1.3190594998755794,0.21962467993656207,0.782582838716756,-0.20861449017515887,0.0,0.0,0.0,0.0,1.0
0.6891934622337419,0.8953317799032036,1.0488945135517975,1.1336304762543739,1.120964635002667,1.2316618895627875,1.3513152010979759,0.6007336803710325,1.048610369686539,0.9270701011047852,0.989121040543196,-0.33176790686389773,1.773119265225591,0.8154956285761219,1.128729625016792,1.7116101313720944,-0.20861449017515887,0.0,0.0,0.0,0.0,1.0
0.3307788076496245,0.000602917023503876,0.608137919803034,0.8799193664695076,0.5917577258243705,0.14173316878197878,0.04986681759712961,0.2601457981664051,0.8054686901159962,0.5508751143073203,0.7243761397393838,-0.33176790686389773,1.7542058571177537,0.7298555144095475,0.8751513910774994,-0.1808528721850763,-0.20861449017515887,0.0,0.0,0.0,0.0,1.0
1.0476081168178597,1.49181768848967,1.6273875428470497,1.4380838079962137,1.0516637302293186,0.26283635997984645,0.14997823171257932,0.9413215625756598,1.3305512534438708,1.4667941048136142,1.2039140732708173,-0.33176790686389773,1.716379040902079,1.4149764277421428,1.422772470754908,0.576132329237792,-0.20861449017515887,0.0,0.0,0.0,0.0,1.0
1.0476081168178597,1.6409391656362864,1.37946195886337,1.1843726982113474,1.1272647172547896,0.6261459335734494,0.6505353022898279,0.9413215625756598,1.1029292555480432,1.1363189825036975,1.094019963503197,-0.33176790686389773,1.6028985922550543,1.3483674500570293,1.1853800815351447,1.2987091124141663,-0.20861449017515887,0.0,0.0,0.0,0.0,1.0
0.6891934622337419,0.44796734846335373,0.8285162166774158,0.8799193664695076,0.6925590418583317,0.9410142306879052,1.0509809587516268,0.6007336803710325,0.862374189589953,1.151437689537628,0.8442606231222421,-0.33176790686389773,1.6028985922550543,1.4149764277421428,0.9344994883824402,1.8148353861115765,-0.20861449017515887,0.0,0.0,0.0,0.0,1.0
0.8684007895258008,-0.22307929869642104,0.7458743553495226,0.6262082566846414,0.8248607691529058,0.9652348689274788,0.6905798679360078,0.7710276214733461,0.9813584157627718,0.8520885817456556,0.8942124911984332,-0.33176790686389773,1.5272449598237043,1.4149764277421428,1.0585909645654983,0.3696818197588279,-0.20861449017515887,0.0,0.0,0.0,0.0,1.0
-1.1924834743328754,-0.5958829915629625,-0.4799799210142258,0.5754660347276684,-0.44145576352373206,-0.1004732136137565,-0.21042285910303968,-1.1873527012032612,-0.7154601140061233,-0.48700799416425083,-0.41452645239777103,3.540366268930975,-0.6288835644697648,0.32501133834937745,-0.7110613914363736,-0.31848654517105235,0.22782898269129193,0.0,0.0,1.0,0.0,0.0
-1.3716908016249343,-0.6704437301362709,-0.5213008516781724,0.8291771445125347,-0.5233568328013255,-0.53644470192608,-0.5908462327417486,-1.3576466423055749,-0.674074296206882,-0.6354707250396034,-0.5294157489730104,-0.33176790686389773,1.4894181436080294,0.6156686955207815,-0.6678991388509621,-0.3528949634175464,-0.20861449017515887,0.0,0.0,0.0,0.0,1.0
0.8684007895258008,0.2988458713167371,1.2279518797622326,1.1843726982113474,1.3477675960790798,-0.22157640481162413,-0.19040057627994972,0.7710276214733461,1.123622164447664,0.947279939741929,0.8592461835450994,-0.33176790686389773,1.470504735500192,1.4149764277421428,1.2069612078278504,0.782582838716756,-0.20861449017515887,0.0,0.0,0.0,0.0,1.0
1.0476081168178597,-0.6704437301362709,0.7596479989041715,0.5247238127706951,0.9193620029347445,1.255882527802361,1.1110478072208967,0.9413215625756598,0.9322127571261728,0.8269674979043952,0.9541547328898623,3.471832920686818,-0.6288835644697648,-0.5832929028112601,1.007335789620322,1.4707512036466364,2.7010086622678466,0.0,0.0,1.0,0.0,0.0
0.7787971258797713,0.8953317799032036,0.8698371473413623,0.8291771445125347,0.36495476474795774,1.158999974844067,1.8919168373214044,0.6858806509221893,0.277799513175669,0.7786723657384919,0.7743280078155748,-0.33176790686389773,-0.6288835644697648,0.10701832047082448,0.32483267061350285,0.7481744204702621,-0.20861449017515887,0.0,0.0,0.0,1.0,0.0
-1.3716908016249343,-0.5958829915629625,-0.5213008516781724,0.8291771445125347,-0.6241581488352868,-0.7786510843218153,-0.811091343795738,-1.3576466423055749,-0.780125454317438,-0.6638108230815816,-0.5444013093958676,-0.33176790686389773,-0.6288835644697648,0.8821046062612353,-0.7785024111010791,-0.6969791458824866,-0.20861449017515887,0.0,1.0,0.0,0.0,0.0
-1.3716908016249343,-0.5958829915629625,-0.5213008516781724,0.8291771445125347,-0.6241581488352868,-0.7786510843218153,-0.811091343795738,-1.3576466423055749,-0.780125454317438,-0.6638108230815816,-0.5444013093958676,-0.33176790686389773,-0.6288835644697648,0.8821046062612353,-0.7785024111010791,-0.6969791458824866,-0.20861449017515887,0.0,1.0,0.0,0.0,0.0
-1.3716908016249343,-0.5958829915629625,-0.5213008516781724,0.8291771445125347,-0.6241581488352868,-0.7786510843218153,-0.811091343795738,-1.3576466423055749,-0.780125454317438,-0.6638108230815816,-0.5444013093958676,-0.33176790686389773,-0.6288835644697648,0.8821046062612353,-0.7785024111010791,-0.6969791458824866,-0.20861449017515887,0.0,1.0,0.0,0.0,0.0
0.8684007895258008,0.000602917023503876,0.6494588504669806,0.5247238127706951,0.8500610981613962,0.9410142306879052,0.9108249789899973,0.7710276214733461,1.421082729879711,1.2608225697360127,0.7843183814308129,-0.33176790686389773,-0.6288835644697648,1.4149764277421428,1.5171898982854957,2.0556943138370345,-0.20861449017515887,0.0,1.0,0.0,0.0,0.0
0.9580044531718303,2.1628643356494446,1.0213472264424999,0.8799193664695076,0.9130619206826219,-0.17313512833247707,-0.1303337278106799,0.856174592024503,0.6528584869812937,0.576970333519546,0.8192846890841466,-0.33176790686389773,-0.6288835644697648,-0.4348500382558645,0.7159905846687944,-0.28407812692455836,-0.20861449017515887,0.0,0.0,0.0,1.0,0.0
0.5995897985877128,-0.446761514416346,0.5668169891390874,0.6262082566846414,0.5413570678073899,0.4081601894172876,0.39024562558965864,0.5155867098198756,0.7589096450918497,0.6535192291232772,0.5795157223184298,-0.33176790686389773,-0.6288835644697648,1.3376240665594306,0.8265938569189114,1.1610754394281901,-0.20861449017515887,0.0,0.0,0.0,1.0,0.0
0.5995897985877128,-0.446761514416346,0.5668169891390874,0.6262082566846414,0.5413570678073899,0.4081601894172876,0.39024562558965864,0.5155867098198756,0.7589096450918497,0.6535192291232772,0.5795157223184298,-0.33176790686389773,1.33811087874533,1.3376240665594306,0.8265938569189114,1.1610754394281901,-0.20861449017515887,0.0,0.0,0.0,0.0,1.0
-0.027635846934493318,-0.5213222529896543,0.09851310828102626,0.4739815908137218,0.03735048763758377,-0.3911208724886388,-0.450690252980119,-0.08044208403822224,0.24934676343869056,0.035996949389326405,0.16991040409366365,-0.33176790686389773,-0.6288835644697648,0.016187896354760794,0.29515862196103226,0.33527340151233387,-0.20861449017515887,1.0,0.0,0.0,0.0,0.0
0.8684007895258008,-0.22307929869642104,0.5668169891390874,0.42323936885674857,0.673658795101964,0.4808221041360082,0.3502010599434788,0.7710276214733461,1.185700891146526,0.8214397762810102,0.6544435244327164,-0.33176790686389773,-0.6288835644697648,0.7097048993115301,1.271704586705968,0.47290707449830993,-0.20861449017515887,1.0,0.0,0.0,0.0,0.0
0.9580044531718303,-0.07395782154980443,0.6907797811309272,0.5247238127706951,1.2721666090536088,0.2386157217402729,0.33017877712038884,0.856174592024503,1.0977560283231382,0.5002066989940682,0.6744242716631927,-0.33176790686389773,-0.6288835644697648,1.072415971075845,1.1799847999619681,1.2987091124141663,-0.20861449017515887,1.0,0.0,0.0,0.0,0.0
0.6891934622337419,-0.22307929869642104,0.4290805535925989,0.37249714689977526,0.7177593708668221,0.11751253054240526,0.06988910042021955,0.6007336803710325,1.1055158691604958,0.39814565163576243,0.5195734806270006,-0.33176790686389773,-0.6288835644697648,1.190171128054885,1.1880777223217327,-0.00881078095260625,-0.20861449017515887,0.0,0.0,0.0,1.0,0.0
0.7787971258797713,3.5795183685423027,0.7871952860134692,0.727692700598588,0.4342556695213061,0.0690712540632582,0.14997823171257932,0.6858806509221893,0.7796025539914703,0.6564074295474313,0.5395542278574771,-0.33176790686389773,-0.6288835644697648,0.6883330348136327,0.8481749832116171,0.4040902380053219,-0.20861449017515887,0.0,0.0,0.0,1.0,0.0
0.8684007895258008,-0.3722007758430377,0.5530433455844386,0.42323936885674857,0.47835624528616416,0.747249124771317,0.9508695446361771,0.7710276214733461,0.9968780974374873,0.7397391940208283,0.5395542278574771,-0.33176790686389773,-0.6288835644697648,1.2739221220560202,1.0747768092850278,0.5417239109912979,-0.20861449017515887,0.0,0.0,0.0,1.0,0.0
0.6891934622337419,-0.3722007758430377,0.3877596229286523,0.37249714689977526,0.6169580548328608,1.0378967836461994,1.0509809587516268,0.6007336803710325,0.9037600073891944,0.6417449112168478,0.43465530489747595,-0.33176790686389773,1.1111499814512804,0.8904307284718745,0.9776617409678519,1.4019343671536482,-0.20861449017515887,0.0,0.0,0.0,0.0,1.0
1.0476081168178597,-0.446761514416346,0.5805906326937363,0.37249714689977526,0.6358583015892285,-0.29423831953034474,-0.31053427321848937,0.9413215625756598,0.9968780974374873,0.6425755701929928,0.6094868431641445,-0.33176790686389773,-0.6288835644697648,1.0819315393165758,1.0747768092850278,0.4384986562518159,-0.20861449017515887,1.0,0.0,0.0,0.0,0.0
0.8684007895258008,0.000602917023503876,0.5254960584751409,0.42323936885674857,0.6421583838413512,0.21439508350069938,0.3702233427665687,0.7710276214733461,0.36315776238660424,0.5108306010649062,0.4746167993584287,-0.33176790686389773,1.0544097571277682,0.07496052372397845,0.4138548165709139,0.81699125696325,-0.20861449017515887,0.0,0.0,0.0,0.0,1.0
-0.027635846934493318,-0.07395782154980443,0.126060395390324,0.4739815908137218,0.10035131015880953,0.11751253054240526,0.1900227973587592,-0.08044208403822224,-0.3171216176884254,-0.17622030521237228,0.03004517348032886,-0.33176790686389773,-0.6288835644697648,-0.7831198358666005,-0.29562471030178783,0.3008649832658399,-0.20861449017515887,0.0,0.0,0.0,1.0,0.0
0.9580044531718303,-0.3722007758430377,0.5530433455844386,0.37249714689977526,0.47835624528616416,0.8683523159691846,0.7506467164052777,0.856174592024503,0.3321183990371732,0.5161561388082269,0.49459754658890515,-0.33176790686389773,-0.6288835644697648,0.2502708750767307,0.38148312713185534,0.4040902380053219,-0.20861449017515887,0.0,0.0,0.0,1.0,0.0
1.0476081168178597,1.49181768848967,0.6356852069123318,0.42323936885674857,0.31455410673097717,0.7714697630108905,1.2712260698056161,0.9413215625756598,0.6735513958809144,0.7350372306136134,0.5245686674346197,2.649432741756933,-0.6288835644697648,1.148540517001689,0.7375717109615004,0.679357583977274,4.3013013961115,0.0,0.0,1.0,0.0,0.0
0.6891934622337419,0.8207710413298952,0.4566278407018966,0.42323936885674857,0.301953942226732,0.0690712540632582,0.06988910042021955,0.6007336803710325,0.05793735611719932,0.23251536380747118,0.32975638193747486,2.580899393512776,-0.6288835644697648,-0.9829467689219407,0.09553320375350406,-0.3873033816640404,2.7010086622678466,0.0,0.0,1.0,0.0,0.0
0.9580044531718303,0.6716495641832786,0.5530433455844386,0.37249714689977526,0.25785336646187396,0.28705699821941993,0.2901342114742089,0.856174592024503,0.632165578081673,0.43418234962279634,0.439650491705095,-0.33176790686389773,0.9598427165885809,-0.8459225862554216,0.6944094583760887,0.713766002223768,-0.20861449017515887,0.0,0.0,0.0,0.0,1.0
0.5099861349416833,-0.5958829915629625,0.30511776160075915,0.37249714689977526,0.6484584660934737,-0.12469385185333003,-0.0902891621645,0.43043973926871876,0.7071773728427979,0.2853126527805913,0.21986227216985466,-0.33176790686389773,-0.6288835644697648,1.4149764277421428,0.7726410411871473,1.4363427854001423,-0.20861449017515887,0.0,0.0,0.0,1.0,0.0
1.0476081168178597,0.14972439417012048,0.4428541971472477,0.2202704810288556,0.26415344871399654,0.7956904012504641,0.970891827459267,0.9413215625756598,1.1003426419355908,0.9181794904304085,0.41966974447461863,-0.33176790686389773,-0.6288835644697648,0.4824507401505549,1.1826824407485566,0.9546249299492261,-0.20861449017515887,0.0,0.0,0.0,1.0,0.0
1.0476081168178597,1.3426962113430532,0.511722414920492,0.2710127029858289,0.3523546002437126,0.04485061582368468,-0.07026687934141006,0.9413215625756598,0.8028820765035436,0.5236123117915649,0.41467455766699957,-0.33176790686389773,0.9031024922650684,1.4149764277421428,0.8724537502909111,0.7481744204702621,-0.20861449017515887,0.0,0.0,0.0,0.0,1.0
0.42038247129565387,-0.14851856012311274,0.20870225671821713,0.2710127029858289,0.14445188592366756,-0.3669002342490653,-0.450690252980119,0.3452927687175619,0.6476852597563885,0.27519675754701295,0.12994890963271086,-0.33176790686389773,0.8841890841572311,1.4149764277421428,0.7105953030956181,0.1288228920333698,-0.20861449017515887,0.0,0.0,0.0,0.0,1.0
1.0476081168178597,0.746210302756587,0.29134411804611027,0.06804381515793598,0.21375279069701592,0.7714697630108905,0.7306244335821878,0.9413215625756598,1.3822835256929225,0.8032600416379033,0.39968899724414225,-0.33176790686389773,-0.6288835644697648,1.3483674500570293,1.4767252864866725,0.26645656501934584,-0.20861449017515887,0.0,0.0,0.0,1.0,0.0
1.0476081168178597,-0.446761514416346,0.3464386922647057,0.11878603711490904,0.3901550937564481,-0.29423831953034474,-0.31053427321848937,0.9413215625756598,0.29590580846283704,0.15414396989390905,0.3797082500136658,-0.33176790686389773,0.8652756760493937,-0.6499018804963735,0.34371615611962025,0.47290707449830993,-0.20861449017515887,0.0,0.0,0.0,0.0,1.0
0.5995897985877128,-0.446761514416346,0.126060395390324,0.06804381515793598,0.23895311970550623,-0.4880034254469329,-0.5908462327417486,0.5155867098198756,0.7821891676039229,0.45446993204473296,0.17490559090128274,-0.33176790686389773,0.846362267941556,1.4149764277421428,0.8508726239982054,0.8858080934562381,-0.20861449017515887,0.0,0.0,0.0,0.0,1.0
1.0476081168178597,0.2242851327434288,0.4428541971472477,0.2202704810288556,0.4405557517734287,-0.027811298895035908,-0.010200030872140225,0.9413215625756598,1.0460237560740864,0.7002526591301858,0.3097756347069984,-0.33176790686389773,-0.6288835644697648,1.4149764277421428,1.126031984230204,0.610540747484286,-0.20861449017515887,0.0,0.0,0.0,1.0,0.0
0.5995897985877128,-0.3722007758430377,0.126060395390324,0.06804381515793598,0.1885524616885256,0.35971891293814057,0.2901342114742089,0.5155867098198756,0.5597403969330007,0.28568214563463423,0.11496334920985356,-0.33176790686389773,0.7707086355102064,1.3376240665594306,0.6188755163516185,0.576132329237792,-0.20861449017515887,0.0,0.0,0.0,0.0,1.0
-1.8197091198550814,-0.6704437301362709,-0.8931892276536916,0.11878603711490904,-0.9265620969371705,-0.7544304460822417,-0.7710467781495581,-1.783381495061359,-1.0982789286491057,-0.939947057816615,-0.8890691991215854,-0.33176790686389773,-0.6288835644697648,1.4149764277421428,-1.11031222785143,-1.1442885830869087,-0.20861449017515887,0.0,0.0,0.0,1.0,0.0
0.8684007895258008,-0.22307929869642104,0.23624954382751484,0.06804381515793598,0.23895311970550623,-0.7786510843218153,-0.7910690609726481,0.7710276214733461,0.8649608032024055,0.1297430080854202,0.17990077770890187,-0.33176790686389773,0.7139684111866939,0.14548767656703976,0.9371971291690285,-0.21526129043157033,-0.20861449017515887,0.0,0.0,0.0,0.0,1.0
0.7787971258797713,2.237425074222753,0.26379683093681255,0.16952825907188232,0.26415344871399654,0.3112776364589935,0.6104907366436481,0.6858806509221893,0.5287010335835697,0.2681255924271445,0.15992003047842546,2.1354326299257558,-0.6288835644697648,1.2696477491564409,0.58650382691256,1.0234417664422142,-0.20861449017515887,0.0,0.0,1.0,0.0,0.0
0.15157148035756557,-0.07395782154980443,-0.09431790148405776,0.06804381515793598,-0.1579520621782161,-0.0035906606554623782,0.10993366606639944,0.08985185706409143,-0.09725946062995573,-0.0659519968681196,-0.12480561755586322,-0.33176790686389773,-0.6288835644697648,-0.3373520621277644,-0.06632524344178904,0.09441447378687579,-0.20861449017515887,0.0,1.0,0.0,0.0,0.0
0.061967816711536124,-0.446761514416346,-0.21828069347589749,-0.08418285071298388,-0.1327517331697258,-0.12469385185333003,-0.1303337278106799,0.004704886512934591,-0.38178695799974,-0.3208774675350188,-0.16476711201681601,-0.33176790686389773,-0.6288835644697648,-0.7911129131888139,-0.36306572996649333,-0.4217117999105344,-0.20861449017515887,0.0,0.0,0.0,1.0,0.0
0.061967816711536124,1.0444532570498202,-0.16318611925730206,0.017301593200962688,-0.025650334883641997,-0.3911208724886388,-0.43066797015702907,0.004704886512934591,0.01913815193041056,-0.1945048697623392,-0.16476711201681601,-0.33176790686389773,0.6950550030788565,0.8394748605427628,0.05506859195468083,-0.3528949634175464,-0.20861449017515887,0.0,0.0,0.0,0.0,1.0
0.9580044531718303,0.000602917023503876,0.05719217761707968,-0.13492507266995718,0.16335213268003532,0.45660146589643463,0.31015649429729886,0.856174592024503,0.4899018293967809,0.21014243682345368,0.16991040409366365,-0.33176790686389773,0.6761415949710191,-0.7774104949221621,0.5460392151137365,0.16323131027986382,-0.20861449017515887,0.0,0.0,0.0,0.0,1.0
-1.5508981289169932,-0.5958829915629625,-0.8105473663257984,-0.08418285071298388,-0.7564598761298609,-0.6333272548843741,-0.6108685155648386,-1.5279405834078885,-0.9586017935766663,-0.8324034043032112,-0.7941606497768225,-0.33176790686389773,0.6761415949710191,-0.9829467689219407,-0.9646396253756662,-0.7657959823754745,-0.20861449017515887,0.0,0.0,0.0,0.0,1.0
-1.5508981289169932,-0.5958829915629625,-0.8105473663257984,-0.08418285071298388,-0.7564598761298609,-0.6333272548843741,-0.6108685155648386,-1.5279405834078885,-0.9586017935766663,-0.8324034043032112,-0.7941606497768225,-0.33176790686389773,-0.6288835644697648,-0.9829467689219407,-0.9646396253756662,-0.7657959823754745,-0.20861449017515887,0.0,1.0,0.0,0.0,0.0
-1.5508981289169932,-0.5958829915629625,-0.8105473663257984,-0.08418285071298388,-0.7564598761298609,-0.6333272548843741,-0.6108685155648386,-1.5279405834078885,-0.9586017935766663,-0.8324034043032112,-0.7941606497768225,-0.33176790686389773,-0.6288835644697648,-0.9829467689219407,-0.9646396253756662,-0.7657959823754745,-0.20861449017515887,0.0,1.0,0.0,0.0,0.0
-0.027635846934493318,-0.5958829915629625,-0.21828069347589749,-0.0334406287560106,-0.37215485875038373,-0.027811298895035908,0.04986681759712961,-0.08044208403822224,-0.46973182082312787,-0.29377547475858173,-0.21471898009300702,-0.33176790686389773,0.6572281868631816,-0.7831198358666005,-0.45478551671049267,-0.6281623093894985,-0.20861449017515887,0.0,0.0,0.0,0.0,1.0
-0.027635846934493318,-0.5958829915629625,-0.21828069347589749,-0.0334406287560106,-0.37215485875038373,-0.027811298895035908,0.04986681759712961,-0.08044208403822224,-0.46973182082312787,-0.29377547475858173,-0.21471898009300702,-0.33176790686389773,-0.6288835644697648,-0.7831198358666005,-0.45478551671049267,-0.6281623093894985,-0.20861449017515887,0.0,1.0,0.0,0.0,0.0
1.0476081168178597,-0.446761514416346,0.11228675183567512,-0.13492507266995718,0.1885524616885256,0.5050427423755817,0.6104907366436481,0.9413215625756598,0.29849242207528964,0.19906607855105993,0.18489596451652096,1.9983659334374415,-0.6288835644697648,-0.8497288135517138,0.34641379690620855,0.851399675209744,1.6826405589127948,0.0,0.0,1.0,0.0,0.0
-1.3716908016249343,-0.7450044687095791,-0.7692264356618518,-0.18566729462693024,-0.8509611099116995,-0.584885978405227,-0.6509130812110184,-1.3576466423055749,-0.9870545433136447,-0.744618764185139,-0.7342184080853934,-0.33176790686389773,0.6383147787553443,-0.9829467689219407,-0.9943136740281368,-0.9378380736079446,-0.20861449017515887,0.0,0.0,0.0,0.0,1.0
-1.3716908016249343,-0.7450044687095791,-0.7692264356618518,-0.18566729462693024,-0.8509611099116995,-0.584885978405227,-0.6509130812110184,-1.3576466423055749,-0.9870545433136447,-0.744618764185139,-0.7342184080853934,-0.33176790686389773,0.6383147787553443,-0.9829467689219407,-0.9943136740281368,-0.9378380736079446,-0.20861449017515887,0.0,0.0,0.0,0.0,1.0
-1.3716908016249343,-0.7450044687095791,-0.7692264356618518,-0.18566729462693024,-0.8509611099116995,-0.584885978405227,-0.6509130812110184,-1.3576466423055749,-0.9870545433136447,-0.744618764185139,-0.7342184080853934,-0.33176790686389773,0.6383147787553443,-0.9829467689219407,-0.9943136740281368,-0.9378380736079446,-0.20861449017515887,0.0,0.0,0.0,0.0,1.0
-0.2964468378725813,-0.5213222529896543,-0.4248853467956304,-0.23640951658390352,-0.3469545297418934,-0.4880034254469329,-0.49073481862629886,-0.3358829956916928,-0.3585074354876667,-0.4166452229480831,-0.3346034634758654,-0.33176790686389773,0.6383147787553443,-0.9829467689219407,-0.3387869628871994,-0.9722464918544386,-0.20861449017515887,0.0,0.0,0.0,0.0,1.0
-1.7301054562090517,-0.6704437301362709,-0.9345101583176382,-0.49012062636876974,-0.9013617679286802,-0.584885978405227,-0.6509130812110184,-1.6982345245102022,-1.0517198836249593,-0.8877555159755905,-0.8690884518911091,-0.33176790686389773,0.6194013706475067,1.4149764277421428,-1.0617546936928421,-0.9378380736079446,-0.20861449017515887,0.0,0.0,0.0,0.0,1.0
0.42038247129565387,-0.2976400372697294,-0.13563883214800435,-0.13492507266995718,-0.06975091064850003,-0.07625257537418297,-0.07026687934141006,0.3452927687175619,0.2234806273141647,-0.05433047590167491,-0.08484412309491043,1.9298325851932845,-0.6288835644697648,0.5054193531454215,0.26818221409515003,0.33527340151233387,0.9552347708020434,0.0,0.0,1.0,0.0,0.0
0.8684007895258008,-0.5958829915629625,0.0847394647263774,-0.08418285071298388,0.0562507343939515,0.21439508350069938,0.1299559488894894,0.7710276214733461,0.09673656030398808,-0.055541940664130374,0.07000666794128166,-0.33176790686389773,-0.6288835644697648,-0.41872954617745045,0.1359978155523273,-0.1464444539385823,-0.20861449017515887,0.0,0.0,0.0,1.0,0.0
0.9580044531718303,-0.3722007758430377,-0.025449683710813468,-0.23640951658390352,0.17595229718428046,-0.3911208724886388,-0.450690252980119,0.856174592024503,0.5959529875073368,0.09495626591100928,0.09997778878699626,-0.33176790686389773,0.6004879625396693,-0.5718742209223835,0.6566424873638537,0.5073154927448039,-0.20861449017515887,0.0,0.0,0.0,0.0,1.0
-0.11723951058052276,-0.14851856012311274,-0.28714891124914177,-0.08418285071298388,-0.353254611994016,0.0690712540632582,0.10993366606639944,-0.1655890545893791,-0.29642870878880473,-0.11860404556729388,-0.2896467822072935,-0.33176790686389773,0.6004879625396693,-0.14888652660399865,-0.27404358400908196,-0.11203603569208828,-0.20861449017515887,0.0,0.0,0.0,0.0,1.0
-0.7444651561027285,-0.5958829915629625,-0.5626217823421189,-0.18566729462693024,-0.45405592802797723,-0.3184589577699182,-0.29051199039539943,-0.7616178484474769,-0.46455859359822266,-0.5418071140806041,-0.5244205621653912,-0.33176790686389773,0.5815745544318319,1.4149764277421428,-0.44939023513731624,0.025597637293887764,-0.20861449017515887,0.0,0.0,0.0,0.0,1.0
-1.99891644714714,-0.5958829915629625,-1.0033783760908825,-0.540862848325743,-1.0399635774753768,-0.7302098078426682,-0.7910690609726481,-1.9536754361636726,-1.2819284951332393,-1.0281610901556848,-0.9739873748511102,-0.33176790686389773,0.505920922000482,1.4149764277421428,-1.3018447236991937,-1.0754717465939205,-0.20861449017515887,0.0,0.0,0.0,0.0,1.0
-1.9093127835011106,-0.6704437301362709,-0.9758310889815848,-0.4393784044117966,-1.0336634952232542,-0.8028717225613888,-0.8311136266188279,-1.8685284656125158,-1.2638221998460712,-1.0269287641403384,-0.9440162540053956,-0.33176790686389773,-0.6288835644697648,-0.9829467689219407,-1.2829612381930762,-1.1098801648404146,-0.20861449017515887,0.0,1.0,0.0,0.0,0.0
0.5995897985877128,-0.14851856012311274,-0.025449683710813468,-0.08418285071298388,-0.2398531314558096,-0.12469385185333003,-0.07026687934141006,0.5155867098198756,-0.3921334124495503,-0.20017914079262664,-0.10982005713300592,-0.33176790686389773,-0.6288835644697648,-0.6735373241910912,-0.3738562931128462,0.26645656501934584,-0.20861449017515887,0.0,1.0,0.0,0.0,0.0
0.5995897985877128,-0.14851856012311274,-0.025449683710813468,-0.08418285071298388,-0.2398531314558096,-0.12469385185333003,-0.07026687934141006,0.5155867098198756,-0.3921334124495503,-0.20017914079262664,-0.10982005713300592,-0.33176790686389773,0.505920922000482,-0.6735373241910912,-0.3738562931128462,0.26645656501934584,-0.20861449017515887,0.0,0.0,0.0,0.0,1.0
-1.1924834743328754,-0.7450044687095791,-0.7830000792165007,-0.4393784044117966,-0.769060040634106,-0.53644470192608,-0.5908462327417486,-1.1873527012032612,-0.7697789998676277,-0.7777780323727369,-0.7092424740472979,-0.33176790686389773,-0.6288835644697648,1.1969834098635896,-0.7677118479547262,-0.31848654517105235,-0.20861449017515887,0.0,0.0,0.0,1.0,0.0
-1.99891644714714,-0.7450044687095791,-0.9758310889815848,-0.0334406287560106,-1.052563741979622,-0.8513129990405359,-0.8911804750880977,-1.9536754361636726,-1.2689954270709765,-1.0516927421206277,-0.9789825616587293,-0.33176790686389773,-0.6288835644697648,-0.9829467689219407,-1.2883565197662525,-1.1442885830869087,-0.20861449017515887,0.0,1.0,0.0,0.0,0.0
0.7787971258797713,-0.446761514416346,-0.13563883214800435,-0.28715173854087683,-0.044550581640009725,-0.2700176812907712,-0.2304451419261296,0.6858806509221893,0.5054215110714964,0.006245981192447914,-0.13479599117110141,-0.33176790686389773,0.4113538814612948,0.9789903919850368,0.562225059833266,-0.11203603569208828,-0.20861449017515887,0.0,0.0,0.0,0.0,1.0
0.7787971258797713,-0.446761514416346,-0.13563883214800435,-0.28715173854087683,-0.044550581640009725,-0.2700176812907712,-0.2304451419261296,0.6858806509221893,0.5054215110714964,0.006245981192447914,-0.13479599117110141,-0.33176790686389773,-0.6288835644697648,0.9789903919850368,0.562225059833266,-0.11203603569208828,-0.20861449017515887,0.0,1.0,0.0,0.0,0.0
0.7787971258797713,-0.446761514416346,-0.13563883214800435,-0.28715173854087683,-0.044550581640009725,-0.2700176812907712,-0.2304451419261296,0.6858806509221893,0.5054215110714964,0.006245981192447914,-0.13479599117110141,-0.33176790686389773,-0.6288835644697648,0.9789903919850368,0.562225059833266,-0.11203603569208828,-0.20861449017515887,0.0,1.0,0.0,0.0,0.0
-0.7444651561027285,-0.446761514416346,-0.5901690694514167,-0.23640951658390352,-0.6241581488352868,-0.6333272548843741,-0.5708239499186587,-0.7616178484474769,-0.7594325454178172,-0.6597500327109455,-0.5993483642796777,-0.33176790686389773,-0.6288835644697648,-0.38346596975591984,-0.7569212848083733,-0.9034296553614506,-0.20861449017515887,0.0,0.0,0.0,1.0,0.0
0.5099861349416833,0.6716495641832786,-0.10809154503870662,-0.13492507266995718,-0.20205263794307415,-0.2700176812907712,-0.05024459651832011,0.43043973926871876,-0.17744448261598583,-0.1483360112757994,-0.22970454051586434,-0.33176790686389773,0.39244047335345744,-0.9829467689219407,-0.14995210782602397,-0.5249370546500164,-0.20861449017515887,0.0,0.0,0.0,0.0,1.0
1.0476081168178597,-0.5213222529896543,-0.06677061437476005,-0.28715173854087683,0.02475032313333862,-0.3184589577699182,-0.2704897075723095,0.9413215625756598,0.1898546503522811,-0.11072709338428727,-0.07984893628729132,1.4843658216062638,-0.6288835644697648,-0.6499018804963735,0.2331128838695032,0.8858080934562381,-0.6450579630416097,0.0,0.0,1.0,0.0,0.0
-0.20684317422655185,-0.22307929869642104,-0.3973380596863327,-0.23640951658390352,-0.517056750549203,-0.34267959600949177,-0.3706011216877592,-0.2507360251405359,-0.474905048048033,-0.354285476238406,-0.4544879468587238,-0.33176790686389773,0.37352706524561985,-0.9829467689219407,-0.46018079828366926,-0.4217117999105344,-0.20861449017515887,0.0,0.0,0.0,0.0,1.0
0.9580044531718303,2.237425074222753,-0.052996970820111185,-0.23640951658390352,0.0562507343939515,-0.3669002342490653,-0.15035601063376983,0.856174592024503,0.31659871736245776,0.05624417999083531,-0.12980080436348232,1.4500991474841853,-0.6288835644697648,-0.5718742209223835,0.3652972824123259,0.47290707449830993,0.3733101403134423,0.0,0.0,1.0,0.0,0.0
-0.8340688197487578,-0.6704437301362709,-0.6590372872246609,-0.3378939604978501,-0.5107566682970804,-0.7544304460822417,-0.7910690609726481,-0.8467648189986338,-0.6559680009197139,-0.6521092100040223,-0.6493002323558686,-0.33176790686389773,-0.6288835644697648,1.4149764277421428,-0.6490156533448446,-0.6281623093894985,-0.20861449017515887,0.0,0.0,0.0,1.0,0.0
0.8684007895258008,0.07516365559681218,-0.16318611925730206,-0.3378939604978501,-0.22095288469944188,-0.53644470192608,-0.43066797015702907,0.7710276214733461,0.08380349224172516,-0.11259456702445436,-0.17975267243967333,-0.33176790686389773,0.31678684092210757,-0.9124196160788794,0.12250961161938617,0.06000605554038178,-0.20861449017515887,0.0,0.0,0.0,0.0,1.0
0.9580044531718303,-0.446761514416346,-0.09431790148405776,-0.28715173854087683,-0.0508506638921323,-0.41534151072821235,-0.43066797015702907,0.856174592024503,0.09414994669153551,-0.12189347569471623,-0.16476711201681601,-0.33176790686389773,-0.6288835644697648,-0.6403863122556431,0.1333001747657392,0.16323131027986382,-0.20861449017515887,0.0,0.0,0.0,1.0,0.0
0.061967816711536124,-0.5958829915629625,-0.4386589903502792,-0.3886361824548233,-0.37215485875038373,-0.3911208724886388,-0.49073481862629886,0.004704886512934591,-0.505944411397464,-0.48748135953323485,-0.4245168260130092,-0.33176790686389773,0.2978734328142702,-0.9829467689219407,-0.49255248772272775,-0.1464444539385823,-0.20861449017515887,0.0,0.0,0.0,0.0,1.0
-1.5508981289169932,-0.7450044687095791,-0.8656419405443938,-0.3378939604978501,-0.9580625081977834,-0.7786510843218153,-0.811091343795738,-1.5279405834078885,-1.1913970186973988,-0.9715478082047916,-0.8640932650834899,-0.33176790686389773,0.2978734328142702,-0.9829467689219407,-1.207427296168606,-0.9722464918544386,-0.20861449017515887,0.0,0.0,0.0,0.0,1.0
-1.5508981289169932,-0.7450044687095791,-0.8656419405443938,-0.3378939604978501,-0.9580625081977834,-0.7786510843218153,-0.811091343795738,-1.5279405834078885,-1.1913970186973988,-0.9715478082047916,-0.8640932650834899,-0.33176790686389773,-0.6288835644697648,-0.9829467689219407,-1.207427296168606,-0.9722464918544386,-0.20861449017515887,0.0,1.0,0.0,0.0,0.0
-1.5508981289169932,-0.7450044687095791,-0.8656419405443938,-0.3378939604978501,-0.9580625081977834,-0.7786510843218153,-0.811091343795738,-1.5279405834078885,-1.1913970186973988,-0.9715478082047916,-0.8640932650834899,-0.33176790686389773,-0.6288835644697648,-0.9829467689219407,-1.207427296168606,-0.9722464918544386,-0.20861449017515887,0.0,1.0,0.0,0.0,0.0
-1.5508981289169932,-0.7450044687095791,-0.8656419405443938,-0.3378939604978501,-0.9580625081977834,-0.7786510843218153,-0.811091343795738,-1.5279405834078885,-1.1913970186973988,-0.9715478082047916,-0.8640932650834899,-0.33176790686389773,0.2978734328142702,-0.9829467689219407,-1.207427296168606,-0.9722464918544386,-0.20861449017515887,0.0,0.0,0.0,0.0,1.0
0.8684007895258008,-0.14851856012311274,-0.3697907725770349,-0.5916050702827164,-0.2713535427164225,0.2386157217402729,0.1900227973587592,0.7710276214733461,-0.12829882397938674,-0.2719872198673906,-0.23969491413110253,1.2787657768737928,-0.6288835644697648,-0.9124196160788794,-0.09869693288084774,-0.31848654517105235,0.5187912979355925,0.0,0.0,1.0,0.0,0.0
-1.9093127835011106,-0.7450044687095791,-0.9896047325362336,-0.6423472922396894,-1.0210633307190091,-0.8028717225613888,-0.811091343795738,-1.8685284656125158,-1.227609609271735,-1.0304002935025982,-0.963997001235872,-0.33176790686389773,-0.6288835644697648,-0.9829467689219407,-1.245194267180841,-1.0066549101009326,-0.20861449017515887,0.0,1.0,0.0,0.0,0.0
0.8684007895258008,0.000602917023503876,-0.23205433703054634,-0.4393784044117966,-0.3154541184812805,-0.1004732136137565,-0.1303337278106799,0.7710276214733461,0.4097168074107508,0.050222211152845045,-0.28465159539967444,1.1759657545075572,-0.6288835644697648,-0.1366209348052053,0.4624123507295018,0.19763972852635783,1.9736028741570952,0.0,0.0,1.0,0.0,0.0
-1.3716908016249343,-0.2976400372697294,-0.851868296989745,-0.49012062636876974,-0.8257607809032093,-0.7544304460822417,-0.7710467781495581,-1.3576466423055749,-1.0336135883377913,-0.897638407261528,-0.8391173310453945,-0.33176790686389773,0.1843929841672454,-0.716510858181487,-1.0428712081867246,-0.9034296553614506,-0.20861449017515887,0.0,0.0,0.0,0.0,1.0
1.0476081168178597,-0.3722007758430377,-0.30092255480379065,-0.540862848325743,-0.2398531314558096,-0.41534151072821235,-0.39062340451084915,0.9413215625756598,0.23382708176397504,-0.20835731122244835,-0.2546804745539598,-0.33176790686389773,-0.6288835644697648,-0.8497288135517138,0.2789727772415029,-0.3873033816640404,-0.20861449017515887,1.0,0.0,0.0,0.0,0.0
0.9580044531718303,3.4303968913956857,-0.10809154503870662,-0.3378939604978501,-0.38475502325462885,-0.5122240636865065,-0.31053427321848937,0.856174592024503,1.6875039319623273,0.4309421157883084,-0.2796564085920553,-0.33176790686389773,-0.6288835644697648,1.4149764277421428,1.7950468993040822,0.5417239109912979,-0.20861449017515887,0.0,0.0,0.0,1.0,0.0
0.7787971258797713,-0.5213222529896543,-0.3697907725770349,-0.540862848325743,-0.2713535427164225,-0.34267959600949177,-0.4106456873339391,0.6858806509221893,-0.3559208218752141,-0.41620987247086844,-0.3246130898606272,1.1416990803854785,-0.6288835644697648,-0.9102824296290898,-0.3360893221006111,-0.24966970867806434,0.22782898269129193,0.0,0.0,1.0,0.0,0.0
0.5099861349416833,1.0444532570498202,-0.3973380596863327,-0.49012062636876974,-0.561157326314061,-0.24579704305119765,-0.1703782934568598,0.43043973926871876,-0.20589723235296425,-0.3998946744532997,-0.4345071996282474,1.038899058019243,-0.6288835644697648,-0.503362129589124,-0.1796261564784944,-0.1464444539385823,0.5187912979355925,0.0,0.0,1.0,0.0,0.0
0.5995897985877128,0.2242851327434288,-0.4524326339049281,-0.5916050702827164,-0.35955469424613856,-0.7059891696030947,-0.7109799296802882,0.5155867098198756,-0.29642870878880473,-0.46425582762740336,-0.41452645239777103,-0.33176790686389773,0.1276527598437331,-0.828242046556516,-0.27404358400908196,-0.4905286364035224,-0.20861449017515887,0.0,0.0,0.0,0.0,1.0
-1.3716908016249343,-0.7450044687095791,-0.8794155840990427,-0.6423472922396894,-0.8572611921638221,-0.6575478931239477,-0.6909576468571983,-1.3576466423055749,-0.9741214752513817,-0.88891508602283,-0.8541028914682518,-0.33176790686389773,-0.6288835644697648,-0.45007494744103327,-0.9808254700951956,-0.7313875641289805,-0.20861449017515887,0.0,1.0,0.0,0.0,0.0
-1.3716908016249343,-0.7450044687095791,-0.8794155840990427,-0.6423472922396894,-0.8572611921638221,-0.6575478931239477,-0.6909576468571983,-1.3576466423055749,-0.9741214752513817,-0.88891508602283,-0.8541028914682518,-0.33176790686389773,-0.6288835644697648,-0.45007494744103327,-0.9808254700951956,-0.7313875641289805,-0.20861449017515887,0.0,1.0,0.0,0.0,0.0
-1.3716908016249343,-0.7450044687095791,-0.8794155840990427,-0.6423472922396894,-0.8572611921638221,-0.6575478931239477,-0.6909576468571983,-1.3576466423055749,-0.9741214752513817,-0.88891508602283,-0.8541028914682518,-0.33176790686389773,-0.6288835644697648,-0.45007494744103327,-0.9808254700951956,-0.7313875641289805,-0.20861449017515887,0.0,1.0,0.0,0.0,0.0
0.7787971258797713,-0.5213222529896543,-0.4386589903502792,-0.6423472922396894,-0.30915403622915794,-0.3669002342490653,-0.4106456873339391,0.6858806509221893,-0.28349564072654176,-0.33094704031693567,-0.3845553315520564,-0.33176790686389773,0.10873935173589562,-0.9829467689219407,-0.2605553800761409,-0.6625707276359925,-0.20861449017515887,0.0,0.0,0.0,0.0,1.0
0.15157148035756557,-0.5958829915629625,-0.6590372872246609,-0.743831736153636,-0.4288555990194869,-0.0035906606554623782,-0.11031144498758995,0.08985185706409143,-0.46973182082312787,-0.5626684291729007,-0.5344109357806294,0.970365709775086,-0.6288835644697648,-0.614035507896697,-0.45478551671049267,-0.5593454728965105,-0.79053912066376,0.0,0.0,1.0,0.0,0.0
-0.6548614924566991,-0.7450044687095791,-0.7003582178886075,-0.540862848325743,-0.7501597938777383,-0.8513129990405359,-0.8511359094419179,-0.6764708778963201,-0.7568459318053646,-0.7390945703835772,-0.7092424740472979,0.970365709775086,-0.6288835644697648,-0.9829467689219407,-0.7542236440217851,-0.8690212371149566,0.5187912979355925,0.0,0.0,1.0,0.0,0.0
0.24117514400359502,-0.446761514416346,-0.4248853467956304,-0.4393784044117966,-0.397355187758874,-0.6817685313635212,-0.6709353640341084,0.17499882761524826,-0.4826648888853908,-0.493828663962962,-0.5194253753577721,-0.33176790686389773,0.08982594362805815,-0.6276988879346691,-0.4682737206434338,-0.3528949634175464,-0.20861449017515887,0.0,0.0,0.0,0.0,1.0
0.24117514400359502,-0.446761514416346,-0.4248853467956304,-0.4393784044117966,-0.397355187758874,-0.6817685313635212,-0.6709353640341084,0.17499882761524826,-0.4826648888853908,-0.493828663962962,-0.5194253753577721,-0.33176790686389773,0.08982594362805815,-0.6276988879346691,-0.4682737206434338,-0.3528949634175464,-0.20861449017515887,0.0,0.0,0.0,0.0,1.0
0.7787971258797713,-0.3722007758430377,-0.3560171290223861,-0.540862848325743,-0.517056750549203,-0.5606653401656535,-0.5708239499186587,0.6858806509221893,-0.5111176386223691,-0.4874547909910746,-0.4095312655901519,-0.33176790686389773,0.08982594362805815,-0.9829467689219407,-0.4979477692959042,-0.3528949634175464,-0.20861449017515887,0.0,0.0,0.0,0.0,1.0
1.0476081168178597,-0.14851856012311274,-0.4111117032409815,-0.6423472922396894,-0.3217542007334031,-0.41534151072821235,-0.450690252980119,0.9413215625756598,0.23900030898888022,-0.2472649550589201,-0.36457458432158,-0.33176790686389773,0.07091253552022077,-0.6499018804963735,0.28436805881467947,0.64494916573078,-0.20861449017515887,0.0,0.0,0.0,0.0,1.0
-1.4612944652709636,-0.5213222529896543,-0.948283801872287,-0.8453161800675826,-1.0210633307190091,-0.53644470192608,-0.6108685155648386,-1.4427936128567316,-1.1396647464483471,-0.9291808325992232,-0.8940643859292046,-0.33176790686389773,0.03308571930454584,-0.9829467689219407,-1.1534744804368415,-1.0066549101009326,-0.20861449017515887,0.0,0.0,0.0,0.0,1.0
-0.11723951058052276,-0.6704437301362709,-0.6314900001153633,-0.6423472922396894,-0.6934590536086351,-0.5122240636865065,-0.5307793842724787,-0.1655890545893791,-0.549916842809158,-0.6284379035592985,-0.6393098587406305,-0.33176790686389773,0.014172311196708375,-0.5659166477629697,-0.5384123810947276,-0.3528949634175464,-0.20861449017515887,0.0,0.0,0.0,0.0,1.0
-0.11723951058052276,-0.6704437301362709,-0.6314900001153633,-0.6423472922396894,-0.6934590536086351,-0.5122240636865065,-0.5307793842724787,-0.1655890545893791,-0.549916842809158,-0.6284379035592985,-0.6393098587406305,-0.33176790686389773,0.014172311196708375,-0.5659166477629697,-0.5384123810947276,-0.3528949634175464,-0.20861449017515887,0.0,0.0,0.0,0.0,1.0
-0.11723951058052276,-0.6704437301362709,-0.6314900001153633,-0.6423472922396894,-0.6934590536086351,-0.5122240636865065,-0.5307793842724787,-0.1655890545893791,-0.549916842809158,-0.6284379035592985,-0.6393098587406305,-0.33176790686389773,-0.6288835644697648,-0.5659166477629697,-0.5384123810947276,-0.3528949634175464,-0.20861449017515887,0.0,1.0,0.0,0.0,0.0
-1.102879810686846,-0.7450044687095791,-0.851868296989745,-0.6930895141966628,-0.8509611099116995,-0.7786510843218153,-0.7910690609726481,-1.1022057306521043,-1.0362002019502439,-0.9421671438721234,-0.8391173310453945,-0.33176790686389773,-0.6288835644697648,-0.9829467689219407,-1.0455688489733128,-0.7657959823754745,-0.20861449017515887,0.0,0.0,0.0,1.0,0.0
-1.1924834743328754,-0.5958829915629625,-0.8794155840990427,-0.743831736153636,-0.9265620969371705,-0.7059891696030947,-0.7710467781495581,-1.1873527012032612,-1.0724127925245799,-0.9107750542160994,-0.8590980782758709,-0.33176790686389773,-0.02365450501896647,-0.9829467689219407,-1.0833358199855478,-0.8002044006219685,-0.20861449017515887,0.0,0.0,0.0,0.0,1.0
-1.0132761470408167,-0.7450044687095791,-0.851868296989745,-0.743831736153636,-0.8572611921638221,-0.7786510843218153,-0.7910690609726481,-1.0170587601009475,-1.015507293050623,-0.9018218607885314,-0.8391173310453945,-0.33176790686389773,-0.6288835644697648,-0.9829467689219407,-1.0239877226806071,-0.8346128188684625,-0.20861449017515887,0.0,0.0,0.0,1.0,0.0
-1.0132761470408167,-0.7450044687095791,-0.851868296989745,-0.743831736153636,-0.8572611921638221,-0.7786510843218153,-0.7910690609726481,-1.0170587601009475,-1.015507293050623,-0.9018218607885314,-0.8391173310453945,-0.33176790686389773,-0.0614813212346414,-0.9829467689219407,-1.0239877226806071,-0.8346128188684625,-0.20861449017515887,0.0,0.0,0.0,0.0,1.0
-2.0885201107931692,-0.7450044687095791,-1.0309256632001802,-0.7945739581106093,-1.0714639887359898,-0.8755336372801094,-0.9112027579111877,-2.0388224067148295,-1.307794631257765,-1.08095460688731,-1.018944056119682,-0.33176790686389773,-0.6288835644697648,-0.9829467689219407,-1.3288211315650758,-1.1442885830869087,-0.20861449017515887,0.0,1.0,0.0,0.0,0.0
0.061967816711536124,-0.5213222529896543,-0.7003582178886075,-0.7945739581106093,-0.7123593003650028,-0.5122240636865065,-0.5508016670955688,0.004704886512934591,-0.2938420951763521,-0.44461025677592303,-0.664285792778726,-0.33176790686389773,-0.6288835644697648,-0.5992790574556873,-0.2713459432224939,-0.043219199199100264,-0.20861449017515887,0.0,0.0,0.0,1.0,0.0
-0.38605050151861076,-0.22307929869642104,-0.7692264356618518,-0.7945739581106093,-0.7564598761298609,-0.6091066166448006,-0.6108685155648386,-0.4210299662428496,-0.8034049768295112,-0.7784245738924236,-0.7541991553158698,-0.33176790686389773,-0.09930813745031633,-0.7431544492555324,-0.802781178180373,-0.6625707276359925,-0.20861449017515887,0.0,0.0,0.0,0.0,1.0
-0.38605050151861076,-0.22307929869642104,-0.7692264356618518,-0.7945739581106093,-0.7564598761298609,-0.6091066166448006,-0.6108685155648386,-0.4210299662428496,-0.8034049768295112,-0.7784245738924236,-0.7541991553158698,-0.33176790686389773,-0.09930813745031633,-0.7431544492555324,-0.802781178180373,-0.6625707276359925,-0.20861449017515887,0.0,0.0,0.0,0.0,1.0
-0.38605050151861076,-0.22307929869642104,-0.7692264356618518,-0.7945739581106093,-0.7564598761298609,-0.6091066166448006,-0.6108685155648386,-0.4210299662428496,-0.8034049768295112,-0.7784245738924236,-0.7541991553158698,-0.33176790686389773,-0.09930813745031633,-0.7431544492555324,-0.802781178180373,-0.6625707276359925,-0.20861449017515887,0.0,0.0,0.0,0.0,1.0
0.7787971258797713,1.4172569499163616,-0.5763954258967678,-0.7945739581106093,-0.5485571618098158,-0.41534151072821235,-0.29051199039539943,0.6858806509221893,-0.25762950460201595,-0.43955782714571756,-0.5793676170492013,0.6276989685543007,-0.6288835644697648,-0.9829467689219407,-0.23357897221025875,-0.5249370546500164,0.6642724555577427,0.0,0.0,1.0,0.0,0.0
-1.1924834743328754,-0.5958829915629625,-0.8931892276536916,-0.7945739581106093,-0.9265620969371705,-0.7786510843218153,-0.7510244953264682,-1.1873527012032612,-1.0206805202755282,-0.9455548265650064,-0.8890691991215854,0.5591656203101438,-0.6288835644697648,-0.1109746974077285,-1.0293830042537835,-0.8690212371149566,-0.3540956477973092,0.0,0.0,1.0,0.0,0.0
-1.1924834743328754,-0.7450044687095791,-0.8931892276536916,-0.7945739581106093,-0.8698613566680673,-0.8270923608009624,-0.8711581922650078,-1.1873527012032612,-1.0413734291751489,-0.963534710376559,-0.8890691991215854,-0.33176790686389773,-0.13713495366599118,-0.9829467689219407,-1.0509641305464892,-1.0410633283474267,-0.20861449017515887,0.0,0.0,0.0,0.0,1.0
-1.1924834743328754,-0.7450044687095791,-0.8931892276536916,-0.7945739581106093,-0.8698613566680673,-0.8270923608009624,-0.8711581922650078,-1.1873527012032612,-1.0413734291751489,-0.963534710376559,-0.8890691991215854,-0.33176790686389773,-0.13713495366599118,-0.9829467689219407,-1.0509641305464892,-1.0410633283474267,-0.20861449017515887,0.0,0.0,0.0,0.0,1.0
1.0476081168178597,0.07516365559681218,-0.7003582178886075,-0.946800623981529,-0.6115579843310416,-0.1004732136137565,-0.2704897075723095,0.9413215625756598,0.08380349224172516,-0.3130687173679078,-0.564382056626344,0.5591656203101438,-0.6288835644697648,-0.5832929028112601,0.12250961161938617,0.025597637293887764,1.1007159284241936,0.0,0.0,1.0,0.0,0.0
0.42038247129565387,-0.14851856012311274,-0.6039427130060655,-0.743831736153636,-0.5863576553225514,-0.6575478931239477,-0.6509130812110184,0.3452927687175619,-0.29642870878880473,-0.5463653826457164,-0.6692809795863451,-0.33176790686389773,-0.15604836177382864,-0.9002597621404206,-0.27404358400908196,-0.00881078095260625,-0.20861449017515887,0.0,0.0,0.0,0.0,1.0
-0.027635846934493318,-0.5213222529896543,-0.7003582178886075,-0.7945739581106093,-0.7816602051383512,-0.7302098078426682,-0.7510244953264682,-0.08044208403822224,-0.7335664092932914,-0.7484804335808586,-0.7541991553158698,0.45636559794390813,-0.6288835644697648,-0.9829467689219407,-0.7299448769424911,-0.7313875641289805,0.22782898269129193,0.0,0.0,1.0,0.0,0.0
-0.9236724833947872,-0.3722007758430377,-0.8931892276536916,-0.8960584020245557,-0.8635612744159447,-0.7059891696030947,-0.7109799296802882,-0.9319117895497906,-0.9327356574521404,-0.8764145554907254,-0.8740836386987282,0.45636559794390813,-0.6288835644697648,-0.9829467689219407,-0.9376632175097841,-0.7313875641289805,-0.4995768054194595,0.0,0.0,1.0,0.0,0.0
0.5995897985877128,1.1190139956231284,-0.6865845743339587,-0.8960584020245557,-0.7060592181128803,-0.5606653401656535,-0.5908462327417486,0.5155867098198756,-0.10501930146731348,-0.39663666469480535,-0.6842665400092024,-0.33176790686389773,-0.19387517798950357,-0.6735373241910912,-0.07441816580155376,-0.5593454728965105,-0.20861449017515887,0.0,0.0,0.0,0.0,1.0
-1.2820871379789047,-0.7450044687095791,-0.948283801872287,-0.946800623981529,-1.0147632484668865,-0.7059891696030947,-0.6308907983879285,-1.272499671754418,-1.183637177860041,-1.003726826595162,-0.9240355067749192,-0.33176790686389773,-0.6288835644697648,-0.9829467689219407,-1.1993343738088413,-0.8690212371149566,-0.20861449017515887,1.0,0.0,0.0,0.0,0.0
0.24117514400359502,-0.3722007758430377,-0.7003582178886075,-0.8453161800675826,-0.7312595471213705,-0.7302098078426682,-0.7310022125033782,0.17499882761524826,-0.7206333412310285,-0.7658002887655998,-0.7392135948930125,-0.33176790686389773,-0.21278858609734094,-0.9829467689219407,-0.7164566730095501,-0.24966970867806434,-0.20861449017515887,0.0,0.0,0.0,0.0,1.0
0.24117514400359502,-0.3722007758430377,-0.7003582178886075,-0.8453161800675826,-0.7312595471213705,-0.7302098078426682,-0.7310022125033782,0.17499882761524826,-0.7206333412310285,-0.7658002887655998,-0.7392135948930125,-0.33176790686389773,-0.21278858609734094,-0.9829467689219407,-0.7164566730095501,-0.24966970867806434,-0.20861449017515887,0.0,0.0,0.0,0.0,1.0
0.24117514400359502,-0.3722007758430377,-0.7003582178886075,-0.8453161800675826,-0.7312595471213705,-0.7302098078426682,-0.7310022125033782,0.17499882761524826,-0.7206333412310285,-0.7658002887655998,-0.7392135948930125,-0.33176790686389773,-0.21278858609734094,-0.9829467689219407,-0.7164566730095501,-0.24966970867806434,-0.20861449017515887,0.0,0.0,0.0,0.0,1.0
-0.2964468378725813,0.14972439417012048,-0.7692264356618518,-0.7945739581106093,-0.8131606163989641,-0.7544304460822417,-0.6509130812110184,-0.3358829956916928,-0.8810033852030887,-0.7917671224226427,-0.8091462101996799,-0.33176790686389773,-0.6288835644697648,-0.9829467689219407,-0.8837104017780196,-0.6625707276359925,-0.20861449017515887,1.0,0.0,0.0,0.0,0.0
0.3307788076496245,-0.6704437301362709,-0.7967737227711496,-0.9975428459385022,-0.7564598761298609,-0.6333272548843741,-0.5708239499186587,0.2601457981664051,-0.6870073642691449,-0.7379861956260427,-0.7442087817006315,0.38783224969975116,-0.6288835644697648,-0.9829467689219407,-0.6813873427839031,-0.7657959823754745,0.3733101403134423,0.0,0.0,1.0,0.0,0.0
0.15157148035756557,-0.5958829915629625,-0.7830000792165007,-0.946800623981529,-0.7060592181128803,-0.6333272548843741,-0.6509130812110184,0.08985185706409143,-0.8034049768295112,-0.7869694988662074,-0.769184715738727,-0.33176790686389773,-0.2506154023130159,-0.9829467689219407,-0.802781178180373,-0.5249370546500164,-0.20861449017515887,0.0,0.0,0.0,0.0,1.0
0.15157148035756557,-0.5958829915629625,-0.7830000792165007,-0.946800623981529,-0.7060592181128803,-0.6333272548843741,-0.6509130812110184,0.08985185706409143,-0.8034049768295112,-0.7869694988662074,-0.769184715738727,-0.33176790686389773,-0.2506154023130159,-0.9829467689219407,-0.802781178180373,-0.5249370546500164,-0.20861449017515887,0.0,0.0,0.0,0.0,1.0
0.15157148035756557,-0.5958829915629625,-0.7830000792165007,-0.946800623981529,-0.7060592181128803,-0.6333272548843741,-0.6509130812110184,0.08985185706409143,-0.8034049768295112,-0.7869694988662074,-0.769184715738727,-0.33176790686389773,-0.2506154023130159,-0.9829467689219407,-0.802781178180373,-0.5249370546500164,-0.20861449017515887,0.0,0.0,0.0,0.0,1.0
-1.8197091198550814,-0.6704437301362709,-1.0033783760908825,-0.8960584020245557,-1.052563741979622,-0.8755336372801094,-0.9112027579111877,-1.783381495061359,-1.2198497684343772,-1.0330784088741864,-0.9939681220815866,-0.33176790686389773,-0.6288835644697648,-0.9829467689219407,-1.2371013448210764,-1.1442885830869087,-0.20861449017515887,0.0,1.0,0.0,0.0,0.0
-0.6548614924566991,-0.7450044687095791,-0.8794155840990427,-0.946800623981529,-0.9202620146850479,-0.6333272548843741,-0.6308907983879285,-0.6764708778963201,-1.1319049056109893,-0.9509125162629016,-0.8640932650834899,0.35356557557767265,-0.6288835644697648,-0.9829467689219407,-1.145381558077077,-0.8346128188684625,-0.3540956477973092,0.0,0.0,1.0,0.0,0.0
-1.7301054562090517,-0.7450044687095791,-0.9896047325362336,-0.8960584020245557,-1.0399635774753768,-0.8270923608009624,-0.8511359094419179,-1.6982345245102022,-1.1939836323098514,-1.0409232399997033,-0.9839777484663483,-0.33176790686389773,-0.2506154023130159,-0.9829467689219407,-1.2101249369551943,-0.9378380736079446,-0.20861449017515887,0.0,0.0,0.0,0.0,1.0
1.0476081168178597,-0.5958829915629625,-0.6865845743339587,-0.946800623981529,-0.561157326314061,-0.7302098078426682,-0.7310022125033782,0.9413215625756598,-0.1360586648167445,-0.46833497797892487,-0.7092424740472979,-0.33176790686389773,-0.2884422185286908,-0.8497288135517138,-0.10678985524061245,0.1288228920333698,-0.20861449017515887,0.0,0.0,0.0,0.0,1.0
-1.7301054562090517,-0.7450044687095791,-1.0033783760908825,-0.9975428459385022,-1.0399635774753768,-0.8270923608009624,-0.8711581922650078,-1.6982345245102022,-1.2638221998460712,-1.0470717426588318,-0.9889729352739675,-0.33176790686389773,-0.6288835644697648,-0.9829467689219407,-1.2829612381930762,-1.1786970013334026,-0.20861449017515887,0.0,1.0,0.0,0.0,0.0
-1.7301054562090517,-0.7450044687095791,-1.0033783760908825,-0.9975428459385022,-1.0399635774753768,-0.8270923608009624,-0.8711581922650078,-1.6982345245102022,-1.2638221998460712,-1.0470717426588318,-0.9889729352739675,-0.33176790686389773,-0.6288835644697648,-0.9829467689219407,-1.2829612381930762,-1.1786970013334026,-0.20861449017515887,0.0,1.0,0.0,0.0,0.0
-0.7444651561027285,-0.5958829915629625,-0.9345101583176382,-1.0482850678954754,-0.9769627549541511,-0.584885978405227,-0.6709353640341084,-0.7616178484474769,-1.1215584511611791,-0.9351545335132415,-0.8940643859292046,-0.33176790686389773,-0.6288835644697648,-0.9829467689219407,-1.134590994930724,-0.7313875641289805,-0.20861449017515887,0.0,0.0,0.0,1.0,0.0
-1.9093127835011106,-0.7450044687095791,-1.0309256632001802,-1.149769511809422,-1.0336634952232542,-0.8270923608009624,-0.8711581922650078,-1.8685284656125158,-1.2198497684343772,-1.0623276136526296,-1.0089536825044438,0.25076555321143706,-0.6288835644697648,-0.18363903670057957,-1.2371013448210764,-1.1442885830869087,-0.3540956477973092,0.0,0.0,1.0,0.0,0.0
0.6891934622337419,-0.5213222529896543,-0.7830000792165007,-0.9975428459385022,-0.6115579843310416,-0.8028717225613888,-0.8511359094419179,0.6007336803710325,-0.6068223422831148,-0.8227689200788462,-0.7791750893539653,0.2164988790893586,-0.6288835644697648,-0.9080116690261881,-0.5977604783996684,-0.6625707276359925,-1.5179449087745114,0.0,0.0,1.0,0.0,0.0
-0.5652578288106697,-0.7450044687095791,-0.9069628712083404,-0.9975428459385022,-0.888761603424435,-0.7544304460822417,-0.811091343795738,-0.5913239073451633,-1.015507293050623,-0.9166654905370989,-0.8940643859292046,-0.33176790686389773,-0.32626903474436564,-0.9829467689219407,-1.0239877226806071,-0.9378380736079446,-0.20861449017515887,0.0,0.0,0.0,0.0,1.0
-0.11723951058052276,-0.6704437301362709,-0.9069628712083404,-1.0990272898524487,-0.8257607809032093,-0.7302098078426682,-0.7510244953264682,-0.1655890545893791,-0.8835899988155413,-0.9095665835181642,-0.8590980782758709,0.18223220496728004,-0.6288835644697648,-0.9829467689219407,-0.8864080425646079,-0.9378380736079446,-0.4995768054194595,0.0,0.0,1.0,0.0,0.0
-1.2820871379789047,-0.5958829915629625,-0.9758310889815848,-1.0482850678954754,-1.0273634129711318,-0.7544304460822417,-0.7109799296802882,-1.272499671754418,-1.165530882572873,-1.0039300079757496,-0.9590018144282528,-0.33176790686389773,-0.3451824428522031,-0.7431544492555324,-1.1804508883027238,-0.9722464918544386,-0.20861449017515887,0.0,0.0,0.0,0.0,1.0
-1.9093127835011106,-0.7450044687095791,-1.0171520196455313,-0.946800623981529,-1.0399635774753768,-0.8755336372801094,-0.9112027579111877,-1.8685284656125158,-1.245715904558903,-1.058706599838128,-1.013948869312063,-0.33176790686389773,-0.6288835644697648,-0.9829467689219407,-1.2640777526869587,-1.0410633283474267,-0.20861449017515887,0.0,1.0,0.0,0.0,0.0
-0.2964468378725813,-0.5213222529896543,-0.9069628712083404,-1.0482850678954754,-0.8824615211723125,-0.7786510843218153,-0.8311136266188279,-0.3358829956916928,-1.0206805202755282,-0.934812718086019,-0.8990595727368237,0.11369885672312303,-0.6288835644697648,-0.8687599500331749,-1.0293830042537835,-1.0066549101009326,-0.3540956477973092,0.0,0.0,1.0,0.0,0.0
-1.8197091198550814,-0.7450044687095791,-1.0171520196455313,-1.0482850678954754,-1.0399635774753768,-0.8755336372801094,-0.9112027579111877,-1.783381495061359,-1.2560623590087134,-1.066030972341054,-1.0089536825044438,-0.33176790686389773,-0.6288835644697648,-0.9829467689219407,-1.2748683158333114,-1.1098801648404146,-0.20861449017515887,0.0,1.0,0.0,0.0,0.0
-1.8197091198550814,-0.7450044687095791,-1.0171520196455313,-1.0482850678954754,-1.0399635774753768,-0.8755336372801094,-0.9112027579111877,-1.783381495061359,-1.2560623590087134,-1.066030972341054,-1.0089536825044438,-0.33176790686389773,-0.38300925906787797,-0.9829467689219407,-1.2748683158333114,-1.1098801648404146,-0.20861449017515887,0.0,0.0,0.0,0.0,1.0
-1.4612944652709636,-0.7450044687095791,-0.9758310889815848,-0.9975428459385022,-1.008463166214764,-0.8755336372801094,-0.9112027579111877,-1.4427936128567316,-1.2224363820468298,-1.0465235434077285,-0.9839777484663483,-0.33176790686389773,-0.6288835644697648,-0.9829467689219407,-1.2397989856076645,-1.0410633283474267,-0.20861449017515887,0.0,1.0,0.0,0.0,0.0
-1.4612944652709636,-0.7450044687095791,-0.9758310889815848,-0.9975428459385022,-1.008463166214764,-0.8755336372801094,-0.9112027579111877,-1.4427936128567316,-1.2224363820468298,-1.0465235434077285,-0.9839777484663483,-0.33176790686389773,-0.6288835644697648,-0.9829467689219407,-1.2397989856076645,-1.0410633283474267,-0.20861449017515887,0.0,1.0,0.0,0.0,0.0
-0.38605050151861076,-0.6704437301362709,-0.948283801872287,-1.0990272898524487,-0.8824615211723125,-0.7302098078426682,-0.7310022125033782,-0.4210299662428496,-1.0931057014242007,-0.9846746187758352,-0.9290306935825383,0.045165508478966006,-0.6288835644697648,-0.9829467689219407,-1.1049169462782535,-1.0066549101009326,-0.6450579630416097,0.0,0.0,1.0,0.0,0.0
-1.8197091198550814,-0.7450044687095791,-1.0309256632001802,-1.149769511809422,-1.0336634952232542,-0.8755336372801094,-0.9112027579111877,-1.783381495061359,-1.2508891317838082,-1.0816181978799846,-1.018944056119682,-0.05763451388726956,-0.6288835644697648,-0.38346596975591984,-1.269473034260135,-1.1098801648404146,-0.4995768054194595,0.0,0.0,1.0,0.0,0.0
-1.4612944652709636,-0.7450044687095791,-1.0171520196455313,-1.149769511809422,-1.0399635774753768,-0.8270923608009624,-0.811091343795738,-1.4427936128567316,-1.2120899275970194,-1.0608865210872545,-1.0039584956968248,-0.33176790686389773,-0.4775762996070652,-0.9829467689219407,-1.2290084224613118,-1.0754717465939205,-0.20861449017515887,0.0,0.0,0.0,0.0,1.0
-1.4612944652709636,-0.7450044687095791,-1.0171520196455313,-1.149769511809422,-1.0399635774753768,-0.8270923608009624,-0.811091343795738,-1.4427936128567316,-1.2120899275970194,-1.0608865210872545,-1.0039584956968248,-0.33176790686389773,-0.6288835644697648,-0.9829467689219407,-1.2290084224613118,-1.0754717465939205,-0.20861449017515887,1.0,0.0,0.0,0.0,0.0
-1.4612944652709636,-0.7450044687095791,-1.0171520196455313,-1.149769511809422,-1.0399635774753768,-0.8270923608009624,-0.811091343795738,-1.4427936128567316,-1.2120899275970194,-1.0608865210872545,-1.0039584956968248,-0.33176790686389773,-0.6288835644697648,-0.9829467689219407,-1.2290084224613118,-1.0754717465939205,-0.20861449017515887,1.0,0.0,0.0,0.0,0.0
-1.1924834743328754,-0.5958829915629625,-0.9896047325362336,-1.0990272898524487,-1.0147632484668865,-0.8755336372801094,-0.9112027579111877,-1.1873527012032612,-1.1060387694864635,-0.998310142705007,-0.9939681220815866,-0.0919011880093481,-0.6288835644697648,-0.9829467689219407,-1.1184051502111947,-1.0066549101009326,-0.20861449017515887,0.0,0.0,1.0,0.0,0.0
-1.9093127835011106,-0.7450044687095791,-1.0309256632001802,-1.149769511809422,-1.0777640709881122,-0.8755336372801094,-0.9112027579111877,-1.8685284656125158,-1.307794631257765,-1.0817297950095222,-1.023939242927301,-0.33176790686389773,-0.6288835644697648,-0.9829467689219407,-1.3288211315650758,-1.1442885830869087,-0.20861449017515887,0.0,1.0,0.0,0.0,0.0
-0.027635846934493318,-0.5958829915629625,-0.9896047325362336,-1.200511733766395,-0.9706626727020286,-0.8513129990405359,-0.8911804750880977,-0.08044208403822224,-1.028440361112886,-1.0135922439765088,-0.9839777484663483,-0.33176790686389773,-0.5532299320384151,-0.9829467689219407,-1.037475926613548,-1.0410633283474267,-0.20861449017515887,0.0,0.0,0.0,0.0,1.0
-1.9093127835011106,-0.6704437301362709,-1.044699306754829,-1.3019961776803417,-1.0840641532402349,-0.8755336372801094,-0.9112027579111877,-1.8685284656125158,-1.3103812448702177,-1.0939460053546637,-1.0339296165425393,-0.33176790686389773,-0.6288835644697648,-0.9829467689219407,-1.3315187723516642,-1.1786970013334026,-0.20861449017515887,0.0,1.0,0.0,0.0,0.0
-2.0885201107931692,-0.7450044687095791,-1.044699306754829,-1.3019961776803417,-1.0903642354923575,-0.8755336372801094,-0.9112027579111877,-2.0388224067148295,-1.3284875401573857,-1.097419542326993,-1.0339296165425393,-0.33176790686389773,-0.6288835644697648,-0.9829467689219407,-1.3504022578577817,-1.1786970013334026,-0.20861449017515887,0.0,1.0,0.0,0.0,0.0
-2.0885201107931692,-0.7450044687095791,-1.044699306754829,-1.3019961776803417,-1.0903642354923575,-0.8755336372801094,-0.9112027579111877,-2.0388224067148295,-1.3284875401573857,-1.097419542326993,-1.0339296165425393,-0.33176790686389773,-0.6288835644697648,-0.9829467689219407,-1.3504022578577817,-1.1786970013334026,-0.20861449017515887,0.0,1.0,0.0,0.0,0.0
-2.0885201107931692,-0.7450044687095791,-1.044699306754829,-1.3019961776803417,-1.0903642354923575,-0.8755336372801094,-0.9112027579111877,-2.0388224067148295,-1.3284875401573857,-1.0953035498466936,-1.0339296165425393,-0.33176790686389773,-0.6288835644697648,-0.9829467689219407,-1.3504022578577817,-1.1786970013334026,-0.20861449017515887,0.0,1.0,0.0,0.0,0.0
-1.99891644714714,-0.7450044687095791,-1.044699306754829,-1.3019961776803417,-1.0840641532402349,-0.8755336372801094,-0.9112027579111877,-1.9536754361636726,-1.320727699320028,-1.0911780405614888,-1.0339296165425393,-0.33176790686389773,-0.6288835644697648,-0.9829467689219407,-1.342309335498017,-1.1786970013334026,-0.20861449017515887,0.0,1.0,0.0,0.0,0.0
0.8863215222550066,0.44796734846335373,2.880789106320096,2.5036704690926515,3.760699098642027,5.276508475571567,4.815170129492536,1.1116155036779736,2.142747927753982,3.0040619309251166,3.6565507958117953,-0.33176790686389773,4.0427282381660845,1.4149764277421428,1.9072687560261523,2.4341869145484685,-0.20861449017515887,0.0,0.0,0.0,0.0,1.0
1.0476081168178597,3.952322061408844,3.30777205651421,2.7066393569205447,3.193691695950995,4.089697201832465,3.9141674024534887,1.2819094447802872,2.1970668136154865,3.6461649116301205,3.5566470596594133,-0.33176790686389773,3.7212003003328484,1.4149764277421428,1.9582541668926696,0.81699125696325,-0.20861449017515887,0.0,0.0,0.0,0.0,1.0
1.0476081168178597,5.89090126431486,3.569471284052539,2.960350466705411,2.6959851980333114,4.767875072540523,4.835192412315626,1.2819094447802872,1.8427007487094824,3.4891937029729814,3.5216807520060796,-0.33176790686389773,3.6833734841171735,1.4149764277421428,1.625635057906342,0.9546249299492261,-0.20861449017515887,0.0,0.0,0.0,0.0,1.0
0.8056782249735804,2.461107289942678,3.046072828975882,2.757381578877518,2.771586185058782,3.1935335869682437,3.093253806706801,1.0264685331268166,1.8685668848340082,2.704554098327908,2.942239082322264,-0.33176790686389773,-0.6288835644697648,1.4149764277421428,1.649913824985636,1.8836522226045644,-0.20861449017515887,0.0,0.0,0.0,1.0,0.0
1.0476081168178597,-0.446761514416346,3.0736201160851797,2.5036704690926515,3.6472976181038206,2.3700318868227432,2.152206514021574,1.2819094447802872,2.5178069015596067,2.697270681891168,3.2069839831260762,-0.33176790686389773,-0.6288835644697648,1.4149764277421428,2.259310878675915,2.4341869145484685,-0.20861449017515887,0.0,0.0,0.0,1.0,0.0
0.7250349276921538,1.1935747341964367,2.5915425916724697,2.402186025178705,2.1604782066028925,2.5153557162601845,2.3123847766062933,0.9413215625756598,1.5607598649521508,2.3750695963549555,2.40775409390702,-0.33176790686389773,2.983577384127188,1.4149764277421428,1.360996496742038,1.5739764583861182,-0.20861449017515887,0.0,0.0,0.0,0.0,1.0
0.8863215222550066,0.000602917023503876,2.563995304563172,2.1992171373508125,2.59518388199935,1.9582810367499934,2.132184231198484,1.1116155036779736,1.7288897497615687,1.8727773165160715,2.5126530168670214,-0.33176790686389773,2.907923751695838,1.4149764277421428,1.5188084827574488,2.0556943138370345,-0.20861449017515887,0.0,0.0,0.0,0.0,1.0
0.9669648195364331,-0.7450044687095791,2.3849379383527367,1.9455060275659461,2.2108788646198727,2.394252525062317,2.052095099906124,1.1967624742291303,1.938405452370228,2.308845585459699,2.602566379404165,-0.33176790686389773,-0.6288835644697648,1.4149764277421428,1.71546649609973,1.6427932948791064,-0.20861449017515887,0.0,0.0,0.0,1.0,0.0
0.8863215222550066,0.44796734846335373,2.2196542156969503,1.8440215836519995,2.343180591914447,3.16931294872867,2.9130532612989914,1.1116155036779736,1.9202991570830599,2.6593820547312648,2.497667456444164,6.041833479842707,-0.6288835644697648,1.4149764277421428,1.698471359144224,2.6062290057809383,8.374773809531707,0.0,0.0,1.0,0.0,0.0
1.0476081168178597,-0.5958829915629625,2.3298433641341414,1.793279361695026,2.4061814144356726,2.4184731633018903,2.392473907898653,1.2819094447802872,2.1556809958162453,1.9861915193228388,2.602566379404165,-0.33176790686389773,-0.6288835644697648,1.4149764277421428,1.9194081395657994,1.9868774773440465,-0.20861449017515887,0.0,0.0,0.0,1.0,0.0
1.0476081168178597,-0.3722007758430377,2.3849379383527367,1.8440215836519995,1.9084749165179893,1.9582810367499934,1.7918054232059548,1.2819094447802872,1.9228857706955125,2.316263029037476,2.482681896021307,-0.33176790686389773,-0.6288835644697648,1.4149764277421428,1.7008992358521535,1.2298922759211781,-0.20861449017515887,0.0,0.0,0.0,1.0,0.0
0.3218184412850216,2.983032459955836,1.971728631713271,2.300701581264758,1.37296792508757,1.6676333778751111,1.8118277060290446,0.5155867098198756,0.880480484877121,1.4246291487812952,1.6834520068022507,-0.33176790686389773,2.6809628544017885,1.4149764277421428,0.7224649225566061,1.0922586029352022,-0.20861449017515887,0.0,0.0,0.0,0.0,1.0
0.9669648195364331,1.1190139956231284,2.068144136595813,1.6410526958241063,2.6077840465035953,2.273149333864449,2.392473907898653,1.1967624742291303,1.9849644973943745,2.1318626097255597,2.3677925994460676,5.664900064499843,-0.6288835644697648,1.4149764277421428,1.7591682768424592,1.4019343671536482,4.8832260266001,0.0,0.0,1.0,0.0,0.0
1.0476081168178597,1.1190139956231284,2.164559641478355,1.6410526958241063,2.3620808386708148,2.902885928093361,2.7128304330680924,1.2819094447802872,1.7780354083981678,2.2583754591240246,2.447715588367973,-0.33176790686389773,-0.6288835644697648,1.4149764277421428,1.564938140208107,0.81699125696325,-0.20861449017515887,0.0,0.0,0.0,1.0,0.0
0.8863215222550066,0.2988458713167371,1.971728631713271,1.6410526958241063,1.8769745052573763,3.217754225207817,3.1933652208222507,1.1116155036779736,1.8840865665087236,2.1645128041921047,2.207946621602256,-0.33176790686389773,2.605309221970439,1.4149764277421428,1.6644810852332126,1.2643006941676722,-0.20861449017515887,0.0,0.0,0.0,0.0,1.0
0.7250349276921538,0.000602917023503876,1.6411611864016984,1.4380838079962137,1.8139736827361506,1.425426995479376,1.2712260698056161,0.9413215625756598,1.5995590691389394,2.016116819061382,2.0281198965279685,5.49356669388945,-0.6288835644697648,1.4149764277421428,1.397414647360979,2.0556943138370345,7.938330336665255,0.0,0.0,1.0,0.0,0.0
-0.3233279369663904,0.746210302756587,0.9111580780053089,1.8440215836519995,0.7555598643795575,0.9410142306879052,0.6905798679360078,-0.1655890545893791,0.3036656493001948,0.7214465064841379,0.8792269307755758,-0.33176790686389773,-0.6288835644697648,1.4149764277421428,0.18104841668835053,-0.1464444539385823,-0.20861449017515887,0.0,0.0,0.0,1.0,0.0
0.9669648195364331,2.6102287670892945,2.3573906512434393,1.8947638056089726,2.3053800984017117,1.7887365690729786,1.7918054232059548,1.1967624742291303,2.00048417906909,2.150979811036902,2.1729803139489223,-0.33176790686389773,2.491828773323414,1.4149764277421428,1.7737355370900356,2.5718205875344444,-0.20861449017515887,0.0,0.0,0.0,0.0,1.0
-0.08139804512211077,0.14972439417012048,0.7183270682402249,1.1843726982113474,0.9130619206826219,1.425426995479376,1.331292918274886,0.08985185706409143,0.5002482838465913,0.8030176707627678,1.039072908619387,-0.33176790686389773,2.397261732784227,1.4149764277421428,0.365567046490985,1.5051596218931302,-0.20861449017515887,0.0,0.0,0.0,0.0,1.0
-1.129760909780655,-0.22307929869642104,0.05719217761707968,1.8440215836519995,-0.2083527201951967,0.21439508350069938,0.25008964582802906,-1.0170587601009475,-0.2679759590518263,0.036702163899892296,7.405263461426373e-05,-0.33176790686389773,2.3783483246763897,1.4149764277421428,-0.3555123357640462,-0.1808528721850763,-0.20861449017515887,0.0,0.0,0.0,0.0,1.0
1.0476081168178597,0.2242851327434288,2.1094650672597597,1.5903104738671332,2.198278700115628,2.079384227947861,2.152206514021574,1.2819094447802872,1.9047794754083445,2.0765815885077292,2.143009193103208,-0.33176790686389773,2.3783483246763897,1.4149764277421428,1.6839040988966478,2.1245111503300227,-0.20861449017515887,0.0,0.0,0.0,0.0,1.0
1.0476081168178597,0.6716495641832786,2.3022960770248435,1.793279361695026,2.1415779598465248,2.34581124858317,2.812941847183542,1.2819094447802872,2.406582516224146,2.991994479093754,2.058091017373683,-0.33176790686389773,2.3026946922450398,1.4149764277421428,2.154912180234951,3.535256298436277,-0.20861449017515887,0.0,0.0,0.0,0.0,1.0
0.3218184412850216,0.000602917023503876,1.5447456815191565,1.793279361695026,1.3918681718439379,1.158999974844067,1.5715603121519655,0.5155867098198756,0.955492279638246,1.2008971619445612,1.3587648643070092,4.979566582058273,-0.6288835644697648,1.1829193441940056,0.7928733470865588,1.7116101313720944,1.5371594012906444,0.0,0.0,1.0,0.0,0.0
1.0476081168178597,1.1190139956231284,2.0543704930411644,1.5395682519101597,1.8013735182319055,1.4496476337189492,1.2311815041594363,1.2819094447802872,1.9978975654566375,2.3805969517375605,2.0131343361051113,-0.33176790686389773,2.264867876029365,1.4149764277421428,1.7713076603821063,2.2965532415624925,-0.20861449017515887,0.0,0.0,0.0,0.0,1.0
1.0476081168178597,3.654079107115611,2.1507859979237063,1.6410526958241063,1.939975327778602,2.0551635897082874,2.012050534259944,1.2819094447802872,1.4236693434921637,1.8621371308107586,1.9631824680289203,-0.33176790686389773,2.2081276517058526,1.2950802679089386,1.2323190312217795,1.9180606408510585,-0.20861449017515887,0.0,0.0,0.0,0.0,1.0
0.9669648195364331,0.5970888256099703,1.7375766912842405,1.336599364082267,2.002976150299828,1.3527650807606553,1.2912483526287062,1.1967624742291303,1.69009054557478,1.6250553523356615,1.8882546659146338,-0.33176790686389773,2.2081276517058526,1.4149764277421428,1.482390332138508,1.7804269678650824,-0.20861449017515887,0.0,0.0,0.0,0.0,1.0
1.0476081168178597,2.983032459955836,2.164559641478355,1.6410526958241063,1.448568912113041,1.7402952925938318,1.9920282514368541,1.2819094447802872,1.8970196345709867,2.110526655290298,1.8532883582613,4.636899840837487,-0.6288835644697648,1.4149764277421428,1.6766204687728596,1.4019343671536482,8.520254967153857,0.0,0.0,1.0,0.0,0.0
0.8863215222550066,-0.2976400372697294,1.5309720379645075,1.1843726982113474,1.687972037693699,1.1832206130836405,1.0509809587516268,1.1116155036779736,1.7909684764604308,1.3269674783237342,1.6734616331870125,-0.33176790686389773,2.0757337949509904,1.4149764277421428,1.5770775237477541,1.057850184688708,-0.20861449017515887,0.0,0.0,0.0,0.0,1.0
1.0476081168178597,4.7724901857152355,1.9441813446039733,1.4380838079962137,1.5745705571554924,1.207441251323214,1.5515380293288754,1.2819094447802872,2.0392833832558788,1.8681753929324862,1.7134231276479652,-0.33176790686389773,-0.6288835644697648,1.4149764277421428,1.8101536877089766,2.0556943138370345,-0.20861449017515887,1.0,0.0,0.0,0.0,0.0
0.8863215222550066,-0.07395782154980443,1.200404592652935,0.8799193664695076,1.448568912113041,2.4669144397810374,2.2523179281370234,1.1116155036779736,1.8659802712215556,1.7863436025801154,1.488639721305106,-0.33176790686389773,1.886599713872616,1.4149764277421428,1.647485948277707,2.3653700780554803,-0.20861449017515887,0.0,0.0,0.0,0.0,1.0
1.0476081168178597,-0.446761514416346,1.7100294041749426,1.2351149201683205,1.435968747608796,0.4081601894172876,0.43029019123583856,1.2819094447802872,1.7728621811732626,1.3126236392888035,1.5286012157660587,-0.33176790686389773,1.7920326733334286,1.4149764277421428,1.5600823867922482,1.4019343671536482,-0.20861449017515887,0.0,0.0,0.0,0.0,1.0
0.8056782249735804,0.000602917023503876,1.007573582887851,0.727692700598588,1.3981682540960603,2.1762667809061553,1.8919168373214044,1.0264685331268166,1.7676889539483573,1.6463702719503728,1.3088129962308181,-0.33176790686389773,-0.6288835644697648,1.4149764277421428,1.5552266333763898,2.0901027320835284,-0.20861449017515887,0.0,1.0,0.0,0.0,0.0
-1.2104042070620813,-0.5213222529896543,-0.30092255480379065,0.9814038103834543,-0.39105510550675143,-0.53644470192608,-0.5908462327417486,-1.1022057306521043,-0.3921334124495503,-0.4192152573355837,-0.2896467822072935,-0.33176790686389773,1.716379040902079,1.2151494946868024,-0.4720504177446574,-0.6281623093894985,-0.20861449017515887,0.0,0.0,0.0,0.0,1.0
0.40246173856644807,0.07516365559681218,0.8836107908960112,0.9306615884264812,1.0957643059941766,0.9652348689274788,1.010936393105447,0.6007336803710325,0.8235749854031642,0.686829433176212,0.8992076780060522,-0.33176790686389773,-0.6288835644697648,1.4149764277421428,0.6690516349821597,1.3331175306606602,-0.20861449017515887,0.0,0.0,0.0,1.0,0.0
1.0476081168178597,-0.5213222529896543,1.2692728104261792,0.8291771445125347,1.133564799506912,1.4980889101980963,1.6116048777981453,1.2819094447802872,1.4650551612914051,1.349125522558697,1.3737504247298666,-0.33176790686389773,-0.6288835644697648,1.4149764277421428,1.2711650585486503,0.7481744204702621,-0.20861449017515887,0.0,1.0,0.0,0.0,0.0
0.24117514400359502,1.8646213813562114,1.0213472264424999,1.2351149201683205,0.6232581370849835,0.5292633806151552,1.0710032415747168,0.43043973926871876,0.6916576911680824,0.9315467176685943,0.7543472605850983,-0.33176790686389773,1.6218120003628915,1.3350456545200067,0.5452299228777602,0.4040902380053219,-0.20861449017515887,0.0,0.0,0.0,0.0,1.0
-0.0007547478406842343,-0.07395782154980443,0.3877596229286523,0.6769504786416147,0.4909564097904093,0.6019252953338758,0.4503124740589285,0.17499882761524826,0.4226498754730137,0.4276556716891992,0.5195734806270006,-0.33176790686389773,-0.6288835644697648,1.4149764277421428,0.29273074525310305,0.025597637293887764,-0.20861449017515887,0.0,0.0,0.0,1.0,0.0
1.0476081168178597,3.0575931985291445,1.37946195886337,0.9306615884264812,1.0138632367165832,0.7956904012504641,0.6905798679360078,1.2819094447802872,1.2555394586827457,1.4921597374790858,1.2288900073089128,-0.33176790686389773,1.508331551715867,1.4149764277421428,1.0745070452063687,1.6772017131256003,-0.20861449017515887,0.0,0.0,0.0,0.0,1.0
0.3218184412850216,0.07516365559681218,0.4841751278111943,0.5247238127706951,0.6043578903286156,0.8199110394900376,0.6905798679360078,0.5155867098198756,0.9891182566001296,0.5534969265781972,0.7143857661241455,-0.33176790686389773,1.508331551715867,1.4149764277421428,0.8244357442896408,0.4040902380053219,-0.20861449017515887,0.0,0.0,0.0,0.0,1.0
-0.24268463968496384,-0.7450044687095791,0.27757047449146144,0.727692700598588,0.12555163916729983,0.43238082765686114,0.270111928651119,-0.08044208403822224,0.44334278437263436,0.3208144783221478,0.29978526109176024,-0.33176790686389773,1.470504735500192,1.4149764277421428,0.3121537589165381,0.679357583977274,-0.20861449017515887,0.0,0.0,0.0,0.0,1.0
0.6443916304107273,1.6409391656362864,1.007573582887851,0.8799193664695076,1.2343661155408734,0.2386157217402729,0.31015649429729886,0.856174592024503,1.0201576199495606,0.7842208528325441,0.8592461835450994,-0.33176790686389773,1.4137645111766797,1.0039038797425857,0.8535702647847937,0.610540747484286,-0.20861449017515887,0.0,0.0,0.0,0.0,1.0
0.9669648195364331,0.9698925184765118,1.1728573055436373,0.7784349225555611,1.2028657042802604,0.35971891293814057,0.43029019123583856,1.1967624742291303,1.7366495905989265,1.6627357555994493,1.0140969745812916,-0.33176790686389773,1.3570242868531672,1.4149764277421428,1.526092112881237,2.3997784963019746,-0.20861449017515887,0.0,0.0,0.0,0.0,1.0
0.9669648195364331,-0.22307929869642104,1.2279518797622326,0.8291771445125347,1.3099671025663442,0.11751253054240526,0.0899113832433095,1.1967624742291303,1.180527663921621,0.8360168253696149,1.0091017877736723,-0.33176790686389773,1.3570242868531672,1.2305207972295211,1.0040986206764164,0.9890333481957201,-0.20861449017515887,0.0,0.0,0.0,0.0,1.0
1.0476081168178597,0.14972439417012048,1.37946195886337,0.9306615884264812,1.448568912113041,-0.5122240636865065,-0.4106456873339391,1.2819094447802872,1.7806220220106204,1.4857417664652366,1.0340777218117678,-0.33176790686389773,1.33811087874533,1.4149764277421428,1.5673660169160368,2.1933279868230104,-0.20861449017515887,0.0,0.0,0.0,0.0,1.0
-0.6459011260920962,0.522528087036662,0.015871246953133106,0.7784349225555611,-0.12015156866548064,-0.0035906606554623782,0.270111928651119,-0.5061769367940064,-0.19555077790315392,-0.08171819120449374,-0.08484412309491043,3.094899505343954,-0.6288835644697648,1.1625634596722392,-0.2875317879420231,0.025597637293887764,1.1007159284241936,0.0,0.0,1.0,0.0,0.0
1.0476081168178597,-0.5213222529896543,0.9662526522239043,0.5754660347276684,1.221765951036628,0.8683523159691846,0.7306244335821878,1.2819094447802872,1.4366024115544267,1.158440889250882,0.9341739856593859,-0.33176790686389773,1.2435438382061426,1.4149764277421428,1.2444584147614266,1.6772017131256003,-0.20861449017515887,0.0,0.0,0.0,0.0,1.0
1.0476081168178597,3.728639845688919,1.2554991668715303,0.8291771445125347,0.95716249644748,0.5292633806151552,0.9308472618130872,1.2819094447802872,1.739236204211379,1.2767088110959588,0.9241836120441477,-0.33176790686389773,1.2246304300983053,1.4149764277421428,1.5285199895891661,0.679357583977274,-0.20861449017515887,0.0,0.0,0.0,0.0,1.0
1.0476081168178597,0.2988458713167371,0.7183270682402249,0.32175492494280217,0.9256620851868671,0.19017444526112584,0.14997823171257932,1.2819094447802872,1.1960473455963363,0.7649490443396828,0.9091980516212904,-0.33176790686389773,1.2057170219904676,0.1560667494934989,1.0186658809239928,1.5739764583861182,-0.20861449017515887,0.0,0.0,0.0,0.0,1.0
0.8863215222550066,2.983032459955836,0.7734216424588203,0.4739815908137218,0.5791575613201254,0.45660146589643463,0.7106021507590977,1.1116155036779736,1.2710591403574614,0.9908799212255905,0.7093905793165264,-0.33176790686389773,1.1111499814512804,1.2256667016897151,1.0890743054539453,0.7481744204702621,-0.20861449017515887,0.0,0.0,0.0,0.0,1.0
-0.7265444233735225,0.44796734846335373,-0.21828069347589749,0.37249714689977526,-0.27765362496854507,-0.2700176812907712,-0.3505788388646693,-0.5913239073451633,-0.23434998208994268,-0.06040073209490461,-0.2247093537082452,-0.33176790686389773,1.0733231652356057,1.4149764277421428,-0.3239499385609641,-0.11203603569208828,-0.20861449017515887,0.0,0.0,0.0,0.0,1.0
0.9669648195364331,-0.446761514416346,0.5530433455844386,0.2202704810288556,0.9382622496911123,0.9652348689274788,0.8707804133438173,1.1967624742291303,0.831334826240522,0.6086610839645754,0.7143857661241455,2.752232764123169,-0.6288835644697648,-0.9214615587510667,0.6763352651059478,0.9202165117027321,0.6642724555577427,0.0,0.0,1.0,0.0,0.0
1.0476081168178597,0.14972439417012048,0.7734216424588203,0.37249714689977526,0.837460933657151,1.1347793366044934,1.6516494434443252,1.2819094447802872,1.2270867089457673,0.9665845862834987,0.7443568869698601,-0.33176790686389773,-0.6288835644697648,0.1560667494934989,1.0478004014191455,0.81699125696325,-0.20861449017515887,0.0,0.0,0.0,1.0,0.0
1.0476081168178597,0.6716495641832786,0.7458743553495226,0.37249714689977526,0.9382622496911123,0.5777046570943023,0.6705575851129179,1.2819094447802872,1.1313820052850216,0.5409257009905225,0.739361700162241,2.7179660900010907,-0.6288835644697648,0.6356513888263158,0.9579689632257578,1.6083848766326123,-1.2269825935302106,0.0,0.0,1.0,0.0,0.0
1.0476081168178597,-0.446761514416346,0.6494588504669806,0.2710127029858289,0.8878615916741316,-0.052031937134609435,0.009822251950949719,1.2819094447802872,1.4236693434921637,0.6479460251638056,0.6594387112403354,-0.33176790686389773,0.9787561246964184,1.4149764277421428,1.2323190312217795,0.782582838716756,-0.20861449017515887,0.0,0.0,0.0,0.0,1.0
-1.3716908016249343,-0.5213222529896543,-0.5763954258967678,0.42323936885674857,-0.5926577375746739,-0.5122240636865065,-0.49073481862629886,-1.272499671754418,-0.7852986815423431,-0.6547860547312417,-0.614333924702535,-0.33176790686389773,0.9598427165885809,-0.023777490256307255,-0.8410876773499257,-0.7657959823754745,-0.20861449017515887,0.0,0.0,0.0,0.0,1.0
-1.3716908016249343,-0.446761514416346,-0.5763954258967678,0.42323936885674857,-0.49815650379283527,-0.6091066166448006,-0.6509130812110184,-1.272499671754418,-0.5964758878333045,-0.6148660952373937,-0.614333924702535,-0.33176790686389773,-0.6288835644697648,0.9353917884093262,-0.6638526776710797,-0.4217117999105344,-0.20861449017515887,1.0,0.0,0.0,0.0,0.0
0.40246173856644807,-0.5213222529896543,0.23624954382751484,0.16952825907188232,0.31455410673097717,0.4808221041360082,0.5704461709974682,0.6007336803710325,0.08897671946663033,0.194330653510065,0.28979488747652205,2.5123660452686196,-0.6288835644697648,-0.9829467689219407,-0.020465350069789393,0.06000605554038178,1.6826405589127948,0.0,0.0,1.0,0.0,0.0
0.6443916304107273,-0.22307929869642104,0.5943642762483852,0.42323936885674857,0.673658795101964,-0.34267959600949177,-0.3706011216877592,0.856174592024503,1.1831142775340735,0.5338775127126628,0.39968899724414225,-0.33176790686389773,-0.6288835644697648,1.209440153742364,1.0065264973843457,0.23204814677285185,-0.20861449017515887,1.0,0.0,0.0,0.0,0.0
1.0476081168178597,-0.5213222529896543,0.6907797811309272,0.32175492494280217,0.9697626609517251,0.2386157217402729,0.2300673630049391,1.2819094447802872,1.384870139305375,0.711719554910658,0.6044916563565254,-0.33176790686389773,0.9220159003729058,-0.26356980992271567,1.1959008806028386,2.2277364050695043,-0.20861449017515887,0.0,0.0,0.0,0.0,1.0
1.0476081168178597,0.2988458713167371,0.7458743553495226,0.37249714689977526,0.5791575613201254,0.0690712540632582,0.1299559488894894,1.2819094447802872,1.0537835969114442,0.7356768526141277,0.6044916563565254,-0.33176790686389773,0.9220159003729058,0.2759629093267032,0.8851326619878759,0.4384986562518159,-0.20861449017515887,0.0,0.0,0.0,0.0,1.0
-0.4846145315292431,-0.5958829915629625,-0.1494124757026532,0.2710127029858289,-0.2965538717249128,0.11751253054240526,0.14997823171257932,-0.3358829956916928,0.12777592365341908,0.10597160794693752,-0.17975267243967333,-0.33176790686389773,-0.6288835644697648,0.9582291521870793,0.01595280054915157,-0.1464444539385823,-0.20861449017515887,0.0,0.0,0.0,1.0,0.0
0.5637483331293008,0.2988458713167371,0.3602123358193546,0.2202704810288556,0.13185172141942242,0.335498274698567,0.33017877712038884,0.7710276214733461,-0.004141370581662696,0.2023652053348089,0.3097756347069984,-0.33176790686389773,0.8652756760493937,-0.7008381575496955,-0.10786891155524773,0.09441447378687579,-0.20861449017515887,0.0,0.0,0.0,0.0,1.0
-0.24268463968496384,-0.7450044687095791,-0.13563883214800435,0.11878603711490904,-0.05715074614425488,-0.1004732136137565,-0.07026687934141006,-0.08044208403822224,0.12777592365341908,-0.09359852982708386,-0.08983930990252953,2.3752993487803056,-0.6288835644697648,-0.0837255701729094,0.01595280054915157,0.16323131027986382,0.6642724555577427,0.0,0.0,1.0,0.0,0.0
0.40246173856644807,0.8953317799032036,0.19492861316356827,0.11878603711490904,-0.18945247343882898,0.7956904012504641,0.8107135648745475,0.6007336803710325,0.021724765542863147,0.2854142473894505,0.20987189855461647,-0.33176790686389773,-0.6288835644697648,-0.6082712694431777,-0.08359014447595377,0.26645656501934584,-0.20861449017515887,0.0,1.0,0.0,0.0,0.0
0.40246173856644807,0.8953317799032036,0.19492861316356827,0.11878603711490904,-0.18945247343882898,0.7956904012504641,0.8107135648745475,0.6007336803710325,0.021724765542863147,0.2854142473894505,0.20987189855461647,-0.33176790686389773,-0.6288835644697648,-0.6082712694431777,-0.08359014447595377,0.26645656501934584,-0.20861449017515887,0.0,1.0,0.0,0.0,0.0
0.5637483331293008,-0.5213222529896543,0.0847394647263774,-0.08418285071298388,0.02475032313333862,0.28705699821941993,0.10993366606639944,0.7710276214733461,0.9632521204756038,0.4060279550457918,0.26981414024604566,-0.33176790686389773,0.8274488598337186,0.6391777464684688,0.800156977210347,-0.1464444539385823,-0.20861449017515887,0.0,0.0,0.0,0.0,1.0
0.5637483331293008,-0.5213222529896543,0.0847394647263774,-0.08418285071298388,0.02475032313333862,0.28705699821941993,0.10993366606639944,0.7710276214733461,0.9632521204756038,0.4060279550457918,0.26981414024604566,-0.33176790686389773,-0.6288835644697648,0.6391777464684688,0.800156977210347,-0.1464444539385823,-0.20861449017515887,0.0,1.0,0.0,0.0,0.0
0.48310503584787423,-0.5213222529896543,0.13983403894497284,0.017301593200962688,0.25155328420975137,0.45660146589643463,0.4102679084127486,0.6858806509221893,0.6399254189190308,0.1369532789060007,0.16491521728604455,-0.33176790686389773,0.7517952274023688,0.5430043562279305,0.49667238871917224,1.2298922759211781,-0.20861449017515887,0.0,0.0,0.0,0.0,1.0
0.6443916304107273,-0.5958829915629625,0.18115496960891941,-0.0334406287560106,0.26415344871399654,-0.5122240636865065,-0.5107571014493888,0.856174592024503,0.37867744406131976,0.022937745439305518,0.20987189855461647,-0.33176790686389773,-0.6288835644697648,-0.6403863122556431,0.2514568412183032,0.4384986562518159,-0.20861449017515887,1.0,0.0,0.0,0.0,0.0
-1.9361938825949196,-0.6704437301362709,-0.9620574454269358,-0.28715173854087683,-1.0021630839626414,-0.7302098078426682,-0.7910690609726481,-1.8685284656125158,-1.1810505642475886,-0.9703426182312987,-0.9290306935825383,-0.33176790686389773,-0.6288835644697648,-0.9829467689219407,-1.2125528136631236,-1.0066549101009326,-0.20861449017515887,1.0,0.0,0.0,0.0,0.0
0.7250349276921538,0.8207710413298952,0.3464386922647057,0.11878603711490904,0.6421583838413512,0.02062997758411115,0.1299559488894894,0.9413215625756598,0.7511498042544918,0.2987879942150964,0.20987189855461647,2.03263260755952,-0.6288835644697648,0.14940585172498758,0.6010710871601362,1.2643006941676722,-1.2269825935302106,0.0,0.0,1.0,0.0,0.0
0.3218184412850216,2.013742858502828,0.09851310828102626,0.06804381515793598,0.11925155691517726,-0.5122240636865065,-0.43066797015702907,0.5155867098198756,0.4252364890854663,0.10630903590144224,0.035040360287947964,-0.33176790686389773,0.6761415949710191,1.4149764277421428,0.29515862196103226,0.33527340151233387,-0.20861449017515887,0.0,0.0,0.0,0.0,1.0
0.9669648195364331,-0.2976400372697294,0.20870225671821713,-0.13492507266995718,0.20115262619277077,-0.22157640481162413,-0.25046742474921957,1.1967624742291303,0.9322127571261728,0.3526082834592537,0.26481895343842654,-0.33176790686389773,0.6383147787553443,-0.9214615587510667,0.7710224567151941,-0.21526129043157033,-0.20861449017515887,0.0,0.0,0.0,0.0,1.0
0.8056782249735804,-0.07395782154980443,0.23624954382751484,-0.0334406287560106,0.3712548470000803,-0.3669002342490653,-0.3505788388646693,1.0264685331268166,0.5493939424831903,0.11037687284160687,0.18489596451652096,1.9298325851932845,-0.6288835644697648,-0.3996681535171636,0.4116967039416433,0.5073154927448039,0.22782898269129193,0.0,0.0,1.0,0.0,0.0
-0.3233279369663904,-0.446761514416346,-0.3835644161316838,-0.23640951658390352,-0.3406544474897708,-0.12469385185333003,-0.05024459651832011,-0.1655890545893791,-0.14123189204164965,-0.2696794934929878,-0.28465159539967444,-0.33176790686389773,0.6004879625396693,0.5809161854242008,-0.23654637707550574,0.025597637293887764,-0.20861449017515887,0.0,0.0,0.0,0.0,1.0
1.0476081168178597,2.983032459955836,0.30511776160075915,-0.0334406287560106,0.42165550501706095,-0.41534151072821235,-0.3706011216877592,1.2819094447802872,0.8856537121020263,0.2694981113630569,0.23984301940033104,-0.33176790686389773,0.5815745544318319,0.6356513888263158,0.727320675972465,-0.00881078095260625,-0.20861449017515887,0.0,0.0,0.0,0.0,1.0
1.0476081168178597,0.2988458713167371,0.1536076824996217,-0.18566729462693024,0.1885524616885256,0.19017444526112584,0.029844534774039665,1.2819094447802872,1.2348465497831251,0.379865840032784,0.21486708536223556,-0.33176790686389773,0.5626611463239943,-0.0837255701729094,1.0550840315429337,-0.28407812692455836,-0.20861449017515887,0.0,0.0,0.0,0.0,1.0
0.16053184672216847,-0.5213222529896543,-0.1494124757026532,-0.18566729462693024,-0.06345082839637746,0.14173316878197878,0.14997823171257932,0.3452927687175619,0.4717955341096128,0.1552502462309197,-0.13979117797872054,-0.33176790686389773,0.543747738216157,0.6707933667084618,0.3388604027037614,0.09441447378687579,-0.20861449017515887,0.0,0.0,0.0,0.0,1.0
0.8863215222550066,0.9698925184765118,0.2500231873821637,-0.0334406287560106,0.16335213268003532,-0.22157640481162413,0.0899113832433095,1.1116155036779736,1.043437142461634,0.597696359215072,0.10497297559461535,1.7242325404608134,-0.6288835644697648,0.7208407655499081,0.8754211551561585,0.4384986562518159,2.846489819889997,0.0,0.0,1.0,0.0,0.0
0.9669648195364331,-0.3722007758430377,0.18115496960891941,-0.13492507266995718,0.11925155691517726,0.21439508350069938,0.21004508018184917,1.1967624742291303,-0.05587364283071438,-0.013441836129111108,0.11995853601747265,-0.33176790686389773,0.4870075138926447,-0.7984911384093188,-0.15642644571383568,0.26645656501934584,-0.20861449017515887,0.0,0.0,0.0,0.0,1.0
1.0476081168178597,-0.5958829915629625,0.05719217761707968,-0.28715173854087683,0.3775549292522029,-0.29423831953034474,-0.3706011216877592,1.2819094447802872,0.7071773728427979,0.1002349298531815,0.13494409644032995,-0.33176790686389773,0.4870075138926447,0.21601482941010103,0.5597971831253368,-0.1808528721850763,-0.20861449017515887,0.0,0.0,0.0,0.0,1.0
0.40246173856644807,-0.5213222529896543,-0.06677061437476005,-0.18566729462693024,-0.12015156866548064,-0.0035906606554623782,0.04986681759712961,0.6007336803710325,0.4511026252099921,0.10631155385863446,-0.09982968351776773,-0.33176790686389773,0.4680941057848071,1.0403009282633797,0.31943738904032626,0.3008649832658399,-0.20861449017515887,0.0,0.0,0.0,0.0,1.0
0.24117514400359502,-0.5958829915629625,-0.20450704992124863,-0.28715173854087683,-0.24615321370793217,0.09329189230283173,-0.03022231369523017,0.43043973926871876,-0.5214640930721796,-0.26272117003945533,-0.15977192520919692,-0.33176790686389773,0.4680941057848071,-0.7431544492555324,-0.5934442531411273,-0.043219199199100264,-0.20861449017515887,0.0,0.0,0.0,0.0,1.0
1.0476081168178597,-0.5213222529896543,0.1536076824996217,-0.18566729462693024,0.22635295520126106,-0.46378278720735944,-0.4106456873339391,1.2819094447802872,0.39419712573603527,-0.0017318551698482078,0.11496334920985356,1.6556991922166564,-0.6288835644697648,-0.9829467689219407,0.26602410146587946,0.23204814677285185,1.1007159284241936,0.0,0.0,1.0,0.0,0.0
0.6443916304107273,-0.2976400372697294,-0.03922332726546233,-0.23640951658390352,0.26415344871399654,-0.07625257537418297,0.009822251950949719,0.856174592024503,0.26227983150095346,0.11740153973446628,-0.04987781544157673,-0.33176790686389773,0.4302672895691322,0.2502708750767307,0.1422023893614803,0.610540747484286,-0.20861449017515887,0.0,0.0,0.0,0.0,1.0
0.5637483331293008,-0.6704437301362709,-0.19073340636659977,-0.3886361824548233,-0.05715074614425488,-0.34267959600949177,-0.39062340451084915,0.7710276214733461,0.060523969729651905,-0.24943153938968943,-0.08484412309491043,1.5871658439724992,-0.6288835644697648,-0.9124196160788794,-0.0471719938570128,-0.21526129043157033,0.5187912979355925,0.0,0.0,1.0,0.0,0.0
0.40246173856644807,-0.5213222529896543,-0.20450704992124863,-0.3378939604978501,-0.0508506638921323,-0.6091066166448006,-0.6308907983879285,0.6007336803710325,-0.20848384596541683,-0.33823053681079246,-0.15477673840157782,-0.33176790686389773,0.4113538814612948,-0.9080116690261881,-0.2996711714816701,0.06000605554038178,-0.20861449017515887,0.0,0.0,0.0,0.0,1.0
-0.7265444233735225,-0.6704437301362709,-0.6177163565607144,-0.4393784044117966,-0.561157326314061,-0.4880034254469329,-0.5107571014493888,-0.5913239073451633,-0.5964758878333045,-0.5767014273012171,-0.564382056626344,-0.33176790686389773,-0.6288835644697648,-0.9829467689219407,-0.6638526776710797,-0.8346128188684625,-0.20861449017515887,0.0,0.0,0.0,1.0,0.0
-0.5652578288106697,-0.5958829915629625,-0.5213008516781724,-0.3378939604978501,-0.5107566682970804,-0.34267959600949177,-0.43066797015702907,-0.4210299662428496,-0.829271112954037,-0.6315977605069221,-0.514430188550153,-0.33176790686389773,0.3546136571377825,-0.9829467689219407,-0.8823615813847255,-0.5593454728965105,-0.20861449017515887,0.0,0.0,0.0,0.0,1.0
0.8863215222550066,-0.2976400372697294,-0.03922332726546233,-0.3378939604978501,0.11925155691517726,-0.3184589577699182,-0.31053427321848937,1.1116155036779736,0.4097168074107508,0.016251096456307335,-0.054873002249195835,-0.33176790686389773,0.3546136571377825,-0.09950138067727841,0.28059136171345606,-0.11203603569208828,-0.20861449017515887,0.0,0.0,0.0,0.0,1.0
0.8056782249735804,0.522528087036662,0.07096582117172855,-0.18566729462693024,-0.10125132190911292,-0.3184589577699182,-0.15035601063376983,1.0264685331268166,0.4899018293967809,0.03160049850889257,-0.10982005713300592,-0.33176790686389773,0.31678684092210757,-0.14043321333726266,0.35585553965926725,0.713766002223768,-0.20861449017515887,0.0,0.0,0.0,0.0,1.0
0.8056782249735804,1.0444532570498202,-0.025449683710813468,-0.28715173854087683,-0.1579520621782161,-0.14891449009290356,0.029844534774039665,1.0264685331268166,-0.10501930146731348,-0.07715702371677774,-0.14478636478633963,1.313032450995871,-0.6288835644697648,-0.9829467689219407,-0.2025561031644942,0.025597637293887764,1.2461970860463438,0.0,0.0,1.0,0.0,0.0
0.7250349276921538,-0.5213222529896543,-0.19073340636659977,-0.4393784044117966,-0.06345082839637746,-0.14891449009290356,-0.1303337278106799,0.9413215625756598,-0.31970823130087794,-0.3525700430524213,-0.16976229882443514,-0.33176790686389773,-0.6288835644697648,-0.9829467689219407,-0.40406986992263416,-0.21526129043157033,-0.20861449017515887,1.0,0.0,0.0,0.0,0.0
0.9669648195364331,0.14972439417012048,-0.10809154503870662,-0.4393784044117966,-0.038250499387887146,0.35971891293814057,0.31015649429729886,1.1967624742291303,0.3553979215492465,0.17100235746896691,-0.09982968351776773,-0.33176790686389773,0.2789600247064326,-0.42957987738407527,0.2296059508469385,0.1288228920333698,-0.20861449017515887,0.0,0.0,0.0,0.0,1.0
0.9669648195364331,0.14972439417012048,-0.1494124757026532,-0.4393784044117966,0.3271542712352223,0.0690712540632582,0.04986681759712961,1.1967624742291303,0.08639010585417775,-0.26260270610022574,-0.09982968351776773,1.313032450995871,-0.6288835644697648,-0.737005928238445,-0.022893226777718826,-0.1808528721850763,-1.954388381640962,0.0,0.0,1.0,0.0,0.0
0.24117514400359502,-0.07395782154980443,-0.30092255480379065,-0.3886361824548233,-0.17685230893458384,-0.46378278720735944,-0.47071253580320893,0.43043973926871876,0.2674530587258586,-0.26820481422629106,-0.34459383709110364,1.244499102751714,-0.6288835644697648,1.0153225616314623,0.147058142777339,-0.1464444539385823,0.08234782506914168,0.0,0.0,1.0,0.0,0.0
0.9669648195364331,1.7154999042095949,-0.1494124757026532,-0.4393784044117966,-0.3280542829855257,0.2386157217402729,0.39024562558965864,1.1967624742291303,0.17950819590247077,0.0728915567754103,-0.15477673840157782,1.2102324286296358,-0.6288835644697648,-0.9829467689219407,0.06451033470773952,-0.1464444539385823,3.137452135134297,0.0,0.0,1.0,0.0,0.0
1.0476081168178597,0.000602917023503876,-0.1494124757026532,-0.49012062636876974,-0.14535189767397094,-0.3184589577699182,-0.31053427321848937,1.2819094447802872,0.45886246604734987,0.06777792220965713,-0.14478636478633963,-0.33176790686389773,-0.6288835644697648,-0.9829467689219407,0.3267210191641144,-0.4905286364035224,-0.20861449017515887,0.0,0.0,0.0,1.0,0.0
0.07988854944074195,-0.22307929869642104,-0.3973380596863327,-0.4393784044117966,-0.44145576352373206,-0.584885978405227,-0.5908462327417486,0.2601457981664051,-0.3041885496261625,-0.5169580898057442,-0.4245168260130092,-0.33176790686389773,0.20330639227508293,-0.5547461980890687,-0.3895026096750579,-0.1464444539385823,-0.20861449017515887,0.0,0.0,0.0,0.0,1.0
0.7250349276921538,-0.2976400372697294,-0.25960162413984406,-0.49012062636876974,-0.29025378947279024,-0.3669002342490653,-0.4106456873339391,0.9413215625756598,0.021724765542863147,-0.2256317020556214,-0.2796564085920553,-0.33176790686389773,-0.6288835644697648,-0.9829467689219407,-0.08359014447595377,0.09441447378687579,-0.20861449017515887,0.0,0.0,0.0,1.0,0.0
1.0476081168178597,-0.5213222529896543,-0.23205433703054634,-0.540862848325743,-0.35955469424613856,0.2386157217402729,0.17000051453566928,1.2819094447802872,0.06569719695455707,-0.052068766062821466,-0.21471898009300702,1.0731657321413215,-0.6288835644697648,-0.8031025291721344,-0.04231624044115394,0.16323131027986382,1.5371594012906444,0.0,0.0,1.0,0.0,0.0
0.5637483331293008,0.07516365559681218,-0.27337526769449294,-0.49012062636876974,-0.4162554345152418,-0.34267959600949177,-0.11031144498758995,0.7710276214733461,-0.1179523695295764,-0.23015980486196833,-0.36457458432158,-0.33176790686389773,-0.6288835644697648,0.4981234407823462,-0.2146954867041412,-0.1808528721850763,-0.20861449017515887,0.0,0.0,0.0,1.0,0.0
-0.3233279369663904,-0.2976400372697294,-0.5626217823421189,-0.540862848325743,-0.6619586423480223,-0.6091066166448006,-0.6308907983879285,-0.1655890545893791,-0.6275152511827354,-0.5849689839955488,-0.5693772434339631,-0.33176790686389773,0.1276527598437331,-0.9829467689219407,-0.6929871981662326,-0.4561202181570284,-0.20861449017515887,0.0,0.0,0.0,0.0,1.0
-0.6459011260920962,-0.22307929869642104,-0.6177163565607144,-0.49012062636876974,-0.7564598761298609,-0.5606653401656535,-0.5107571014493888,-0.5061769367940064,-0.8810033852030887,-0.6751063686798766,-0.6592906059711069,1.0046323838971645,-0.6288835644697648,-0.9829467689219407,-0.9309191155433135,-1.0410633283474267,1.1007159284241936,0.0,0.0,1.0,0.0,0.0
0.8056782249735804,-0.3722007758430377,-0.3146961983584395,-0.5916050702827164,-0.2146528024473193,-0.7059891696030947,-0.7710467781495581,1.0264685331268166,-0.027420893093735955,-0.40633208071999943,-0.30962752943776994,-0.33176790686389773,0.10873935173589562,-0.8533292988319903,-0.12971980192661228,-0.5249370546500164,-0.20861449017515887,0.0,0.0,0.0,0.0,1.0
-1.3716908016249343,-0.6704437301362709,-0.8380946534350961,-0.540862848325743,-0.888761603424435,-0.7302098078426682,-0.7710467781495581,-1.272499671754418,-1.0336135883377913,-0.9129712908659435,-0.8391173310453945,-0.33176790686389773,-0.6288835644697648,-0.9829467689219407,-1.0741638413111478,-1.0410633283474267,-0.20861449017515887,0.0,1.0,0.0,0.0,0.0
-0.9684743152178019,-0.6704437301362709,-0.7830000792165007,-0.6423472922396894,-0.7312595471213705,-0.4880034254469329,-0.49073481862629886,-0.8467648189986338,-0.8163380448917741,-0.7721320734087809,-0.7492039685082507,-0.33176790686389773,-0.6288835644697648,-0.8230852224776685,-0.8702221978450786,-0.6969791458824866,-0.20861449017515887,0.0,1.0,0.0,0.0,0.0
-0.9684743152178019,-0.6704437301362709,-0.7830000792165007,-0.6423472922396894,-0.7312595471213705,-0.4880034254469329,-0.49073481862629886,-0.8467648189986338,-0.8163380448917741,-0.7721320734087809,-0.7492039685082507,-0.33176790686389773,-0.6288835644697648,-0.8230852224776685,-0.8702221978450786,-0.6969791458824866,-0.20861449017515887,0.0,1.0,0.0,0.0,0.0
0.9669648195364331,-0.22307929869642104,-0.25960162413984406,-0.540862848325743,-0.38475502325462885,-0.22157640481162413,-0.33055655604157935,1.1967624742291303,-0.5085310250099166,-0.356179351861416,-0.3046323426301508,0.9360990356530076,-0.6288835644697648,-0.9829467689219407,-0.5813048696014803,-0.8690212371149566,1.8281217165349448,0.0,0.0,1.0,0.0,0.0
1.0476081168178597,0.14972439417012048,-0.27337526769449294,-0.5916050702827164,-0.044550581640009725,-0.12469385185333003,-0.0902891621645,1.2819094447802872,0.1769215822900182,-0.10277399543577212,-0.2896467822072935,-0.33176790686389773,-0.6288835644697648,-0.6232582894223281,0.06208245799981009,0.679357583977274,-0.20861449017515887,0.0,0.0,0.0,1.0,0.0
0.7250349276921538,-0.3722007758430377,-0.3146961983584395,-0.540862848325743,-0.12645165091760321,-0.7302098078426682,-0.7109799296802882,0.9413215625756598,-0.23693659570239528,-0.45111098045275283,-0.3745649579368182,0.9360990356530076,-0.6288835644697648,-0.9829467689219407,-0.32637781526889353,-0.6969791458824866,-0.0631333325530086,0.0,0.0,1.0,0.0,0.0
-1.2910475043435077,-0.7450044687095791,-0.8656419405443938,-0.6930895141966628,-0.844661027659577,-0.7786510843218153,-0.811091343795738,-1.1873527012032612,-1.077586019749485,-0.9287301783279663,-0.8341221442377754,-0.33176790686389773,0.05199912741238331,-0.9829467689219407,-1.1154377453459476,-0.9378380736079446,-0.20861449017515887,0.0,0.0,0.0,0.0,1.0
0.16053184672216847,-0.5213222529896543,-0.5488481387874701,-0.6930895141966628,-0.5044565860449578,-0.46378278720735944,-0.49073481862629886,0.3452927687175619,-0.5007711841725588,-0.5607682101835932,-0.5094350017425339,-0.33176790686389773,-0.6288835644697648,-0.7348857485773804,-0.574021239477692,-0.6625707276359925,-0.20861449017515887,0.0,1.0,0.0,0.0,0.0
0.16053184672216847,-0.5213222529896543,-0.5488481387874701,-0.6930895141966628,-0.5044565860449578,-0.46378278720735944,-0.49073481862629886,0.3452927687175619,-0.5007711841725588,-0.5607682101835932,-0.5094350017425339,-0.33176790686389773,-0.6288835644697648,-0.7348857485773804,-0.574021239477692,-0.6625707276359925,-0.20861449017515887,0.0,1.0,0.0,0.0,0.0
-0.5652578288106697,-0.6704437301362709,-0.7003582178886075,-0.6423472922396894,-0.7942603696425964,-0.3911208724886388,-0.39062340451084915,-0.4210299662428496,-0.8525506354661103,-0.6788197971521555,-0.6742761663939641,0.9018323615309288,-0.6288835644697648,-0.9829467689219407,-0.9042124717560901,-0.4561202181570284,0.3733101403134423,0.0,0.0,1.0,0.0,0.0
1.0476081168178597,2.5356680285159863,-0.12186518859335548,-0.4393784044117966,-0.44145576352373206,-0.7302098078426682,-0.6709353640341084,1.2819094447802872,1.3874567529178277,0.20291676812617052,-0.3346034634758654,-0.33176790686389773,-0.6288835644697648,0.995339868325928,1.1983287573107682,0.8858080934562381,-0.20861449017515887,0.0,0.0,0.0,1.0,0.0
0.5637483331293008,0.000602917023503876,-0.4799799210142258,-0.6930895141966628,-0.397355187758874,-0.4880034254469329,-0.49073481862629886,0.7710276214733461,-0.41541293496162357,-0.4278147046508883,-0.4694735072815811,-0.33176790686389773,-0.00474109691112909,-0.8418924632358181,-0.4939013081160219,-0.5249370546500164,-0.20861449017515887,0.0,0.0,0.0,0.0,1.0
0.5637483331293008,0.000602917023503876,-0.4799799210142258,-0.6930895141966628,-0.397355187758874,-0.4880034254469329,-0.49073481862629886,0.7710276214733461,-0.41541293496162357,-0.4278147046508883,-0.4694735072815811,-0.33176790686389773,-0.00474109691112909,-0.8418924632358181,-0.4939013081160219,-0.5249370546500164,-0.20861449017515887,0.0,0.0,0.0,0.0,1.0
0.8863215222550066,-0.5213222529896543,-0.4799799210142258,-0.743831736153636,-0.3406544474897708,-0.6091066166448006,-0.6108685155648386,1.1116155036779736,0.14846883255303978,-0.32898418512354394,-0.4195216392053901,-0.33176790686389773,-0.02365450501896647,-0.7305338008520372,0.03537581421258668,-0.6281623093894985,-0.20861449017515887,0.0,0.0,0.0,0.0,1.0
-1.69426399075064,-0.7450044687095791,-0.9758310889815848,-0.8960584020245557,-1.0273634129711318,-0.7786510843218153,-0.8311136266188279,-1.6130875539590452,-1.258648972621166,-1.0205737945624638,-0.9490114408130147,-0.33176790686389773,-0.09930813745031633,-0.9829467689219407,-1.2853891149010055,-1.1442885830869087,-0.20861449017515887,0.0,0.0,0.0,0.0,1.0
-0.4846145315292431,-0.07395782154980443,-0.8105473663257984,-0.8960584020245557,-0.8257607809032093,-0.34267959600949177,-0.0902891621645,-0.3358829956916928,-0.9534285663517611,-0.8193277996756168,-0.7541991553158698,-0.33176790686389773,-0.6288835644697648,-0.9829467689219407,-0.9988996633653365,-0.8002044006219685,-0.20861449017515887,0.0,0.0,0.0,1.0,0.0
0.40246173856644807,-0.2976400372697294,-0.6314900001153633,-0.8453161800675826,-0.397355187758874,-0.6333272548843741,-0.6909576468571983,0.6007336803710325,-0.27314918627673146,-0.5819193425181329,-0.6093387378949159,-0.33176790686389773,-0.11822154555815372,-0.45840106965167243,-0.36036808917990504,-0.4561202181570284,-0.20861449017515887,0.0,0.0,0.0,0.0,1.0
0.16053184672216847,-0.6704437301362709,-0.7003582178886075,-0.8453161800675826,-0.6871589713565125,-0.3184589577699182,-0.33055655604157935,0.3452927687175619,-0.5395703883593476,-0.6201474860894306,-0.6542954191634878,-0.33176790686389773,-0.6288835644697648,-0.9829467689219407,-0.6104393900966331,-0.28407812692455836,-0.20861449017515887,0.0,0.0,0.0,1.0,0.0
0.8056782249735804,1.0444532570498202,-0.5488481387874701,-0.7945739581106093,-0.517056750549203,-0.3669002342490653,-0.3706011216877592,1.0264685331268166,-0.3016019360137099,-0.44505099250433666,-0.5593868698187249,0.5591656203101438,-0.6288835644697648,-0.7237118287420398,-0.38707473296712847,-0.4217117999105344,0.3733101403134423,0.0,0.0,1.0,0.0,0.0
-0.4846145315292431,-0.5958829915629625,-0.7830000792165007,-0.8453161800675826,-0.8320608631553318,-0.53644470192608,-0.5508016670955688,-0.3358829956916928,-0.8344443401789422,-0.7792782401780746,-0.769184715738727,-0.33176790686389773,-0.15604836177382864,-0.18363903670057957,-0.8872173348005844,-0.6969791458824866,-0.20861449017515887,0.0,0.0,0.0,0.0,1.0
1.0476081168178597,0.000602917023503876,-0.7003582178886075,-0.9975428459385022,-0.5548572440619385,-0.12469385185333003,-0.2304451419261296,1.2819094447802872,0.10190978752889325,-0.18611539210312342,-0.564382056626344,0.4906322720659867,-0.6288835644697648,-0.20362173000611355,-0.008325966530142405,-0.5937538911430045,2.1190840317792454,0.0,0.0,1.0,0.0,0.0
0.40246173856644807,-0.3722007758430377,-0.6314900001153633,-0.8453161800675826,-0.4351556812716095,-0.8755336372801094,-0.8511359094419179,0.6007336803710325,-0.6275152511827354,-0.7258891949163891,-0.6592906059711069,-0.33176790686389773,-0.19387517798950357,-0.9829467689219407,-0.6929871981662326,-0.24966970867806434,-0.20861449017515887,0.0,0.0,0.0,0.0,1.0
0.48310503584787423,-0.22307929869642104,-0.7003582178886075,-0.8960584020245557,-0.7186593826171255,-0.29423831953034474,-0.2704897075723095,0.6858806509221893,-0.6611412281446191,-0.6070921898989149,-0.6542954191634878,0.45636559794390813,-0.6288835644697648,-0.9829467689219407,-0.7245495953693147,-0.5593454728965105,0.5187912979355925,0.0,0.0,1.0,0.0,0.0
-1.69426399075064,-0.7450044687095791,-0.9896047325362336,-0.946800623981529,-1.0021630839626414,-0.7544304460822417,-0.7710467781495581,-1.6130875539590452,-1.1525978145106102,-1.014625068755928,-0.9689921880434911,-0.33176790686389773,-0.21278858609734094,-0.9829467689219407,-1.1858461698759002,-0.9722464918544386,-0.20861449017515887,0.0,0.0,0.0,0.0,1.0
-1.69426399075064,-0.7450044687095791,-0.9896047325362336,-0.946800623981529,-1.0021630839626414,-0.7544304460822417,-0.7710467781495581,-1.6130875539590452,-1.1525978145106102,-1.014625068755928,-0.9689921880434911,-0.33176790686389773,-0.6288835644697648,-0.9829467689219407,-1.1858461698759002,-0.9722464918544386,-0.20861449017515887,0.0,1.0,0.0,0.0,0.0
1.0476081168178597,2.1628643356494446,-0.5488481387874701,-0.8453161800675826,-0.5674574085661835,-0.6575478931239477,-0.5508016670955688,1.2819094447802872,0.7149372136801557,0.008305576385657385,-0.6043435510872968,-0.33176790686389773,-0.21278858609734094,0.3359109892433053,0.5670808132491248,-0.5937538911430045,-0.20861449017515887,0.0,0.0,0.0,0.0,1.0
-1.0491176124992285,-0.6704437301362709,-0.8656419405443938,-0.8453161800675826,-0.8761614389201898,-0.8028717225613888,-0.7910690609726481,-0.9319117895497906,-1.1086253830989161,-0.9667969429738209,-0.8890691991215854,0.38783224969975116,-0.6288835644697648,-0.9829467689219407,-1.1445722658411004,-1.0066549101009326,-0.3540956477973092,0.0,0.0,1.0,0.0,0.0
-0.6459011260920962,-0.7450044687095791,-0.8656419405443938,-0.946800623981529,-0.8635612744159447,-0.8028717225613888,-0.7910690609726481,-0.5061769367940064,-1.0051608386008128,-0.943015721959592,-0.8391173310453945,-0.33176790686389773,-0.6288835644697648,-0.9829467689219407,-1.0474571975239244,-1.0066549101009326,-0.20861449017515887,0.0,0.0,0.0,1.0,0.0
-0.6459011260920962,-0.7450044687095791,-0.8656419405443938,-0.946800623981529,-0.8635612744159447,-0.8028717225613888,-0.7910690609726481,-0.5061769367940064,-1.0051608386008128,-0.943015721959592,-0.8391173310453945,-0.33176790686389773,-0.6288835644697648,-0.9829467689219407,-1.0474571975239244,-1.0066549101009326,-0.20861449017515887,0.0,1.0,0.0,0.0,0.0
-0.6459011260920962,-0.7450044687095791,-0.8656419405443938,-0.946800623981529,-0.8635612744159447,-0.8028717225613888,-0.7910690609726481,-0.5061769367940064,-1.0051608386008128,-0.943015721959592,-0.8391173310453945,-0.33176790686389773,-0.6288835644697648,-0.9829467689219407,-1.0474571975239244,-1.0066549101009326,-0.20861449017515887,0.0,1.0,0.0,0.0,0.0
-0.6459011260920962,-0.7450044687095791,-0.8656419405443938,-0.946800623981529,-0.8635612744159447,-0.8028717225613888,-0.7910690609726481,-0.5061769367940064,-1.0051608386008128,-0.943015721959592,-0.8391173310453945,-0.33176790686389773,-0.6288835644697648,-0.9829467689219407,-1.0474571975239244,-1.0066549101009326,-0.20861449017515887,0.0,1.0,0.0,0.0,0.0
-0.6459011260920962,-0.7450044687095791,-0.8656419405443938,-0.946800623981529,-0.8635612744159447,-0.8028717225613888,-0.7910690609726481,-0.5061769367940064,-1.0051608386008128,-0.943015721959592,-0.8391173310453945,-0.33176790686389773,-0.6288835644697648,-0.9829467689219407,-1.0474571975239244,-1.0066549101009326,-0.20861449017515887,0.0,1.0,0.0,0.0,0.0
-1.69426399075064,-0.5958829915629625,-0.9620574454269358,-0.7945739581106093,-0.9895629194583963,-0.8755336372801094,-0.9112027579111877,-1.6130875539590452,-1.2120899275970194,-1.0299502045234294,-0.9739873748511102,-0.33176790686389773,-0.2506154023130159,-0.9829467689219407,-1.2416873341582764,-1.0410633283474267,-0.20861449017515887,0.0,0.0,0.0,0.0,1.0
-1.69426399075064,-0.5958829915629625,-0.9620574454269358,-0.7945739581106093,-0.9895629194583963,-0.8755336372801094,-0.9112027579111877,-1.6130875539590452,-1.2120899275970194,-1.0299502045234294,-0.9739873748511102,-0.33176790686389773,-0.6288835644697648,-0.9829467689219407,-1.2416873341582764,-1.0410633283474267,-0.20861449017515887,0.0,1.0,0.0,0.0,0.0
-1.7749072880320667,-0.6704437301362709,-0.9758310889815848,-0.7945739581106093,-0.9958630017105188,-0.8755336372801094,-0.9112027579111877,-1.6982345245102022,-1.214676541209472,-1.0628873370288736,-0.9839777484663483,-0.33176790686389773,-0.6288835644697648,-0.9829467689219407,-1.2441152108662057,-0.9722464918544386,-0.20861449017515887,0.0,1.0,0.0,0.0,0.0
0.07988854944074195,-0.7450044687095791,-0.755452792107203,-0.8960584020245557,-0.6556585600958996,-0.6091066166448006,-0.5107571014493888,0.2601457981664051,-0.46714520721067526,-0.5996839148811556,-0.7591943421234889,-0.33176790686389773,-0.2506154023130159,-0.9829467689219407,-0.5424588422746098,-0.5937538911430045,-0.20861449017515887,0.0,0.0,0.0,0.0,1.0
0.07988854944074195,-0.7450044687095791,-0.755452792107203,-0.8960584020245557,-0.6556585600958996,-0.6091066166448006,-0.5107571014493888,0.2601457981664051,-0.46714520721067526,-0.5996839148811556,-0.7591943421234889,-0.33176790686389773,-0.6288835644697648,-0.9829467689219407,-0.5424588422746098,-0.5937538911430045,-0.20861449017515887,0.0,1.0,0.0,0.0,0.0
0.24117514400359502,-0.5213222529896543,-0.755452792107203,-0.946800623981529,-0.6367583133395319,-0.584885978405227,-0.6308907983879285,0.43043973926871876,-0.5473302291967054,-0.7679157118524911,-0.7442087817006315,-0.33176790686389773,-0.26952881042085336,-0.9030159956998046,-0.6177230202204212,-0.4217117999105344,-0.20861449017515887,0.0,0.0,0.0,0.0,1.0
-1.0491176124992285,-0.5213222529896543,-0.9069628712083404,-0.946800623981529,-0.9706626727020286,-0.7059891696030947,-0.7510244953264682,-0.9319117895497906,-1.134491519223442,-0.9459153718546693,-0.8990595727368237,-0.33176790686389773,-0.26952881042085336,-0.9829467689219407,-1.1688510329203943,-1.0410633283474267,-0.20861449017515887,0.0,0.0,0.0,0.0,1.0
-1.0491176124992285,-0.5213222529896543,-0.9069628712083404,-0.946800623981529,-0.9706626727020286,-0.7059891696030947,-0.7510244953264682,-0.9319117895497906,-1.134491519223442,-0.9459153718546693,-0.8990595727368237,-0.33176790686389773,-0.6288835644697648,-0.9829467689219407,-1.1688510329203943,-1.0410633283474267,-0.20861449017515887,0.0,1.0,0.0,0.0,0.0
-1.0491176124992285,-0.5213222529896543,-0.9069628712083404,-0.946800623981529,-0.9706626727020286,-0.7059891696030947,-0.7510244953264682,-0.9319117895497906,-1.134491519223442,-0.9459153718546693,-0.8990595727368237,-0.33176790686389773,-0.6288835644697648,-0.9829467689219407,-1.1688510329203943,-1.0410633283474267,-0.20861449017515887,0.0,1.0,0.0,0.0,0.0
-1.129760909780655,-0.3722007758430377,-0.9069628712083404,-0.8960584020245557,-0.9391622614414156,-0.7544304460822417,-0.7510244953264682,-1.0170587601009475,-1.103452155874011,-0.9473322214645922,-0.9090499463520619,-0.33176790686389773,-0.26952881042085336,-0.9829467689219407,-1.1397165124252417,-0.9378380736079446,-0.20861449017515887,0.0,0.0,0.0,0.0,1.0
-1.129760909780655,-0.3722007758430377,-0.9069628712083404,-0.8960584020245557,-0.9391622614414156,-0.7544304460822417,-0.7510244953264682,-1.0170587601009475,-1.103452155874011,-0.9473322214645922,-0.9090499463520619,-0.33176790686389773,-0.26952881042085336,-0.9829467689219407,-1.1397165124252417,-0.9378380736079446,-0.20861449017515887,0.0,0.0,0.0,0.0,1.0
-1.3716908016249343,-0.6704437301362709,-0.9620574454269358,-0.9975428459385022,-0.9958630017105188,-0.8028717225613888,-0.8511359094419179,-1.272499671754418,-1.1500112008981576,-0.9899648635766767,-0.9440162540053956,-0.33176790686389773,-0.6288835644697648,-0.9829467689219407,-1.1834182931679709,-0.9378380736079446,-0.20861449017515887,0.0,1.0,0.0,0.0,0.0
-1.2104042070620813,-0.6704437301362709,-0.9345101583176382,-0.946800623981529,-0.9580625081977834,-0.8028717225613888,-0.7510244953264682,-1.1022057306521043,-1.0931057014242007,-0.9528260804312897,-0.9290306935825383,-0.33176790686389773,-0.6288835644697648,-0.9829467689219407,-1.1300050055935242,-0.8346128188684625,-0.20861449017515887,0.0,1.0,0.0,0.0,0.0
-1.2104042070620813,-0.6704437301362709,-0.9345101583176382,-0.946800623981529,-0.9580625081977834,-0.8028717225613888,-0.7510244953264682,-1.1022057306521043,-1.0931057014242007,-0.9528260804312897,-0.9290306935825383,-0.33176790686389773,-0.6288835644697648,-0.9829467689219407,-1.1300050055935242,-0.8346128188684625,-0.20861449017515887,0.0,1.0,0.0,0.0,0.0
-0.5652578288106697,-0.22307929869642104,-0.8794155840990427,-0.9975428459385022,-0.8761614389201898,-0.7544304460822417,-0.7510244953264682,-0.4210299662428496,-0.9249758166147827,-0.8487456576881711,-0.8590980782758709,0.28503222733351563,-0.6288835644697648,-0.9829467689219407,-0.9721930195781133,-0.8346128188684625,0.08234782506914168,0.0,0.0,1.0,0.0,0.0
0.5637483331293008,0.5970888256099703,-0.7967737227711496,-1.0482850678954754,-0.6493584778437771,-0.5122240636865065,-0.5107571014493888,0.7710276214733461,-0.6792475234317872,-0.7656178315114046,-0.7492039685082507,-0.33176790686389773,-0.6288835644697648,-0.9124196160788794,-0.7415447323248204,-0.6625707276359925,-0.20861449017515887,0.0,0.0,0.0,1.0,0.0
-1.7749072880320667,-0.7450044687095791,-1.0033783760908825,-0.9975428459385022,-1.0273634129711318,-0.8513129990405359,-0.8711581922650078,-1.6982345245102022,-1.1939836323098514,-1.0468267003168212,-0.9939681220815866,0.2164988790893586,-0.6288835644697648,-0.503362129589124,-1.2246921972027707,-0.9034296553614506,-0.4995768054194595,0.0,0.0,1.0,0.0,0.0
-1.532977396187787,-0.6704437301362709,-0.9620574454269358,-0.8960584020245557,-0.9643625904499059,-0.8755336372801094,-0.9112027579111877,-1.4427936128567316,-1.240542677333998,-1.0502390040344018,-0.9739873748511102,-0.33176790686389773,-0.6288835644697648,-0.9829467689219407,-1.2683939779454998,-1.0066549101009326,-0.20861449017515887,1.0,0.0,0.0,0.0,0.0
-1.855550585313493,-0.7450044687095791,-1.0033783760908825,-0.8960584020245557,-1.0147632484668865,-0.8755336372801094,-0.9112027579111877,-1.783381495061359,-1.227609609271735,-1.059600085694225,-1.0039584956968248,-0.33176790686389773,-0.3451824428522031,-0.9829467689219407,-1.2562545944058527,-1.1786970013334026,-0.20861449017515887,0.0,0.0,0.0,0.0,1.0
-1.452334098906361,-0.5958829915629625,-0.9758310889815848,-0.9975428459385022,-1.008463166214764,-0.8028717225613888,-0.8511359094419179,-1.3576466423055749,-1.240542677333998,-1.0375882555337381,-0.9689921880434911,-0.33176790686389773,-0.6288835644697648,-0.9829467689219407,-1.2683939779454998,-1.1442885830869087,-0.20861449017515887,0.0,1.0,0.0,0.0,0.0
-1.452334098906361,-0.5958829915629625,-0.9758310889815848,-0.9975428459385022,-1.008463166214764,-0.8028717225613888,-0.8511359094419179,-1.3576466423055749,-1.240542677333998,-1.0375882555337381,-0.9689921880434911,-0.33176790686389773,-0.6288835644697648,-0.9829467689219407,-1.2683939779454998,-1.1442885830869087,-0.20861449017515887,0.0,1.0,0.0,0.0,0.0
-1.0491176124992285,-0.7450044687095791,-0.9345101583176382,-0.9975428459385022,-0.9265620969371705,-0.8755336372801094,-0.9112027579111877,-0.9319117895497906,-1.1448379736732524,-1.002491329064286,-0.9340258803901574,-0.33176790686389773,-0.6288835644697648,-0.9829467689219407,-1.178562539752112,-1.0410633283474267,-0.20861449017515887,0.0,1.0,0.0,0.0,0.0
-1.452334098906361,-0.446761514416346,-0.9896047325362336,-1.0990272898524487,-0.9895629194583963,-0.8028717225613888,-0.811091343795738,-1.3576466423055749,-1.2120899275970194,-1.0316465682218054,-0.9739873748511102,-0.33176790686389773,-0.38300925906787797,-0.9829467689219407,-1.2416873341582764,-1.0754717465939205,-0.20861449017515887,0.0,0.0,0.0,0.0,1.0
-0.9684743152178019,-0.7450044687095791,-0.9620574454269358,-1.0990272898524487,-0.9769627549541511,-0.7302098078426682,-0.7710467781495581,-0.8467648189986338,-1.1939836323098514,-1.0085072170774436,-0.9390210671977764,0.11369885672312303,-0.6288835644697648,-0.9829467689219407,-1.2246921972027707,-0.9722464918544386,-0.3540956477973092,0.0,0.0,1.0,0.0,0.0
0.07988854944074195,-0.6704437301362709,-0.8794155840990427,-1.0990272898524487,-0.9202620146850479,-0.7544304460822417,-0.7910690609726481,0.2601457981664051,-0.9844679297011921,-0.8488205274185397,-0.8590980782758709,-0.33176790686389773,-0.38300925906787797,-0.9829467689219407,-1.0280341838604894,-0.9722464918544386,-0.20861449017515887,0.0,0.0,0.0,0.0,1.0
0.16053184672216847,-0.7450044687095791,-0.8794155840990427,-1.0990272898524487,-0.9013617679286802,-0.7786510843218153,-0.8311136266188279,0.3452927687175619,-0.8370309537913948,-0.8576273031932085,-0.8590980782758709,0.07943218260104448,-0.6288835644697648,-0.9829467689219407,-0.8896452115085136,-0.9034296553614506,0.22782898269129193,0.0,0.0,1.0,0.0,0.0
-0.7265444233735225,-0.5213222529896543,-0.9758310889815848,-1.149769511809422,-0.9013617679286802,-0.6817685313635212,-0.7510244953264682,-0.5913239073451633,-1.0025742249883602,-0.9557219941540356,-0.9340258803901574,-0.33176790686389773,-0.6288835644697648,-0.9829467689219407,-1.0450293208159953,-0.8346128188684625,-0.20861449017515887,1.0,0.0,0.0,0.0,0.0
-0.7265444233735225,-0.5213222529896543,-0.9758310889815848,-1.149769511809422,-0.9013617679286802,-0.6817685313635212,-0.7510244953264682,-0.5913239073451633,-1.0025742249883602,-0.9557219941540356,-0.9340258803901574,-0.33176790686389773,-0.6288835644697648,-0.9829467689219407,-1.0450293208159953,-0.8346128188684625,-0.20861449017515887,0.0,1.0,0.0,0.0,0.0
-0.7265444233735225,-0.5213222529896543,-0.9758310889815848,-1.149769511809422,-0.9013617679286802,-0.6817685313635212,-0.7510244953264682,-0.5913239073451633,-1.0025742249883602,-0.9557219941540356,-0.9340258803901574,-0.33176790686389773,-0.6288835644697648,-0.9829467689219407,-1.0450293208159953,-0.8346128188684625,-0.20861449017515887,0.0,1.0,0.0,0.0,0.0
-1.532977396187787,-0.7450044687095791,-1.0033783760908825,-1.0990272898524487,-1.0273634129711318,-0.8270923608009624,-0.8711581922650078,-1.4427936128567316,-1.2431292909464504,-1.057237212552973,-0.9939681220815866,-0.33176790686389773,-0.6288835644697648,-0.9829467689219407,-1.2708218546534291,-1.0754717465939205,-0.20861449017515887,0.0,1.0,0.0,0.0,0.0
-1.2104042070620813,-0.7450044687095791,-0.9758310889815848,-1.0990272898524487,-1.052563741979622,-0.8513129990405359,-0.8311136266188279,-1.1022057306521043,-1.2431292909464504,-1.0435005864858689,-0.9789825616587293,-0.33176790686389773,-0.6288835644697648,-0.9829467689219407,-1.2708218546534291,-0.9378380736079446,-0.20861449017515887,0.0,1.0,0.0,0.0,0.0
-1.2104042070620813,-0.7450044687095791,-0.9758310889815848,-1.0990272898524487,-1.052563741979622,-0.8513129990405359,-0.8311136266188279,-1.1022057306521043,-1.2431292909464504,-1.0435005864858689,-0.9789825616587293,-0.33176790686389773,-0.6288835644697648,-0.9829467689219407,-1.2708218546534291,-0.9378380736079446,-0.20861449017515887,0.0,1.0,0.0,0.0,0.0
-1.2104042070620813,-0.7450044687095791,-0.9758310889815848,-1.0990272898524487,-1.052563741979622,-0.8513129990405359,-0.8311136266188279,-1.1022057306521043,-1.2431292909464504,-1.0435005864858689,-0.9789825616587293,-0.33176790686389773,-0.6288835644697648,-0.9829467689219407,-1.2708218546534291,-0.9378380736079446,-0.20861449017515887,0.0,1.0,0.0,0.0,0.0
-0.1620413424035373,-0.5958829915629625,-0.9345101583176382,-1.149769511809422,-0.9265620969371705,-0.7786510843218153,-0.7910690609726481,0.004704886512934591,-0.997400997763455,-0.9369875716546029,-0.9290306935825383,-0.33176790686389773,-0.6288835644697648,-0.9829467689219407,-1.0401735674001364,-0.8002044006219685,-0.20861449017515887,0.0,0.0,0.0,1.0,0.0
-0.9684743152178019,-0.6704437301362709,-1.0171520196455313,-1.2512539557233684,-1.0021630839626414,-0.7544304460822417,-0.7510244953264682,-0.8467648189986338,-1.196570245922304,-1.0352642926264812,-0.9889729352739675,-0.33176790686389773,-0.6288835644697648,-0.9829467689219407,-1.2271200739107,-1.0410633283474267,-0.20861449017515887,0.0,1.0,0.0,0.0,0.0
-2.0974804771577724,-0.7450044687095791,-1.044699306754829,-1.3019961776803417,-1.0903642354923575,-0.8755336372801094,-0.9112027579111877,-2.0388224067148295,-1.3310741537698383,-1.0977855473688491,-1.0339296165425393,-0.33176790686389773,-0.6288835644697648,-0.9829467689219407,-1.3533696627230287,-1.1786970013334026,-0.20861449017515887,0.0,1.0,0.0,0.0,0.0
-2.0974804771577724,-0.7450044687095791,-1.044699306754829,-1.3019961776803417,-1.0903642354923575,-0.8755336372801094,-0.9112027579111877,-2.0388224067148295,-1.333660767382291,-1.0981515524107048,-1.0339296165425393,-0.33176790686389773,-0.6288835644697648,-0.9829467689219407,-1.355797539430958,-1.1786970013334026,-0.20861449017515887,0.0,0.0,0.0,0.0,1.0
-1.9361938825949196,-0.6704437301362709,-1.044699306754829,-1.3019961776803417,-1.0840641532402349,-0.8755336372801094,-0.9112027579111877,-1.8685284656125158,-1.2845151087456919,-1.0798415782116564,-1.0339296165425393,-0.33176790686389773,-0.6288835644697648,-0.9829467689219407,-1.3096678819802996,-1.1442885830869087,-0.20861449017515887,0.0,0.0,0.0,0.0,1.0
-2.0974804771577724,-0.7450044687095791,-1.044699306754829,-1.3019961776803417,-1.0777640709881122,-0.8755336372801094,-0.9112027579111877,-2.0388224067148295,-1.3052080176453125,-1.0982147650998626,-1.0339296165425393,-0.33176790686389773,-0.6288835644697648,-0.9829467689219407,-1.3290908956437346,-1.1786970013334026,-0.20861449017515887,0.0,1.0,0.0,0.0,0.0
0.8863215222550066,6.561947911474634,4.258153461784982,3.8229682399739557,3.590596877834717,4.743654434300949,4.594925018438547,1.1116155036779736,2.049629837705689,4.018829286210361,4.066156114036561,-0.33176790686389773,4.458823216538509,1.4149764277421428,1.8198651945406943,0.47290707449830993,-0.20861449017515887,0.0,0.0,0.0,0.0,1.0
0.8863215222550066,0.07516365559681218,2.7981472449922027,2.402186025178705,3.502395726305001,3.3630780546452583,2.8930309784759016,1.1116155036779736,2.4557281748607447,2.7803991451979573,3.1870032358955998,-0.33176790686389773,-0.6288835644697648,1.4149764277421428,2.2010418376856093,2.3653700780554803,-0.20861449017515887,0.0,0.0,0.0,1.0,0.0
0.8056782249735804,-0.5213222529896543,2.7155053836643095,2.4529282471356786,2.8660874188406207,3.16931294872867,3.233409786468431,1.0264685331268166,1.7625157267234524,2.1002069086164097,2.8723064670155964,-0.33176790686389773,3.361845546283937,1.4149764277421428,1.550370879960531,2.6062290057809383,-0.20861449017515887,0.0,0.0,0.0,0.0,1.0
0.8863215222550066,2.8339109828092193,2.6053162352271184,2.2499593593077853,2.551083306234492,3.99281464887417,3.854100553984219,1.1116155036779736,1.8814999528962713,3.064614164132893,2.847330532977501,-0.33176790686389773,3.2294516895290744,1.4149764277421428,1.662053208525283,1.057850184688708,-0.20861449017515887,0.0,0.0,0.0,0.0,1.0
0.5637483331293008,2.8339109828092193,2.646637165891065,2.7066393569205447,2.343180591914447,2.2004874191457287,2.2523179281370234,0.7710276214733461,1.721129908924211,2.5849137948348777,2.432730027945116,-0.33176790686389773,-0.6288835644697648,1.4149764277421428,1.5115248526336604,1.2298922759211781,-0.20861449017515887,0.0,0.0,0.0,1.0,0.0
0.8056782249735804,-0.14851856012311274,2.040596849486515,1.793279361695026,2.8282869253278853,4.501448051905214,4.1344125135074785,1.0264685331268166,1.8892597937336288,2.4407949232700297,2.607561566211784,-0.33176790686389773,3.097057832774212,1.4149764277421428,1.6693368386490712,1.7460185496185885,-0.20861449017515887,0.0,0.0,0.0,0.0,1.0
1.0476081168178597,1.268135472769745,2.288522433470195,1.793279361695026,2.563683470738737,3.072430395770376,2.692808150245002,1.2819094447802872,2.328984107850568,2.8153871261248806,2.807369038516548,-0.33176790686389773,-0.6288835644697648,1.4149764277421428,2.0820758789970686,6.494380267634762,-0.20861449017515887,0.0,0.0,0.0,1.0,0.0
1.0476081168178597,-0.22307929869642104,2.8394681756561493,2.300701581264758,2.702285280285434,1.4012063572398024,1.3513152010979759,1.2819094447802872,1.9772046565570167,1.8961834715967893,2.79737866490131,-0.33176790686389773,-0.6288835644697648,1.2950802679089386,1.7518846467186708,1.0234417664422142,-0.20861449017515887,0.0,0.0,0.0,1.0,0.0
0.8863215222550066,0.2242851327434288,2.247201502806248,1.8947638056089726,2.7274856092939244,1.6918540161146847,1.4514266152134256,1.1116155036779736,1.8245944534223144,2.353247779566489,2.4177444675222586,5.904766783354392,-0.6288835644697648,1.4149764277421428,1.6086399209508362,2.3997784963019746,6.919962233310204,0.0,0.0,1.0,0.0,0.0
-0.9684743152178019,-0.14851856012311274,0.18115496960891941,1.6917949177810798,0.22635295520126106,0.4081601894172876,0.4503124740589285,-0.8467648189986338,-0.009314597806567864,0.23786380357551065,0.3097756347069984,-0.33176790686389773,2.756616486833138,1.4149764277421428,-0.11272466497110643,0.09441447378687579,-0.20861449017515887,0.0,0.0,0.0,0.0,1.0
0.8863215222550066,-0.6704437301362709,2.1507859979237063,1.793279361695026,2.368380920922937,1.619192101395964,1.4714488980365157,1.1116155036779736,2.005657406293995,1.8925525887972672,2.347811852215591,-0.33176790686389773,-0.6288835644697648,1.4149764277421428,1.778591290505894,2.0212858955905406,-0.20861449017515887,0.0,0.0,0.0,1.0,0.0
0.24117514400359502,2.6847895056626028,1.971728631713271,2.402186025178705,1.2910668558099765,1.2316618895627875,1.331292918274886,0.43043973926871876,0.893413552939384,1.4191398594401274,1.6335001387260597,-0.33176790686389773,2.737703078725301,1.4149764277421428,0.7346043060962532,0.64494916573078,-0.20861449017515887,0.0,0.0,0.0,0.0,1.0
-0.0007547478406842343,0.8207710413298952,1.5309720379645075,2.1992171373508125,1.492669487877899,1.2801031660419346,1.5715603121519655,0.17499882761524826,0.800295462891091,1.0931282814313499,1.3337889302689137,-0.33176790686389773,2.699876262509626,1.3261644574953246,0.6472007446107949,1.4363427854001423,-0.20861449017515887,0.0,0.0,0.0,0.0,1.0
0.48310503584787423,-0.2976400372697294,2.2334278592515995,2.351443803221732,1.9903759857955827,1.3527650807606553,1.6116048777981453,0.6858806509221893,0.8856537121020263,1.4672156720563785,1.848293171453681,-0.33176790686389773,2.6809628544017885,0.47034001693507965,0.727320675972465,0.713766002223768,-0.20861449017515887,0.0,0.0,0.0,0.0,1.0
0.24117514400359502,0.6716495641832786,1.2554991668715303,1.5395682519101597,1.7446727779628022,1.6676333778751111,1.7717831403828648,0.43043973926871876,1.2995118900944398,1.3667543298963472,1.5585723366117732,5.5963667162556865,-0.6288835644697648,1.3350456545200067,1.1157809492411686,0.576132329237792,4.1558202384893494,0.0,0.0,1.0,0.0,0.0
1.0476081168178597,-0.14851856012311274,2.646637165891065,2.097732693436866,2.2045787823677503,2.1520461426665816,3.053209241060621,1.2819094447802872,2.1479211549788872,2.4277105026976327,2.4177444675222586,-0.33176790686389773,-0.6288835644697648,1.4149764277421428,1.912124509442011,2.8814963517528907,-0.20861449017515887,0.0,0.0,0.0,1.0,0.0
0.8056782249735804,0.746210302756587,2.4262588690166833,2.1484749153938387,2.015576314804073,1.1832206130836405,1.030958675928537,1.0264685331268166,1.7107834544744005,2.0991743288118374,2.058091017373683,-0.33176790686389773,2.529655589539089,1.4149764277421428,1.501813345801943,0.5073154927448039,-0.20861449017515887,0.0,0.0,0.0,0.0,1.0
0.8056782249735804,-0.14851856012311274,1.7238030477295916,1.4380838079962137,1.851774176248886,1.8129572073125522,1.6516494434443252,1.0264685331268166,1.783208635623073,1.959769690562042,1.8782642922993955,-0.33176790686389773,-0.6288835644697648,1.4149764277421428,1.569793893623966,1.5051596218931302,-0.20861449017515887,0.0,0.0,0.0,1.0,0.0
1.0476081168178597,1.4172569499163616,1.7788976219481871,1.2858571421252936,2.116377630838034,2.5880176309789054,2.812941847183542,1.2819094447802872,2.0987754963422884,1.9643966586677737,2.0730765777965403,-0.33176790686389773,2.321608100352877,1.4149764277421428,1.8659948519913523,1.1266670211816963,-0.20861449017515887,0.0,0.0,0.0,0.0,1.0
1.0476081168178597,1.9391821199295196,1.9579549881586222,1.4888260299531868,2.1226777130901566,2.273149333864449,2.092139665552304,1.2819094447802872,1.9306456115328703,2.1619922741685387,1.9881584020670158,-0.33176790686389773,2.22704105981369,1.4149764277421428,1.7081828659759417,2.6062290057809383,-0.20861449017515887,0.0,0.0,0.0,0.0,1.0
0.9669648195364331,-0.5958829915629625,1.3519146717540724,0.9814038103834543,1.5178698168863893,2.34581124858317,2.072117382729214,1.1967624742291303,1.8659802712215556,1.7547466223584343,1.893249852722253,-0.33176790686389773,2.2081276517058526,1.4149764277421428,1.647485948277707,1.5395680401396243,-0.20861449017515887,0.0,0.0,0.0,0.0,1.0
1.0476081168178597,1.268135472769745,1.875313126830729,1.3873415860392402,2.1289777953422795,2.0067223132291403,1.9519836857906743,1.2819094447802872,1.9539251340449435,1.9829201312477758,1.9681776548365395,-0.33176790686389773,2.2081276517058526,1.3550283478255407,1.730033756347306,0.7481744204702621,-0.20861449017515887,0.0,0.0,0.0,0.0,1.0
0.7250349276921538,0.000602917023503876,1.3243673846447748,1.1336304762543739,1.6186711329203507,1.7402952925938318,1.6116048777981453,0.9413215625756598,1.3667638440182068,1.3935617996750824,1.6534808859565362,-0.33176790686389773,2.189214243598015,1.4149764277421428,1.1789057436473331,1.1610754394281901,-0.20861449017515887,0.0,0.0,0.0,0.0,1.0
1.0476081168178597,0.522528087036662,1.9441813446039733,1.4380838079962137,2.0407766438125634,1.158999974844067,1.0710032415747168,1.2819094447802872,1.7599291131109998,1.617332631311707,1.948196907606063,-0.33176790686389773,-0.6288835644697648,1.4149764277421428,1.5479430032526014,1.9868774773440465,-0.20861449017515887,0.0,0.0,0.0,1.0,0.0
0.9669648195364331,0.746210302756587,2.3022960770248435,1.8440215836519995,2.2675796048889763,1.158999974844067,1.2311815041594363,1.1967624742291303,1.6668110230627067,2.026827353072356,1.8682739186841575,-0.33176790686389773,2.189214243598015,1.4149764277421428,1.4605394417671431,0.9202165117027321,-0.20861449017515887,0.0,0.0,0.0,0.0,1.0
1.0476081168178597,0.522528087036662,1.9028604139400267,1.4380838079962137,2.1730783711071373,0.3112776364589935,0.4703347568820184,1.2819094447802872,1.8608070439966504,1.6454593716909067,1.8383027978384427,-0.33176790686389773,2.0946472030588277,0.6356513888263158,1.642630194861848,2.0556943138370345,-0.20861449017515887,0.0,0.0,0.0,0.0,1.0
0.9669648195364331,2.983032459955836,1.7926712655028358,1.3873415860392402,1.3225672670705895,1.1105586983649198,1.1711146556901664,1.1967624742291303,1.677157477512517,2.039675922463895,1.7284086880708227,-0.33176790686389773,2.0568203868431527,1.4149764277421428,1.4702509485988609,1.9868774773440465,-0.20861449017515887,0.0,0.0,0.0,0.0,1.0
1.0476081168178597,2.9084717213825275,2.2058805721423016,1.6917949177810798,1.7194724489543118,1.0863380601253465,1.2912483526287062,1.2819094447802872,1.863393657609103,2.0450669382622046,1.7633749957241562,4.4655664702270945,-0.6288835644697648,1.4149764277421428,1.6450580715697771,1.5395680401396243,6.338037602821602,0.0,0.0,1.0,0.0,0.0
1.0476081168178597,0.9698925184765118,1.98550227526792,1.4888260299531868,1.4863694056257764,1.7160746543542582,1.9920282514368541,1.2819094447802872,1.4779882293536681,1.7745026107474817,1.7084279408403462,-0.33176790686389773,1.9622533463039655,1.4149764277421428,1.283304442088297,0.576132329237792,-0.20861449017515887,0.0,0.0,0.0,0.0,1.0
0.5637483331293008,0.44796734846335373,1.214178236207584,1.1336304762543739,1.549370228147002,2.297369972104023,2.6527635845988224,0.7710276214733461,1.521960660765362,1.7909141763085072,1.2738466885774846,4.3284997737387805,-0.6288835644697648,1.4149764277421428,1.3245783461230969,1.4019343671536482,3.719376765622899,0.0,0.0,1.0,0.0,0.0
1.0476081168178597,0.2988458713167371,1.7100294041749426,1.2351149201683205,1.6753718731894538,1.3527650807606553,1.371337483921066,1.2819094447802872,1.646118114163086,1.2617836502797146,1.638495325533679,4.259966425494624,-0.6288835644697648,1.1152360281591323,1.441116428103708,1.4363427854001423,1.3916782436684942,0.0,0.0,1.0,0.0,0.0
0.9669648195364331,0.522528087036662,1.3381410281994235,0.9306615884264812,1.6123710506682278,2.1278255044270082,2.2322956453139335,1.1967624742291303,1.6538779550004437,1.4981955053184879,1.443683040036534,4.020099706640074,-0.6288835644697648,1.4149764277421428,1.448400058227496,1.3675259489071543,4.44678255373365,0.0,0.0,1.0,0.0,0.0
-0.24268463968496384,-0.3722007758430377,0.5668169891390874,1.1843726982113474,0.4342556695213061,0.28705699821941993,0.3502010599434788,-0.08044208403822224,0.47696876133451793,0.4435698895993553,0.4746167993584287,-0.33176790686389773,-0.6288835644697648,0.7155821620484518,0.34371615611962025,0.610540747484286,-0.20861449017515887,0.0,1.0,0.0,0.0,0.0
-0.24268463968496384,-0.3722007758430377,0.5668169891390874,1.1843726982113474,0.4342556695213061,0.28705699821941993,0.3502010599434788,-0.08044208403822224,0.47696876133451793,0.4435698895993553,0.4746167993584287,-0.33176790686389773,-0.6288835644697648,0.7155821620484518,0.34371615611962025,0.610540747484286,-0.20861449017515887,0.0,1.0,0.0,0.0,0.0
-0.24268463968496384,-0.3722007758430377,0.5668169891390874,1.1843726982113474,0.4342556695213061,0.28705699821941993,0.3502010599434788,-0.08044208403822224,0.47696876133451793,0.4435698895993553,0.4746167993584287,-0.33176790686389773,-0.6288835644697648,0.7155821620484518,0.34371615611962025,0.610540747484286,-0.20861449017515887,0.0,1.0,0.0,0.0,0.0
-0.7265444233735225,-0.22307929869642104,0.07096582117172855,0.9814038103834543,0.16965221493215787,0.14173316878197878,0.21004508018184917,-0.5913239073451633,-0.2498696637646582,-0.051039711710339206,0.06501148113366256,-0.33176790686389773,1.6785522246864037,1.4149764277421428,-0.33851719880854053,0.19763972852635783,-0.20861449017515887,0.0,0.0,0.0,0.0,1.0
0.07988854944074195,-0.6704437301362709,0.608137919803034,0.8799193664695076,0.5665573968158802,0.28705699821941993,0.14997823171257932,0.2601457981664051,0.8597875759775004,0.6595590735993583,0.6094868431641445,-0.33176790686389773,1.6028985922550543,1.1580560852424198,0.703041908893171,1.0922586029352022,-0.20861449017515887,0.0,0.0,0.0,0.0,1.0
-1.2104042070620813,0.07516365559681218,-0.32846984191308837,0.8799193664695076,-0.3280542829855257,-0.0035906606554623782,0.17000051453566928,-1.1022057306521043,-0.7180467276185759,-0.412580803726483,-0.3296082766682463,3.7116996395413677,-0.6288835644697648,1.2151494946868024,-0.7779628829437615,-0.1808528721850763,0.08234782506914168,0.0,0.0,1.0,0.0,0.0
0.9669648195364331,1.790060642782903,1.489651107300561,1.0828882542974008,0.9445623319432348,1.2801031660419346,1.5715603121519655,1.1967624742291303,1.2089804136585993,1.370373175983903,1.2538659413470084,-0.33176790686389773,1.5839851841472166,1.3534912175712688,1.0308052644636396,1.4707512036466364,-0.20861449017515887,0.0,0.0,0.0,0.0,1.0
0.8056782249735804,5.3689760943017015,1.3243673846447748,1.0321460323404272,1.0264634012208282,0.9652348689274788,0.8307358476976374,1.0264685331268166,1.602145682751392,1.537887044708602,1.1289862711565308,-0.33176790686389773,-0.6288835644697648,1.4149764277421428,1.399842524068908,0.64494916573078,-0.20861449017515887,1.0,0.0,0.0,0.0,0.0
0.8863215222550066,0.9698925184765118,1.0488945135517975,0.727692700598588,1.3225672670705895,1.3043238042815082,1.2712260698056161,1.1116155036779736,1.938405452370228,1.5449389716137922,1.1539622051946263,-0.33176790686389773,1.5461583679315418,1.4149764277421428,1.71546649609973,2.7782710970134086,-0.20861449017515887,0.0,0.0,0.0,0.0,1.0
1.0476081168178597,0.44796734846335373,1.6273875428470497,1.1843726982113474,1.6690717909373314,-0.052031937134609435,-0.07026687934141006,1.2819094447802872,1.4107362754299009,1.4641467312088037,1.18892851284796,-0.33176790686389773,1.470504735500192,1.4149764277421428,1.2201796476821327,2.1933279868230104,-0.20861449017515887,0.0,0.0,0.0,0.0,1.0
1.0476081168178597,0.5970888256099703,1.2417255233168816,0.8291771445125347,0.9634625786996025,1.3285444425210817,1.9920282514368541,1.2819094447802872,2.018590474356258,2.2009655441974822,1.0790344030803398,-0.33176790686389773,1.3759376949610047,1.4149764277421428,1.790730674045541,3.810523644408229,-0.20861449017515887,0.0,0.0,0.0,0.0,1.0
-0.5652578288106697,-0.3722007758430377,-0.09431790148405776,0.4739815908137218,0.02475032313333862,0.5050427423755817,0.5504238881743783,-0.4210299662428496,0.2803861267881216,0.24153515205200446,0.020054799865090664,-0.33176790686389773,1.3759376949610047,1.1751841080757346,0.159197526316986,0.26645656501934584,-0.20861449017515887,0.0,0.0,0.0,0.0,1.0
1.0476081168178597,2.1628643356494446,1.2692728104261792,0.8291771445125347,1.1146645527505443,0.8683523159691846,1.6316271606212351,1.2819094447802872,1.2270867089457673,1.130171721554628,1.0740392162727208,3.300499550076425,-0.6288835644697648,1.2351321879923367,1.0478004014191455,0.610540747484286,2.7010086622678466,0.0,0.0,1.0,0.0,0.0
0.9669648195364331,0.2242851327434288,0.9524790086692555,0.5754660347276684,1.0579638124814412,0.5534840188547288,0.630513019466738,1.1967624742291303,1.5762795466268662,1.0313868769579995,1.0091017877736723,3.266232875954347,-0.6288835644697648,1.3534912175712688,1.3755637569896142,0.679357583977274,5.028707184222251,0.0,0.0,1.0,0.0,0.0
-1.2104042070620813,-0.5213222529896543,-0.3560171290223861,0.8291771445125347,-0.4351556812716095,-0.53644470192608,-0.5307793842724787,-1.1022057306521043,-0.42575938941143393,-0.38324674960411975,-0.41452645239777103,-0.33176790686389773,1.3191974706374925,1.2151494946868024,-0.5036128149477395,-0.5937538911430045,-0.20861449017515887,0.0,0.0,0.0,0.0,1.0
0.9669648195364331,3.504957629968994,0.9800262957785533,0.6262082566846414,0.8752614271698864,0.43238082765686114,0.5304016053512882,1.1967624742291303,1.3434843215061336,1.2671125862654666,0.939169172467005,-0.33176790686389773,1.2813706544218175,1.4149764277421428,1.1570548532759684,1.4363427854001423,-0.20861449017515887,0.0,0.0,0.0,0.0,1.0
-1.452334098906361,0.3734066098900454,-0.5350744952328212,0.7784349225555611,-0.6115579843310416,-0.4880034254469329,-0.43066797015702907,-1.3576466423055749,-0.6895939778815975,-0.5686414325427892,-0.5843628038568204,-0.33176790686389773,1.26245724631398,1.4149764277421428,-0.751256239156538,-0.6625707276359925,-0.20861449017515887,0.0,0.0,0.0,0.0,1.0
0.40246173856644807,2.6847895056626028,0.6907797811309272,0.6769504786416147,0.4342556695213061,0.6019252953338758,0.7706689992283676,0.6007336803710325,0.9322127571261728,0.8295045752306541,0.5295638542422388,3.0263661570997975,-0.6288835644697648,1.190171128054885,0.7710224567151941,0.5073154927448039,3.8648579232450486,0.0,0.0,1.0,0.0,0.0
-0.5652578288106697,0.5970888256099703,-0.06677061437476005,0.5247238127706951,0.031050405385461194,-0.34267959600949177,-0.3706011216877592,-0.4210299662428496,-0.058460256443166964,-0.07238808806908398,-0.07485374947967223,-0.33176790686389773,1.1868036138826301,1.2950802679089386,-0.15885432242176512,0.06000605554038178,-0.20861449017515887,0.0,0.0,0.0,0.0,1.0
0.9669648195364331,0.14972439417012048,0.6907797811309272,0.32175492494280217,0.6988591241104544,-0.14891449009290356,-0.15035601063376983,1.1967624742291303,1.677157477512517,0.9500114426829247,0.8292750626993848,-0.33176790686389773,1.1868036138826301,1.2305207972295211,1.4702509485988609,0.19763972852635783,-0.20861449017515887,0.0,0.0,0.0,0.0,1.0
0.9669648195364331,0.5970888256099703,0.7871952860134692,0.42323936885674857,0.673658795101964,-0.07625257537418297,-0.07026687934141006,1.1967624742291303,1.2865788220321768,0.8808171985723974,0.8192846890841466,-0.33176790686389773,1.1678902057747929,1.4149764277421428,1.1036415657015215,1.1610754394281901,-0.20861449017515887,0.0,0.0,0.0,0.0,1.0
0.48310503584787423,-0.07395782154980443,0.47040148425654543,0.37249714689977526,0.2956538599746094,0.5777046570943023,0.7706689992283676,0.6858806509221893,0.49766167023413865,0.5320425929285945,0.5295638542422388,-0.33176790686389773,1.1678902057747929,-0.6196250724576857,0.3631391697830553,-0.21526129043157033,-0.20861449017515887,0.0,0.0,0.0,0.0,1.0
-0.0007547478406842343,0.000602917023503876,0.41530691003795,0.6769504786416147,0.23265303745338364,-0.07625257537418297,-0.05024459651832011,0.17499882761524826,0.3321183990371732,0.11181660457318351,0.23984301940033104,2.889299460611483,-0.6288835644697648,0.171608844286692,0.20775506047557413,-0.6625707276359925,1.3916782436684942,0.0,0.0,1.0,0.0,0.0
-0.1620413424035373,-0.07395782154980443,0.09851310828102626,0.37249714689977526,0.08775114565456438,0.6261459335734494,0.49035703970510836,0.004704886512934591,-0.06104687005561955,0.12041062398806227,0.11995853601747265,-0.33176790686389773,1.1111499814512804,0.07213943761025604,-0.16128219912969438,0.610540747484286,-0.20861449017515887,0.0,0.0,0.0,0.0,1.0
-0.08139804512211077,-0.2976400372697294,0.015871246953133106,0.2202704810288556,0.11295147466305469,0.16595380702155232,0.10993366606639944,0.08985185706409143,0.13553576449077684,0.07999013840145747,0.09498260197937716,2.649432741756933,-0.6288835644697648,-0.06066861635883162,0.023236430672939696,0.47290707449830993,0.809753613179893,0.0,0.0,1.0,0.0,0.0
-0.0007547478406842343,0.6716495641832786,0.11228675183567512,0.2710127029858289,0.20745270844489333,0.0690712540632582,0.04986681759712961,0.17499882761524826,0.48214198855942314,0.30951183635500945,0.12994890963271086,-0.33176790686389773,0.9976695328042557,1.2373524872485069,0.3485719095354791,1.0234417664422142,-0.20861449017515887,0.0,0.0,0.0,0.0,1.0
-0.807187720654949,-0.446761514416346,-0.3697907725770349,0.16952825907188232,-0.22095288469944188,-0.052031937134609435,-0.05024459651832011,-0.6764708778963201,-0.5473302291967054,-0.371041483346545,-0.3046323426301508,-0.33176790686389773,0.9976695328042557,-0.7008381575496955,-0.6177230202204212,-0.5593454728965105,-0.20861449017515887,0.0,0.0,0.0,0.0,1.0
0.16053184672216847,-0.6704437301362709,0.043418534062430826,0.06804381515793598,0.12555163916729983,-0.0035906606554623782,-0.1303337278106799,0.3452927687175619,0.5054215110714964,0.1844689529620457,0.17990077770890187,-0.33176790686389773,0.9598427165885809,0.5881063599269415,0.37042279990684346,-0.31848654517105235,-0.20861449017515887,0.0,0.0,0.0,0.0,1.0
1.0476081168178597,0.000602917023503876,0.3739859793740034,0.017301593200962688,0.42165550501706095,0.5777046570943023,0.4703347568820184,1.2819094447802872,1.534893728827625,0.7794264588172403,0.63446277720224,-0.33176790686389773,0.9598427165885809,0.2759629093267032,1.336717729662744,0.1288228920333698,-0.20861449017515887,0.0,0.0,0.0,0.0,1.0
-0.8878310179363754,-0.5958829915629625,-0.46620627745957693,0.017301593200962688,-0.2650534604642999,-0.29423831953034474,-0.3706011216877592,-0.7616178484474769,-0.3533342082627616,-0.4360085760464042,-0.3895505183596755,-0.33176790686389773,0.9031024922650684,0.21601482941010103,-0.4356322671257164,-0.11203603569208828,-0.20861449017515887,0.0,0.0,0.0,0.0,1.0
1.0476081168178597,-0.446761514416346,0.608137919803034,0.2202704810288556,0.44685583402555124,0.45660146589643463,0.4102679084127486,1.2819094447802872,0.5959529875073368,0.7606986921086104,0.5295638542422388,-0.33176790686389773,0.846362267941556,-0.3235178898393177,0.4553984846843724,0.7481744204702621,-0.20861449017515887,0.0,0.0,0.0,0.0,1.0
0.5637483331293008,1.268135472769745,0.3739859793740034,0.2202704810288556,0.23265303745338364,0.38393955117771406,0.6905798679360078,0.7710276214733461,0.5830199194450739,0.4388429804437497,0.25482857982318835,2.2724993264140694,-0.6288835644697648,0.21601482941010103,0.4432591011447254,0.5417239109912979,2.1190840317792454,0.0,0.0,1.0,0.0,0.0
1.0476081168178597,-0.6704437301362709,0.3602123358193546,0.017301593200962688,0.5665573968158802,0.2386157217402729,0.25008964582802906,1.2819094447802872,0.7614962587043023,0.22597947864512852,0.47961198616604783,-0.33176790686389773,0.8085354517258813,0.6356513888263158,0.610782593991854,0.5073154927448039,-0.20861449017515887,0.0,0.0,0.0,0.0,1.0
-0.9684743152178019,1.8646213813562114,-0.4799799210142258,0.06804381515793598,-0.44145576352373206,-0.3669002342490653,-0.4106456873339391,-0.8467648189986338,-0.4826648888853908,-0.4616041815213136,-0.4694735072815811,2.238232652291991,-0.6288835644697648,1.4149764277421428,-0.5570261025221863,-0.00881078095260625,0.08234782506914168,0.0,0.0,1.0,0.0,0.0
1.0476081168178597,0.5970888256099703,0.4015332664833012,0.017301593200962688,0.5035565742946544,0.43238082765686114,0.43029019123583856,1.2819094447802872,0.9503190524133408,0.41618226056013635,0.45963123893557145,-0.33176790686389773,0.7896220436180439,-0.8630506090887365,0.7880175936706999,0.679357583977274,-0.20861449017515887,0.0,0.0,0.0,0.0,1.0
0.8056782249735804,0.6716495641832786,0.4290805535925989,0.16952825907188232,0.3586546824958352,0.5050427423755817,0.5103793225281983,1.0264685331268166,0.8468545079152375,0.4927675816947,0.33475156874509393,-0.33176790686389773,-0.6288835644697648,-0.07562447829228744,0.690902525353524,1.057850184688708,-0.20861449017515887,0.0,1.0,0.0,0.0,0.0
0.8056782249735804,0.6716495641832786,0.4290805535925989,0.16952825907188232,0.3586546824958352,0.5050427423755817,0.5103793225281983,1.0264685331268166,0.8468545079152375,0.4927675816947,0.33475156874509393,-0.33176790686389773,0.7707086355102064,-0.07562447829228744,0.690902525353524,1.057850184688708,-0.20861449017515887,0.0,0.0,0.0,0.0,1.0
0.8056782249735804,0.6716495641832786,0.4290805535925989,0.16952825907188232,0.3586546824958352,0.5050427423755817,0.5103793225281983,1.0264685331268166,0.8468545079152375,0.4927675816947,0.33475156874509393,-0.33176790686389773,-0.6288835644697648,-0.07562447829228744,0.690902525353524,1.057850184688708,-0.20861449017515887,0.0,1.0,0.0,0.0,0.0
-0.7265444233735225,0.14972439417012048,-0.3146961983584395,0.16952825907188232,-0.2965538717249128,-0.8270923608009624,-0.8511359094419179,-0.5913239073451633,-0.17744448261598583,-0.4384592330853663,-0.36956977112919914,-0.33176790686389773,0.7707086355102064,1.4149764277421428,-0.27053665098651725,-0.5593454728965105,-0.20861449017515887,0.0,0.0,0.0,0.0,1.0
1.0476081168178597,-0.6704437301362709,0.41530691003795,0.06804381515793598,0.837460933657151,-0.6333272548843741,-0.6108685155648386,1.2819094447802872,1.061543437748802,0.37809436062772117,0.43465530489747595,2.203965978169913,-0.6288835644697648,1.0552879482425301,0.892416292111664,2.3309616598089864,-1.5179449087745114,0.0,0.0,1.0,0.0,0.0
0.9669648195364331,-0.3722007758430377,0.26379683093681255,-0.08418285071298388,0.49725649204253186,0.28705699821941993,0.0899113832433095,1.1967624742291303,0.5881931466699791,0.2736709373077874,0.35972750278318943,2.1354326299257558,-0.6288835644697648,-0.24512424687145343,0.44811485456058425,0.64494916573078,0.809753613179893,0.0,0.0,1.0,0.0,0.0
0.9669648195364331,1.1935747341964367,0.4841751278111943,0.11878603711490904,0.3271542712352223,-0.12469385185333003,-0.05024459651832011,1.1967624742291303,0.9192796890639099,0.499336849892191,0.29479007428414117,1.9983659334374415,-0.6288835644697648,-0.1221538265297056,0.758883073175547,1.0922586029352022,2.846489819889997,0.0,0.0,1.0,0.0,0.0
1.0476081168178597,-0.22307929869642104,0.29134411804611027,-0.08418285071298388,0.1885524616885256,-0.4395621489677859,-0.4106456873339391,1.2819094447802872,0.831334826240522,0.4169507012111861,0.29978526109176024,-0.33176790686389773,-0.6288835644697648,-0.0837255701729094,0.6763352651059478,0.23204814677285185,-0.20861449017515887,0.0,0.0,0.0,1.0,0.0
0.5637483331293008,0.14972439417012048,0.16738132605427056,0.017301593200962688,0.2452532019576288,-0.2700176812907712,-0.0902891621645,0.7710276214733461,0.31142549013755255,-0.08392490891062211,0.09498260197937716,1.9298325851932845,-0.6288835644697648,0.28654198225316235,0.18833204681213883,0.3008649832658399,-0.20861449017515887,0.0,0.0,1.0,0.0,0.0
1.0476081168178597,-0.22307929869642104,0.3877596229286523,0.017301593200962688,0.31455410673097717,0.14173316878197878,0.1299559488894894,1.2819094447802872,1.123622164447664,0.5505370835512058,0.2847997006689029,-0.33176790686389773,0.6194013706475067,0.6955994687429177,0.9506853331019697,1.0234417664422142,-0.20861449017515887,0.0,0.0,0.0,0.0,1.0
0.7250349276921538,0.14972439417012048,0.26379683093681255,0.017301593200962688,0.4090553405128158,0.11751253054240526,0.0899113832433095,0.9413215625756598,0.18468142312737595,0.11501933815509789,0.13494409644032995,-0.33176790686389773,0.6004879625396693,-0.6499018804963735,0.06936608812359839,0.16323131027986382,-0.20861449017515887,0.0,0.0,0.0,0.0,1.0
-0.40397123424781656,0.3734066098900454,-0.2458279805851952,0.017301593200962688,-0.37215485875038373,-0.34267959600949177,-0.3505788388646693,-0.2507360251405359,-0.26021611821446855,-0.30051223075198674,-0.3346034634758654,-0.33176790686389773,-0.6288835644697648,-0.7649537510433876,-0.34822870564025804,-0.24966970867806434,-0.20861449017515887,1.0,0.0,0.0,0.0,0.0
0.3218184412850216,0.3734066098900454,0.07096582117172855,0.017301593200962688,0.0562507343939515,-0.46378278720735944,-0.29051199039539943,0.5155867098198756,0.4536892388224447,0.2614024482797055,-0.04987781544157673,-0.33176790686389773,0.5815745544318319,1.4149764277421428,0.3218652657482555,0.7481744204702621,-0.20861449017515887,0.0,0.0,0.0,0.0,1.0
0.40246173856644807,1.0444532570498202,0.0020976033984842486,-0.08418285071298388,-0.12015156866548064,-0.4395621489677859,-0.47071253580320893,0.6007336803710325,-0.1334720512042919,0.037367290070836674,-0.04987781544157673,-0.33176790686389773,0.543747738216157,-0.7581414692346828,-0.2292627469517176,-0.4217117999105344,-0.20861449017515887,0.0,0.0,0.0,0.0,1.0
1.0476081168178597,0.07516365559681218,0.126060395390324,-0.23640951658390352,0.11925155691517726,-0.3184589577699182,-0.3505788388646693,1.2819094447802872,1.180527663921621,0.3537789905735113,0.16491521728604455,-0.33176790686389773,0.505920922000482,0.0961186695768969,1.0040986206764164,0.713766002223768,-0.20861449017515887,0.0,0.0,0.0,0.0,1.0
0.8056782249735804,0.07516365559681218,-0.23205433703054634,-0.49012062636876974,-0.06345082839637746,1.0136761454066259,1.0910255243978066,1.0264685331268166,0.16398851422775526,0.058708633596707714,0.06501148113366256,-0.33176790686389773,0.4870075138926447,-0.5292856236071141,0.0499430744601631,0.09441447378687579,-0.20861449017515887,0.0,0.0,0.0,0.0,1.0
1.0476081168178597,0.07516365559681218,0.19492861316356827,-0.13492507266995718,-0.06345082839637746,0.28705699821941993,0.3502010599434788,1.2819094447802872,0.9115198482265521,0.47465657649285764,0.10996816240223446,1.621432518094578,-0.6288835644697648,0.1560667494934989,0.751599443051759,0.1288228920333698,3.719376765622899,0.0,0.0,1.0,0.0,0.0
0.9669648195364331,0.8953317799032036,0.22247590027286598,-0.08418285071298388,-0.09495123965699034,0.0690712540632582,0.270111928651119,1.1967624742291303,0.0010318566432424721,0.029184337738341122,0.07999704155651986,-0.33176790686389773,0.4491806976769697,-0.8599763485801929,-0.10301315813938887,0.47290707449830993,-0.20861449017515887,0.0,0.0,0.0,0.0,1.0
0.8056782249735804,-0.22307929869642104,-0.06677061437476005,-0.3378939604978501,0.18225237943640304,-0.4880034254469329,-0.5107571014493888,1.0264685331268166,0.18209480951492335,-0.11181982225793012,0.015059613057471563,-0.33176790686389773,0.4491806976769697,-0.3996681535171636,0.06693821141566896,-0.4905286364035224,-0.20861449017515887,0.0,0.0,0.0,0.0,1.0
1.0476081168178597,-0.07395782154980443,0.015871246953133106,-0.3378939604978501,0.1885524616885256,-0.34267959600949177,-0.39062340451084915,1.2819094447802872,0.7589096450918497,0.13195125286871467,0.07000666794128166,-0.33176790686389773,-0.6288835644697648,-0.3235178898393177,0.6083547172839248,-0.3873033816640404,-0.20861449017515887,0.0,0.0,0.0,1.0,0.0
0.5637483331293008,0.07516365559681218,-0.21828069347589749,-0.3886361824548233,-0.23355304920368702,-0.07625257537418297,-0.0902891621645,0.7710276214733461,0.401956966573393,-0.07143300068120978,-0.10482487032538683,1.5528991698504209,-0.6288835644697648,-0.2071480876482666,0.2733077315896676,-0.1808528721850763,1.5371594012906444,0.0,0.0,1.0,0.0,0.0
1.0476081168178597,0.14972439417012048,0.07096582117172855,-0.28715173854087683,0.23265303745338364,-0.2700176812907712,-0.3706011216877592,1.2819094447802872,1.0744765058110648,0.10439119344453629,0.05002592071080526,1.5186324957283424,-0.6288835644697648,0.5757033089097137,0.9045556756513109,0.9890333481957201,-1.5179449087745114,0.0,0.0,1.0,0.0,0.0
0.8056782249735804,-0.3722007758430377,-0.052996970820111185,-0.3378939604978501,-0.044550581640009725,-0.027811298895035908,0.06988910042021955,1.0264685331268166,0.02431137915531573,-0.14063239328650384,-0.039887441826338535,-0.33176790686389773,-0.6288835644697648,-0.9829467689219407,-0.08116226776802433,0.9546249299492261,-0.20861449017515887,0.0,0.0,0.0,1.0,0.0
-0.1620413424035373,-0.3722007758430377,-0.32846984191308837,-0.23640951658390352,-0.30285395397703535,-0.584885978405227,-0.6108685155648386,0.004704886512934591,-0.28608225433899437,-0.441525838305249,-0.37956014474443733,-0.33176790686389773,0.3546136571377825,-0.4074452017225607,-0.37250747271955204,-0.3873033816640404,-0.20861449017515887,0.0,0.0,0.0,0.0,1.0
0.8863215222550066,-0.07395782154980443,-0.10809154503870662,-0.3886361824548233,-0.16425214443033867,0.4081601894172876,0.270111928651119,1.1116155036779736,0.07863026501682,0.027156281855303107,-0.06985856267205313,-0.33176790686389773,-0.6288835644697648,-0.856740284886989,-0.030176856901506947,-0.043219199199100264,-0.20861449017515887,0.0,0.0,0.0,1.0,0.0
1.0476081168178597,-0.07395782154980443,-0.052996970820111185,-0.3886361824548233,0.2200528729491385,-0.6575478931239477,-0.6909576468571983,1.2819094447802872,0.24676014982623798,-0.0658907655841825,-0.03489225501871943,-0.33176790686389773,0.31678684092210757,-0.8031025291721344,0.1276351291139039,0.19763972852635783,-0.20861449017515887,0.0,0.0,0.0,0.0,1.0
-0.08139804512211077,0.6716495641832786,-0.3560171290223861,-0.3378939604978501,-0.5422570795576933,-0.19735576657205062,-0.11031144498758995,0.08985185706409143,-0.4231727757989813,-0.25114079071632456,-0.3945457051672946,1.3472991251179498,-0.6288835644697648,-0.9829467689219407,-0.50118493823981,-0.7313875641289805,2.9919709775121475,0.0,0.0,1.0,0.0,0.0
-0.24268463968496384,-0.6704437301362709,-0.5213008516781724,-0.49012062636876974,-0.4036552700109966,-0.0035906606554623782,0.009822251950949719,-0.08044208403822224,-0.31970823130087794,-0.43279030358637943,-0.4444975732434856,-0.33176790686389773,0.2978734328142702,-0.9829467689219407,-0.40406986992263416,-0.6625707276359925,-0.20861449017515887,0.0,0.0,0.0,0.0,1.0
1.0476081168178597,-0.2976400372697294,-0.03922332726546233,-0.3886361824548233,0.11925155691517726,-0.2700176812907712,-0.2304451419261296,1.2819094447802872,0.23641369537642762,0.05363422775757728,-0.06486337586443404,-0.33176790686389773,0.2978734328142702,-0.9829467689219407,0.11792362228218634,0.33527340151233387,-0.20861449017515887,0.0,0.0,0.0,0.0,1.0
0.5637483331293008,0.2242851327434288,-0.09431790148405776,-0.28715173854087683,-0.18315239118670643,-0.5606653401656535,-0.5107571014493888,0.7710276214733461,0.08121687862927258,-0.05652800831359799,-0.2247093537082452,1.313032450995871,-0.6288835644697648,-0.4892566990205118,-0.027748980193577515,-0.4561202181570284,2.555527504645696,0.0,0.0,1.0,0.0,0.0
-0.08139804512211077,-0.2976400372697294,-0.3973380596863327,-0.3886361824548233,-0.353254611994016,-0.584885978405227,-0.5508016670955688,0.08985185706409143,-0.17744448261598583,-0.399405858036272,-0.4195216392053901,1.2787657768737928,-0.6288835644697648,0.40047045992272273,-0.27053665098651725,-0.5937538911430045,0.5187912979355925,0.0,0.0,1.0,0.0,0.0
1.0476081168178597,-0.07395782154980443,-0.12186518859335548,-0.4393784044117966,-0.1579520621782161,-0.4395621489677859,-0.33055655604157935,1.2819094447802872,-0.07397993811788246,-0.2077265953568287,-0.11981043074824413,-0.33176790686389773,-0.6288835644697648,-0.9829467689219407,-0.17342158266934138,-0.11203603569208828,-0.20861449017515887,0.0,1.0,0.0,0.0,0.0
0.40246173856644807,-0.14851856012311274,-0.27337526769449294,-0.3886361824548233,-0.07605099290062262,-0.34267959600949177,-0.19040057627994972,0.6007336803710325,-0.19296416429070135,-0.36930865158858966,-0.31961790305300813,-0.33176790686389773,0.22221980038292033,-0.2335957699644146,-0.2851039112340937,-0.1808528721850763,-0.20861449017515887,0.0,0.0,0.0,0.0,1.0
-0.5652578288106697,-0.3722007758430377,-0.5763954258967678,-0.4393784044117966,-0.6241581488352868,-0.6817685313635212,-0.6709353640341084,-0.4210299662428496,-0.7904719087672483,-0.6818234262298866,-0.5893579906644395,-0.33176790686389773,0.22221980038292033,-0.9829467689219407,-0.8459434307657846,-0.7657959823754745,-0.20861449017515887,0.0,0.0,0.0,0.0,1.0
1.0476081168178597,0.07516365559681218,-0.10809154503870662,-0.4393784044117966,0.16335213268003532,-0.41534151072821235,-0.450690252980119,1.2819094447802872,0.7873623948288281,-0.05802930337439715,-0.15977192520919692,1.1759657545075572,-0.6288835644697648,0.1560667494934989,0.635061361071148,1.3331175306606602,-2.5363130121295634,0.0,0.0,1.0,0.0,0.0
-0.4846145315292431,-0.6704437301362709,-0.6039427130060655,-0.540862848325743,-0.6178580665831642,-0.3911208724886388,-0.450690252980119,-0.3358829956916928,-0.46714520721067526,-0.5089844101982888,-0.5793676170492013,-0.33176790686389773,0.1843929841672454,0.3872950577432498,-0.5424588422746098,-0.31848654517105235,-0.20861449017515887,0.0,0.0,0.0,0.0,1.0
0.8056782249735804,-0.07395782154980443,-0.3422434854677372,-0.5916050702827164,-0.17055222668246126,-0.29423831953034474,-0.4106456873339391,1.0264685331268166,0.4097168074107508,-0.13284718196273096,-0.23969491413110253,-0.33176790686389773,0.1843929841672454,-0.010815743247312208,0.28059136171345606,-0.5593454728965105,-0.20861449017515887,0.0,0.0,0.0,0.0,1.0
-1.69426399075064,-0.6704437301362709,-0.9069628712083404,-0.4393784044117966,-0.9076618501808027,-0.8028717225613888,-0.7710467781495581,-1.6130875539590452,-1.0620663380747697,-0.9581625647342262,-0.914045133159681,-0.33176790686389773,-0.6288835644697648,-0.9829467689219407,-1.1008704850983713,-0.8346128188684625,-0.20861449017515887,0.0,1.0,0.0,0.0,0.0
-0.0007547478406842343,-0.5958829915629625,-0.5488481387874701,-0.6423472922396894,-0.561157326314061,-0.12469385185333003,-0.19040057627994972,0.17499882761524826,-0.7723656134800801,-0.5288951961309903,-0.49944462812729573,-0.33176790686389773,-0.6288835644697648,-0.9829467689219407,-0.8289482938102787,-0.6969791458824866,-0.20861449017515887,0.0,0.0,0.0,1.0,0.0
0.8056782249735804,-0.07395782154980443,-0.19073340636659977,-0.4393784044117966,-0.3343543652376483,-0.3669002342490653,-0.25046742474921957,1.0264685331268166,0.17433496867756562,-0.1432207822391468,-0.30962752943776994,-0.33176790686389773,0.10873935173589562,-0.5940943586520893,0.05965458129188066,-0.28407812692455836,-0.20861449017515887,0.0,0.0,0.0,0.0,1.0
1.0476081168178597,0.07516365559681218,-0.2458279805851952,-0.540862848325743,-0.17055222668246126,-0.07625257537418297,0.029844534774039665,1.2819094447802872,0.508008124683949,-0.09976929093441024,-0.25967566136157894,-0.33176790686389773,-0.6288835644697648,0.4558071490765093,0.37285067661477306,1.1610754394281901,-0.20861449017515887,0.0,0.0,0.0,1.0,0.0
1.0476081168178597,2.759350244235911,-0.06677061437476005,-0.3886361824548233,-0.30915403622915794,-0.6091066166448006,-0.5307793842724787,1.2819094447802872,0.2674530587258586,0.0859679186073093,-0.2696660349768171,-0.33176790686389773,0.08982594362805815,-0.3235178898393177,0.147058142777339,-0.21526129043157033,-0.20861449017515887,0.0,0.0,0.0,0.0,1.0
0.8863215222550066,-0.3722007758430377,-0.3146961983584395,-0.5916050702827164,-0.4225555167673643,-0.5606653401656535,-0.5708239499186587,1.1116155036779736,-0.28608225433899437,-0.3684513604472297,-0.3296082766682463,-0.33176790686389773,0.07091253552022077,-0.5412240747996095,-0.37250747271955204,-0.6969791458824866,-0.20861449017515887,0.0,0.0,0.0,0.0,1.0
0.9669648195364331,-0.446761514416346,-0.2458279805851952,-0.540862848325743,-0.20205263794307415,-0.6091066166448006,-0.6509130812110184,1.1967624742291303,0.07863026501682,-0.28733274844392376,-0.3246130898606272,-0.33176790686389773,0.05199912741238331,-0.8599763485801929,-0.030176856901506947,0.025597637293887764,-0.20861449017515887,0.0,0.0,0.0,0.0,1.0
0.16053184672216847,-0.5213222529896543,-0.5488481387874701,-0.6930895141966628,-0.38475502325462885,-0.3911208724886388,-0.33055655604157935,0.3452927687175619,-0.6689010689819769,-0.6839509988337537,-0.5194253753577721,0.9018323615309288,-0.6288835644697648,-0.9829467689219407,-0.7318332254931029,-0.4561202181570284,-1.372463751152361,0.0,0.0,1.0,0.0,0.0
0.8056782249735804,0.522528087036662,-0.3697907725770349,-0.6423472922396894,-0.30915403622915794,-0.3911208724886388,-0.33055655604157935,1.0264685331268166,0.21830740008925953,-0.16325407004755152,-0.37956014474443733,-0.33176790686389773,0.03308571930454584,-0.33485941847218836,0.10092848532668049,0.09441447378687579,-0.20861449017515887,0.0,0.0,0.0,0.0,1.0
0.8863215222550066,0.07516365559681218,-0.30092255480379065,-0.5916050702827164,-0.2587533782121773,-0.6817685313635212,-0.6709353640341084,1.1116155036779736,-0.14640511926655483,-0.37035482885171367,-0.37956014474443733,-0.33176790686389773,0.014172311196708375,-0.793637042869513,-0.2414021304913646,-0.24966970867806434,-0.20861449017515887,0.0,0.0,0.0,0.0,1.0
0.8056782249735804,0.8207710413298952,-0.3697907725770349,-0.6423472922396894,-0.46665609253222234,-0.22157640481162413,-0.0902891621645,1.0264685331268166,-0.20331061874051168,-0.33079401683409404,-0.4095312655901519,0.8332990132867718,-0.6288835644697648,-0.9829467689219407,-0.29481541806581124,-0.1808528721850763,1.3916782436684942,0.0,0.0,1.0,0.0,0.0
-0.08139804512211077,-0.6704437301362709,-0.7003582178886075,-0.7945739581106093,-0.6241581488352868,-0.3669002342490653,-0.3706011216877592,0.08985185706409143,-0.6689010689819769,-0.6331560187363778,-0.5993483642796777,-0.33176790686389773,-0.00474109691112909,-0.9829467689219407,-0.7318332254931029,-0.6969791458824866,-0.20861449017515887,0.0,0.0,0.0,0.0,1.0
1.0476081168178597,1.1935747341964367,-0.3835644161316838,-0.6930895141966628,-0.1579520621782161,-0.4880034254469329,-0.49073481862629886,1.2819094447802872,0.04759090166738899,-0.2984481124452902,-0.3845553315520564,-0.33176790686389773,-0.00474109691112909,-0.3235178898393177,-0.05931137739665979,0.19763972852635783,-0.20861449017515887,0.0,0.0,0.0,0.0,1.0
0.48310503584787423,-0.2976400372697294,-0.5350744952328212,-0.743831736153636,-0.2650534604642999,-0.5122240636865065,-0.5708239499186587,0.6858806509221893,-0.19296416429070135,-0.4704081390789418,-0.5044398149349149,-0.33176790686389773,-0.6288835644697648,-0.6196250724576857,-0.2851039112340937,-0.28407812692455836,-0.20861449017515887,1.0,0.0,0.0,0.0,0.0
0.48310503584787423,-0.2976400372697294,-0.5350744952328212,-0.743831736153636,-0.2650534604642999,-0.5122240636865065,-0.5708239499186587,0.6858806509221893,-0.19296416429070135,-0.4704081390789418,-0.5044398149349149,-0.33176790686389773,-0.6288835644697648,-0.6196250724576857,-0.2851039112340937,-0.28407812692455836,-0.20861449017515887,0.0,1.0,0.0,0.0,0.0
0.48310503584787423,-0.2976400372697294,-0.5350744952328212,-0.743831736153636,-0.2650534604642999,-0.5122240636865065,-0.5708239499186587,0.6858806509221893,-0.19296416429070135,-0.4704081390789418,-0.5044398149349149,-0.33176790686389773,-0.6288835644697648,-0.6196250724576857,-0.2851039112340937,-0.28407812692455836,-0.20861449017515887,0.0,1.0,0.0,0.0,0.0
0.3218184412850216,0.07516365559681218,-0.5626217823421189,-0.743831736153636,-0.5485571618098158,-0.6091066166448006,-0.5107571014493888,0.5155867098198756,-0.46455859359822266,-0.6169541194154057,-0.5444013093958676,-0.33176790686389773,-0.02365450501896647,-0.7508896853738035,-0.5400309655666804,-0.6625707276359925,-0.20861449017515887,0.0,0.0,0.0,0.0,1.0
0.6443916304107273,-0.22307929869642104,-0.4799799210142258,-0.6930895141966628,-0.3154541184812805,-0.7302098078426682,-0.7310022125033782,0.856174592024503,-0.182617709840891,-0.45356626861186233,-0.4844590677044384,-0.33176790686389773,-0.042567913126803934,0.044734601076952166,-0.2753924044023761,-0.4905286364035224,-0.20861449017515887,0.0,0.0,0.0,0.0,1.0
0.6443916304107273,-0.22307929869642104,-0.4799799210142258,-0.6930895141966628,-0.3154541184812805,-0.7302098078426682,-0.7310022125033782,0.856174592024503,-0.182617709840891,-0.45356626861186233,-0.4844590677044384,-0.33176790686389773,-0.042567913126803934,0.044734601076952166,-0.2753924044023761,-0.4905286364035224,-0.20861449017515887,0.0,0.0,0.0,0.0,1.0
0.3218184412850216,-0.22307929869642104,-0.6865845743339587,-0.8960584020245557,-0.6367583133395319,-0.12469385185333003,-0.1703782934568598,0.5155867098198756,-0.3171216176884254,-0.34864814452530696,-0.5543916830111058,-0.33176790686389773,-0.042567913126803934,-0.9055944077392284,-0.4016419932147049,-0.6625707276359925,-0.20861449017515887,0.0,0.0,0.0,0.0,1.0
-2.0974804771577724,-0.7450044687095791,-1.0309256632001802,-0.7945739581106093,-1.0714639887359898,-0.8513129990405359,-0.8911804750880977,-2.0388224067148295,-1.3000347904204073,-1.081629424944941,-1.018944056119682,-0.33176790686389773,-0.6288835644697648,-0.9829467689219407,-1.324235142227876,-1.1786970013334026,-0.20861449017515887,0.0,1.0,0.0,0.0,0.0
-1.855550585313493,-0.5958829915629625,-0.9896047325362336,-0.7945739581106093,-1.0147632484668865,-0.8270923608009624,-0.8311136266188279,-1.783381495061359,-1.1991568595347566,-1.044005909258691,-0.9739873748511102,-0.33176790686389773,-0.6288835644697648,-0.9829467689219407,-1.2295479506186293,-1.0410633283474267,-0.20861449017515887,0.0,1.0,0.0,0.0,0.0
-1.855550585313493,-0.5958829915629625,-0.9896047325362336,-0.7945739581106093,-1.0147632484668865,-0.8270923608009624,-0.8311136266188279,-1.783381495061359,-1.1991568595347566,-1.044005909258691,-0.9739873748511102,-0.33176790686389773,-0.6288835644697648,-0.9829467689219407,-1.2295479506186293,-1.0410633283474267,-0.20861449017515887,0.0,1.0,0.0,0.0,0.0
-0.0007547478406842343,-0.2976400372697294,-0.5901690694514167,-0.6930895141966628,-0.5989578198267965,-0.7059891696030947,-0.6909576468571983,0.17499882761524826,-0.736153022905744,-0.6540955280617929,-0.6393098587406305,-0.33176790686389773,-0.08039472934247886,-0.9829467689219407,-0.7949580198992672,-0.4561202181570284,-0.20861449017515887,0.0,0.0,0.0,0.0,1.0
-0.4846145315292431,-0.6704437301362709,-0.755452792107203,-0.7945739581106093,-0.6556585600958996,-0.53644470192608,-0.43066797015702907,-0.3358829956916928,-0.7827120679298906,-0.7632648524395854,-0.7292232212777743,-0.33176790686389773,-0.6288835644697648,-0.5261994933668772,-0.8386598006419964,-0.5249370546500164,-0.20861449017515887,0.0,0.0,0.0,1.0,0.0
-1.69426399075064,-0.7450044687095791,-0.9620574454269358,-0.7945739581106093,-0.9895629194583963,-0.8513129990405359,-0.8711581922650078,-1.6130875539590452,-1.2224363820468298,-1.013035815973648,-0.9490114408130147,0.6276989685543007,-0.6288835644697648,-0.9829467689219407,-1.251398840989994,-1.1442885830869087,-0.0631333325530086,0.0,0.0,1.0,0.0,0.0
-1.2910475043435077,-0.7450044687095791,-0.9069628712083404,-0.8453161800675826,-0.932862179189293,-0.6575478931239477,-0.6308907983879285,-1.1873527012032612,-1.0698261789121273,-0.9354635015312854,-0.8790788255063473,-0.33176790686389773,-0.6288835644697648,-0.9829467689219407,-1.1081541152221595,-0.8346128188684625,-0.20861449017515887,0.0,0.0,0.0,1.0,0.0
-1.0491176124992285,-0.446761514416346,-0.8380946534350961,-0.743831736153636,-0.8950616856765575,-0.8513129990405359,-0.8511359094419179,-0.9319117895497906,-0.9689482480264766,-0.9210371335750137,-0.8491077046606327,0.5591656203101438,-0.6288835644697648,-0.811666540588792,-1.013466923612913,-0.7657959823754745,-0.3540956477973092,0.0,0.0,1.0,0.0,0.0
-0.40397123424781656,0.000602917023503876,-0.755452792107203,-0.7945739581106093,-0.6997591358607577,-0.6333272548843741,-0.5508016670955688,-0.2507360251405359,-0.4852515024978433,-0.7321521793880926,-0.7442087817006315,-0.33176790686389773,-0.6288835644697648,-0.5469607331648346,-0.5594539792301157,-0.4217117999105344,-0.20861449017515887,0.0,0.0,0.0,1.0,0.0
-0.40397123424781656,0.000602917023503876,-0.755452792107203,-0.7945739581106093,-0.6997591358607577,-0.6333272548843741,-0.5508016670955688,-0.2507360251405359,-0.4852515024978433,-0.7321521793880926,-0.7442087817006315,-0.33176790686389773,-0.13713495366599118,-0.5469607331648346,-0.5594539792301157,-0.4217117999105344,-0.20861449017515887,0.0,0.0,0.0,0.0,1.0
-0.40397123424781656,0.000602917023503876,-0.755452792107203,-0.7945739581106093,-0.6997591358607577,-0.6333272548843741,-0.5508016670955688,-0.2507360251405359,-0.4852515024978433,-0.7321521793880926,-0.7442087817006315,-0.33176790686389773,-0.13713495366599118,-0.5469607331648346,-0.5594539792301157,-0.4217117999105344,-0.20861449017515887,0.0,0.0,0.0,0.0,1.0
-0.40397123424781656,0.000602917023503876,-0.755452792107203,-0.7945739581106093,-0.6997591358607577,-0.6333272548843741,-0.5508016670955688,-0.2507360251405359,-0.4852515024978433,-0.7321521793880926,-0.7442087817006315,-0.33176790686389773,-0.13713495366599118,-0.5469607331648346,-0.5594539792301157,-0.4217117999105344,-0.20861449017515887,0.0,0.0,0.0,0.0,1.0
0.5637483331293008,-0.14851856012311274,-0.6728109307793099,-0.8960584020245557,-0.5359569973055707,-0.6091066166448006,-0.6709353640341084,0.7710276214733461,-0.31970823130087794,-0.5609389755562958,-0.5993483642796777,0.5591656203101438,-0.6288835644697648,-0.8418924632358181,-0.40406986992263416,-0.4561202181570284,0.08234782506914168,0.0,0.0,1.0,0.0,0.0
-1.69426399075064,-0.6704437301362709,-0.9896047325362336,-0.946800623981529,-0.9958630017105188,-0.7786510843218153,-0.811091343795738,-1.6130875539590452,-1.1810505642475886,-1.0088910349048954,-0.9590018144282528,-0.33176790686389773,-0.15604836177382864,-0.9829467689219407,-1.2125528136631236,-1.1098801648404146,-0.20861449017515887,0.0,0.0,0.0,0.0,1.0
-1.69426399075064,-0.6704437301362709,-0.9896047325362336,-0.946800623981529,-0.9958630017105188,-0.7786510843218153,-0.811091343795738,-1.6130875539590452,-1.1810505642475886,-1.0088910349048954,-0.9590018144282528,-0.33176790686389773,-0.15604836177382864,-0.9829467689219407,-1.2125528136631236,-1.1098801648404146,-0.20861449017515887,0.0,0.0,0.0,0.0,1.0
0.3218184412850216,-0.3722007758430377,-0.6728109307793099,-0.8453161800675826,-0.6871589713565125,-0.6817685313635212,-0.7310022125033782,0.5155867098198756,-0.6921805914940501,-0.6836162116721064,-0.6542954191634878,-0.33176790686389773,-0.15604836177382864,-0.9055944077392284,-0.7536841158644675,-0.6969791458824866,-0.20861449017515887,0.0,0.0,0.0,0.0,1.0
-0.6459011260920962,-0.446761514416346,-0.7692264356618518,-0.743831736153636,-0.7753601228862286,-0.7302098078426682,-0.6308907983879285,-0.5061769367940064,-0.8215112721166793,-0.815406905311021,-0.8041510233920608,-0.33176790686389773,-0.1749617698816661,-0.09950138067727841,-0.8750779512609373,-0.9378380736079446,-0.20861449017515887,0.0,0.0,0.0,0.0,1.0
-0.40397123424781656,-0.5958829915629625,-0.7830000792165007,-0.8453161800675826,-0.8068605341468416,-0.7302098078426682,-0.6909576468571983,-0.2507360251405359,-0.9767080888638343,-0.8661333091749133,-0.769184715738727,-0.33176790686389773,-0.6288835644697648,-0.9829467689219407,-1.0207505537367012,-0.5249370546500164,-0.20861449017515887,0.0,0.0,0.0,1.0,0.0
0.16053184672216847,-0.6704437301362709,-0.7141318614432564,-0.8960584020245557,-0.5926577375746739,-0.6575478931239477,-0.6509130812110184,0.3452927687175619,-0.3533342082627616,-0.6315518585596668,-0.6992521004320597,-0.33176790686389773,-0.6288835644697648,-0.9829467689219407,-0.4356322671257164,-0.00881078095260625,-0.20861449017515887,1.0,0.0,0.0,0.0,0.0
-1.2910475043435077,-0.6704437301362709,-0.9620574454269358,-1.0482850678954754,-0.9013617679286802,-0.6817685313635212,-0.7109799296802882,-1.1873527012032612,-1.0749994061370325,-0.994228291285393,-0.9240355067749192,-0.33176790686389773,-0.6288835644697648,-0.9829467689219407,-1.1130098686380183,-0.7313875641289805,-0.20861449017515887,1.0,0.0,0.0,0.0,0.0
-1.2910475043435077,-0.6704437301362709,-0.9620574454269358,-1.0482850678954754,-0.9013617679286802,-0.6817685313635212,-0.7109799296802882,-1.1873527012032612,-1.0749994061370325,-0.994228291285393,-0.9240355067749192,-0.33176790686389773,-0.6288835644697648,-0.9829467689219407,-1.1130098686380183,-0.7313875641289805,-0.20861449017515887,1.0,0.0,0.0,0.0,0.0
-1.3716908016249343,-0.6704437301362709,-0.948283801872287,-0.946800623981529,-1.0021630839626414,-0.8028717225613888,-0.7910690609726481,-1.272499671754418,-1.2379560637215454,-1.0039937173103974,-0.9390210671977764,-0.33176790686389773,-0.26952881042085336,-0.9829467689219407,-1.2659661012375703,-1.1098801648404146,-0.20861449017515887,0.0,0.0,0.0,0.0,1.0
-1.3716908016249343,-0.6704437301362709,-0.948283801872287,-0.946800623981529,-1.0021630839626414,-0.8028717225613888,-0.7910690609726481,-1.272499671754418,-1.2379560637215454,-1.0039937173103974,-0.9390210671977764,-0.33176790686389773,-0.26952881042085336,-0.9829467689219407,-1.2659661012375703,-1.1098801648404146,-0.20861449017515887,0.0,0.0,0.0,0.0,1.0
-0.807187720654949,-0.07395782154980443,-0.8931892276536916,-0.9975428459385022,-0.9076618501808027,-0.6817685313635212,-0.7109799296802882,-0.6764708778963201,-0.9198025893898775,-0.8547994047033979,-0.8840740123139664,-0.33176790686389773,-0.2884422185286908,-0.9829467689219407,-0.9673372661622545,-0.9034296553614506,-0.20861449017515887,0.0,0.0,0.0,0.0,1.0
-0.807187720654949,-0.07395782154980443,-0.8931892276536916,-0.9975428459385022,-0.9076618501808027,-0.6817685313635212,-0.7109799296802882,-0.6764708778963201,-0.9198025893898775,-0.8547994047033979,-0.8840740123139664,-0.33176790686389773,-0.2884422185286908,-0.9829467689219407,-0.9673372661622545,-0.9034296553614506,-0.20861449017515887,0.0,0.0,0.0,0.0,1.0
-1.532977396187787,-0.6704437301362709,-0.9758310889815848,-0.9975428459385022,-1.0147632484668865,-0.8270923608009624,-0.8711581922650078,-1.4427936128567316,-1.258648972621166,-1.0287642128041594,-0.9739873748511102,-0.33176790686389773,-0.6288835644697648,-0.9829467689219407,-1.2853891149010055,-1.1786970013334026,-0.20861449017515887,0.0,0.0,0.0,1.0,0.0
-1.532977396187787,-0.6704437301362709,-0.9758310889815848,-0.9975428459385022,-1.0147632484668865,-0.8270923608009624,-0.8711581922650078,-1.4427936128567316,-1.258648972621166,-1.0287642128041594,-0.9739873748511102,-0.33176790686389773,-0.3451824428522031,-0.9829467689219407,-1.2853891149010055,-1.1786970013334026,-0.20861449017515887,0.0,0.0,0.0,0.0,1.0
-1.532977396187787,-0.6704437301362709,-0.9758310889815848,-0.9975428459385022,-1.0147632484668865,-0.8270923608009624,-0.8711581922650078,-1.4427936128567316,-1.258648972621166,-1.0287642128041594,-0.9739873748511102,-0.33176790686389773,-0.6288835644697648,-0.9829467689219407,-1.2853891149010055,-1.1786970013334026,-0.20861449017515887,0.0,1.0,0.0,0.0,0.0
-1.532977396187787,-0.6704437301362709,-0.9758310889815848,-0.9975428459385022,-1.0147632484668865,-0.8270923608009624,-0.8711581922650078,-1.4427936128567316,-1.258648972621166,-1.0287642128041594,-0.9739873748511102,-0.33176790686389773,-0.3451824428522031,-0.9829467689219407,-1.2853891149010055,-1.1786970013334026,-0.20861449017515887,0.0,0.0,0.0,0.0,1.0
0.9669648195364331,1.7154999042095949,-0.7692264356618518,-1.0482850678954754,-0.6997591358607577,-0.7302098078426682,-0.7310022125033782,1.1967624742291303,0.5183545791337593,-0.2342189502438868,-0.7591943421234889,-0.33176790686389773,-0.3640958509600406,0.8001243260334034,0.38256218344649046,-0.6625707276359925,-0.20861449017515887,0.0,0.0,0.0,0.0,1.0
-0.3233279369663904,-0.7450044687095791,-0.9207365147629892,-1.0990272898524487,-0.8257607809032093,-0.6575478931239477,-0.7109799296802882,-0.1655890545893791,-0.8551372490785629,-0.84448455638105,-0.8790788255063473,-0.33176790686389773,-0.38300925906787797,-0.9829467689219407,-0.9066403484640195,-0.9034296553614506,-0.20861449017515887,0.0,0.0,0.0,0.0,1.0
-0.0007547478406842343,0.2242851327434288,-0.8243210098804473,-0.9975428459385022,-0.9265620969371705,-0.8513129990405359,-0.8711581922650078,0.17499882761524826,-0.6792475234317872,-0.7922831336173397,-0.8690884518911091,-0.33176790686389773,-0.6288835644697648,-0.8053228284283049,-0.7415447323248204,-0.7657959823754745,-0.20861449017515887,0.0,0.0,0.0,1.0,0.0
-0.5652578288106697,-0.446761514416346,-0.9207365147629892,-1.0482850678954754,-0.9517624259456607,-0.7544304460822417,-0.7710467781495581,-0.4210299662428496,-1.1267316783860841,-0.9582918982981823,-0.914045133159681,0.07943218260104448,-0.6288835644697648,-0.9829467689219407,-1.1615674027966063,-1.0754717465939205,0.08234782506914168,0.0,0.0,1.0,0.0,0.0
-0.8878310179363754,-0.5213222529896543,-0.948283801872287,-1.0990272898524487,-0.9265620969371705,-0.7544304460822417,-0.5708239499186587,-0.7616178484474769,-1.1189718375487265,-0.9750092513317068,-0.9390210671977764,-0.33176790686389773,-0.6288835644697648,-0.9829467689219407,-1.1542837726728181,-0.9034296553614506,-0.20861449017515887,0.0,0.0,0.0,1.0,0.0
0.07988854944074195,-0.5958829915629625,-0.8380946534350961,-1.0482850678954754,-0.8698613566680673,-0.8028717225613888,-0.811091343795738,0.2601457981664051,-0.7620191590302698,-0.8132854113800603,-0.8690884518911091,-0.33176790686389773,-0.4019226671757155,-0.8973066547553663,-0.8192367869785612,-0.7657959823754745,-0.20861449017515887,0.0,0.0,0.0,0.0,1.0
-0.40397123424781656,-0.446761514416346,-0.9207365147629892,-1.0990272898524487,-0.9265620969371705,-0.7544304460822417,-0.7910690609726481,-0.2507360251405359,-1.0956923150366533,-0.951337901705125,-0.9090499463520619,-0.33176790686389773,-0.4208360752835529,-0.9829467689219407,-1.1324328823014533,-1.0754717465939205,-0.20861449017515887,0.0,0.0,0.0,0.0,1.0
-0.40397123424781656,-0.14851856012311274,-0.9069628712083404,-1.0482850678954754,-0.8761614389201898,-0.8270923608009624,-0.8711581922650078,-0.2507360251405359,-0.8810033852030887,-0.8896700491195345,-0.914045133159681,-0.33176790686389773,-0.6288835644697648,-0.6559572421041111,-0.9309191155433135,-0.7657959823754745,-0.20861449017515887,0.0,0.0,0.0,1.0,0.0
-2.0168371798763456,-0.7450044687095791,-1.0309256632001802,-1.0482850678954754,-1.0777640709881122,-0.8755336372801094,-0.9112027579111877,-1.9536754361636726,-1.307794631257765,-1.0929863431263633,-1.023939242927301,-0.33176790686389773,-0.43974948339139036,-0.9829467689219407,-1.3315187723516642,-1.1098801648404146,-0.20861449017515887,0.0,0.0,0.0,0.0,1.0
-2.0168371798763456,-0.7450044687095791,-1.044699306754829,-1.3019961776803417,-1.0840641532402349,-0.8270923608009624,-0.8711581922650078,-1.9536754361636726,-1.3129678584826703,-1.0847018195171632,-1.023939242927301,-0.33176790686389773,-0.6288835644697648,-0.9829467689219407,-1.336374525767523,-1.1786970013334026,-0.20861449017515887,0.0,1.0,0.0,0.0,0.0
-2.0168371798763456,-0.7450044687095791,-1.044699306754829,-1.3019961776803417,-1.0840641532402349,-0.8270923608009624,-0.8711581922650078,-1.9536754361636726,-1.3129678584826703,-1.0847018195171632,-1.023939242927301,-0.33176790686389773,-0.6288835644697648,-0.9829467689219407,-1.336374525767523,-1.1786970013334026,-0.20861449017515887,0.0,1.0,0.0,0.0,0.0
-1.7749072880320667,-0.7450044687095791,-1.0171520196455313,-1.0990272898524487,-1.0462636597274995,-0.8755336372801094,-0.9112027579111877,-1.6982345245102022,-1.2922749495830497,-1.0710101967212455,-1.0089536825044438,-0.33176790686389773,-0.43974948339139036,-0.9829467689219407,-1.3169515121040876,-1.0754717465939205,-0.20861449017515887,0.0,0.0,0.0,0.0,1.0
-0.0007547478406842343,-0.7450044687095791,-0.9069628712083404,-1.0990272898524487,-0.8761614389201898,-0.8270923608009624,-0.8311136266188279,0.17499882761524826,-1.0103340658257178,-0.9609524370542185,-0.9090499463520619,-0.023367839765191047,-0.6288835644697648,-0.9829467689219407,-1.0523129509397833,-0.9722464918544386,-0.6450579630416097,0.0,0.0,1.0,0.0,0.0
-1.452334098906361,-0.7450044687095791,-1.0033783760908825,-1.149769511809422,-1.0336634952232542,-0.8513129990405359,-0.8711581922650078,-1.3576466423055749,-1.2741686542958814,-1.0692319114725803,-0.9939681220815866,-0.023367839765191047,-0.6288835644697648,-0.9829467689219407,-1.2999563751485819,-1.1442885830869087,-0.3540956477973092,0.0,0.0,1.0,0.0,0.0
-1.6136206934692139,-0.7450044687095791,-1.0171520196455313,-1.149769511809422,-1.0714639887359898,-0.8270923608009624,-0.7910690609726481,-1.5279405834078885,-1.240542677333998,-1.0516213828938843,-1.0039584956968248,-0.33176790686389773,-0.6288835644697648,-0.9829467689219407,-1.2683939779454998,-1.0754717465939205,-0.20861449017515887,0.0,0.0,0.0,1.0,0.0
-1.129760909780655,-0.7450044687095791,-0.9896047325362336,-1.149769511809422,-0.9895629194583963,-0.8755336372801094,-0.9112027579111877,-1.0170587601009475,-1.2172631548219246,-1.044828411012136,-0.9789825616587293,-0.33176790686389773,-0.4775762996070652,-0.9829467689219407,-1.2465430875741352,-1.1098801648404146,-0.20861449017515887,0.0,0.0,0.0,0.0,1.0
-1.129760909780655,-0.7450044687095791,-0.9896047325362336,-1.149769511809422,-0.9895629194583963,-0.8755336372801094,-0.9112027579111877,-1.0170587601009475,-1.2172631548219246,-1.044828411012136,-0.9789825616587293,-0.33176790686389773,-0.4775762996070652,-0.9829467689219407,-1.2465430875741352,-1.1098801648404146,-0.20861449017515887,0.0,0.0,0.0,0.0,1.0
-0.807187720654949,-0.7450044687095791,-0.9620574454269358,-1.0990272898524487,-0.9895629194583963,-0.8270923608009624,-0.8711581922650078,-0.6764708778963201,-1.0387868155626963,-0.9146807288201864,-0.963997001235872,-0.05763451388726956,-0.6288835644697648,-0.9829467689219407,-1.0790195947270067,-0.6625707276359925,0.08234782506914168,0.0,0.0,1.0,0.0,0.0
-0.807187720654949,-0.7450044687095791,-0.9620574454269358,-1.0990272898524487,-0.9895629194583963,-0.8270923608009624,-0.8711581922650078,-0.6764708778963201,-1.0387868155626963,-0.9146807288201864,-0.963997001235872,-0.33176790686389773,-0.4775762996070652,-0.9829467689219407,-1.0790195947270067,-0.6625707276359925,-0.20861449017515887,0.0,0.0,0.0,0.0,1.0
-1.7749072880320667,-0.7450044687095791,-1.0171520196455313,-1.0990272898524487,-1.0714639887359898,-0.8755336372801094,-0.9112027579111877,-1.6982345245102022,-1.3103812448702177,-1.08006603281002,-1.013948869312063,-0.33176790686389773,-0.4775762996070652,-0.9829467689219407,-1.3339466490595935,-1.1442885830869087,-0.20861449017515887,0.0,0.0,0.0,0.0,1.0
-0.8878310179363754,-0.7450044687095791,-1.0309256632001802,-1.2512539557233684,-1.0021630839626414,-0.8755336372801094,-0.9112027579111877,-0.7616178484474769,-1.1862237914724936,-1.0461259720913052,-1.023939242927301,-0.2975012327418192,-0.6288835644697648,-0.9829467689219407,-1.2174085670789823,-1.0410633283474267,-0.4995768054194595,0.0,0.0,1.0,0.0,0.0
-1.532977396187787,-0.7450044687095791,-1.044699306754829,-1.3019961776803417,-1.0714639887359898,-0.8755336372801094,-0.9112027579111877,-1.4427936128567316,-1.2948615631955023,-1.0973312970708793,-1.0339296165425393,-0.33176790686389773,-0.6288835644697648,-0.9829467689219407,-1.319379388812017,-1.1786970013334026,-0.20861449017515887,0.0,0.0,0.0,0.0,1.0
-1.532977396187787,-0.7450044687095791,-1.044699306754829,-1.3019961776803417,-1.0714639887359898,-0.8755336372801094,-0.9112027579111877,-1.4427936128567316,-1.2948615631955023,-1.0973312970708793,-1.0339296165425393,-0.33176790686389773,-0.6288835644697648,-0.9829467689219407,-1.319379388812017,-1.1786970013334026,-0.20861449017515887,0.0,0.0,0.0,0.0,1.0
-2.0974804771577724,-0.7450044687095791,-1.044699306754829,-1.3019961776803417,-1.0777640709881122,-0.8755336372801094,-0.9112027579111877,-2.0388224067148295,-1.3233143129324807,-1.0906325439240065,-1.0339296165425393,-0.33176790686389773,-0.6288835644697648,-0.9829467689219407,-1.3460860325992405,-1.1786970013334026,-0.20861449017515887,0.0,0.0,1.0,0.0,0.0
-2.0168371798763456,-0.7450044687095791,-1.044699306754829,-1.3019961776803417,-1.0840641532402349,-0.8755336372801094,-0.8711581922650078,-1.9536754361636726,-1.3233143129324807,-1.1031803558899702,-1.0339296165425393,-0.33176790686389773,-0.6288835644697648,-0.9829467689219407,-1.3460860325992405,-1.1786970013334026,-0.20861449017515887,0.0,0.0,0.0,0.0,1.0
-2.0168371798763456,-0.7450044687095791,-1.044699306754829,-1.3019961776803417,-1.0903642354923575,-0.8755336372801094,-0.9112027579111877,-1.9536754361636726,-1.3259009265449333,-1.095561483467359,-1.0339296165425393,-0.33176790686389773,-0.6288835644697648,-0.9829467689219407,-1.3485139093071699,-1.1442885830869087,-0.20861449017515887,0.0,0.0,0.0,0.0,1.0
