avail_rate,blk,fg,fg_per_g,fga,ft,fta,g,mp,pca1,pts,pts_rookie,pts_vet,pts_hardship,start_rate,team_min,tov,ws_rookie,ws_vet,ws_hardship,group_controlled,group_hardship,group_other,group_rookie,group_unknown,group_veteran
0.9483218393259396,2.051636036238045,1.653983576502469,1.8568727463063783,1.692328711935304,2.997858748678319,2.745874976237537,0.49001731494379425,1.177890621952341,2.0159369547045833,1.7254132552117125,5.486001212593945,-0.6629792271560332,-0.20785458352844413,1.29247797799379,1.6145154141419364,0.2925659383030421,7.4615684631326324,-0.46721194829382007,-0.11666503672270934,0.0,0.0,0.0,1.0,0.0,0.0
-0.9030494860835242,-0.648334048873561,-1.049214825392721,-1.1744309933092387,-1.0191823611020014,-0.8911866963808163,-0.8979007517465154,-1.0704235141421734,-1.1477813557972198,-1.098097788631657,-1.0451756331825603,-0.010045494826929251,-0.6629792271560332,-0.20785458352844413,-1.0667650090550265,-1.1178301641512052,-0.9573769367417501,-0.9013717900117385,-0.46721194829382007,-0.11666503672270934,0.0,0.0,0.0,1.0,0.0,0.0
0.7426139142804437,-0.43517851583843425,-0.3767774119859573,-0.4290284343873657,-0.10712863653490783,0.11018428647872135,0.008223371085497685,0.31663500060090893,-0.1834783406327678,-0.24987318394580496,-0.1979305249565437,1.6515500213700791,-0.6629792271560332,-0.20785458352844413,-0.7521992774485177,0.015093612214243714,-0.07903870022378802,0.17771727491011582,-0.46721194829382007,-0.11666503672270934,0.0,0.0,0.0,1.0,0.0,0.0
-0.9030494860835242,-0.43517851583843425,-0.3095336706452809,0.8133091638157562,-0.298166916680718,0.34306125923675335,0.1817365009895002,-1.0704235141421734,-0.6578947972912148,-0.3408222426101641,-0.20279974971646336,-0.36153685402245034,1.7500318865890452,-0.20785458352844413,0.11285648446938179,-0.5422806520938915,0.12365473897266477,-0.22694112443557954,-0.07730402044940593,-0.11666503672270934,0.0,0.0,0.0,0.0,0.0,1.0
-0.4916336359925322,-0.364126671493392,-1.0223173288564504,-1.1744309933092387,-0.9698821597740505,-0.9144743936566195,-0.8979007517465154,-0.7236588854564029,-1.1529380564130727,-1.03655428090484,-1.0159602846230424,-0.36153685402245034,-0.6629792271560332,-0.20785458352844413,-1.0667650090550265,-1.123888580067598,-1.0587236563399764,-0.22694112443557954,-0.46721194829382007,-0.11666503672270934,0.0,0.0,0.0,0.0,1.0,0.0
-2.240150998879248,-0.7904377375636455,-1.1299073150015326,-1.3732050090217383,-1.1794080154178421,-0.9377620909324227,-0.9750176983705166,-2.197408557370928,-1.4468699915166756,-1.1892622408383573,-1.118214004581355,-0.36153685402245034,-0.6629792271560332,-0.20785458352844413,-1.0667650090550265,-1.4692182873019861,-1.2614170955364292,-0.22694112443557954,-0.46721194829382007,-0.11666503672270934,0.0,0.0,0.0,0.0,0.0,1.0
0.3311980641894517,-0.29307482714834976,0.4973912254428355,0.9623896756001308,0.48447377940050423,0.15675968103032775,-0.030335102226502875,-0.03012962808486168,0.18264740309277286,0.3230987667050022,0.5519300880710802,-0.36153685402245034,-0.6629792271560332,-0.20785458352844413,-0.06862374530360411,0.4452411422781307,-0.24794989955416535,-0.22694112443557954,-0.46721194829382007,-0.11666503672270934,0.0,0.0,0.0,0.0,1.0,0.0
0.22834410166670369,0.7016509936822419,0.2956600014208064,0.7139221559595064,0.3119230747526757,0.36634895651255656,0.2781326842695016,-0.11682078525630432,0.33477007126042707,0.3238192869337538,0.3328149738746966,-0.36153685402245034,1.4799187022145963,-0.20785458352844413,0.44315050265621614,0.6239644118117176,-0.11282094008986349,-0.22694112443557954,1.0274351084431006,-0.11666503672270934,0.0,0.0,0.0,0.0,0.0,1.0
-2.034443073833752,-0.7904377375636455,-1.0761123219289916,-0.7271894579561149,-1.086970137927934,-0.8678989991050131,-0.8979007517465154,-2.0240262430280427,-1.35920608104718,-1.117143224481742,-1.0646525322222389,-0.36153685402245034,0.0032999609676078504,-0.20785458352844413,-1.0667650090550265,-1.3662252167233089,-1.160070375938203,-0.22694112443557954,-0.46721194829382007,-0.11666503672270934,0.0,0.0,0.0,0.0,0.0,1.0
0.7426139142804437,1.6963768145128335,0.2956600014208064,0.36606762846263224,0.3427357005826451,-0.16926808083091707,-0.14601052216250454,0.31663500060090893,0.3863370774189539,0.15350958280180696,0.22082280439654497,-0.36153685402245034,0.9937149703405875,-0.20785458352844413,1.0565536792889085,0.6845485709756454,0.5628238572316459,-0.22694112443557954,0.11764994347280117,-0.11666503672270934,0.0,0.0,0.0,0.0,0.0,1.0
-2.240150998879248,-0.7904377375636455,-1.1299073150015326,-1.3732050090217383,-1.1732454902518483,-0.9377620909324227,-0.9750176983705166,-2.197408557370928,-1.4546050424404546,-1.1915033325544129,-1.118214004581355,-0.36153685402245034,-0.6629792271560332,-0.20785458352844413,-1.0667650090550265,-1.4783059111765753,-1.2614170955364292,-0.22694112443557954,-0.46721194829382007,-0.11666503672270934,0.0,0.0,0.0,0.0,1.0,0.0
0.22834410166670369,-0.5062303601834766,-0.7802398600300156,-0.8762699697404895,-0.593968124648424,-0.4487204481405555,-0.4737575453145093,-0.11682078525630432,-0.704305102833889,-0.7740213529514405,-0.7335452485477036,0.6609834636372472,-0.6629792271560332,-0.20785458352844413,-0.8780255700911211,-0.5968063953414265,-0.8560302171435237,-0.7664856568965068,-0.46721194829382007,-0.11666503672270934,0.0,0.0,0.0,1.0,0.0,0.0
0.7426139142804437,0.34639177195703064,1.0353411561682464,1.310244203097005,1.2609519503157325,1.344432242096291,1.2999322270375164,0.31663500060090893,0.9123205402359278,0.9317487090606216,1.2482292287395882,-0.36153685402245034,-0.6629792271560332,-0.20785458352844413,1.29247797799379,1.3025069944477083,0.799299536294174,-0.22694112443557954,-0.46721194829382007,-0.11666503672270934,0.0,0.0,0.0,0.0,1.0,0.0
0.9483218393259396,-0.7904377375636455,1.5463935903573869,1.7077922345220038,2.0251050708989733,1.8800492794397647,1.7240754334695225,0.49001731494379425,1.131480316409667,1.4210208119266725,1.798451626610507,-0.36153685402245034,-0.6629792271560332,-0.20785458352844413,1.29247797799379,1.5599896708944014,1.0357752153567024,-0.22694112443557954,-0.46721194829382007,-0.11666503672270934,0.0,0.0,0.0,0.0,1.0,0.0
-0.2859257109470362,0.34639177195703064,-0.5112648946673101,-0.2302544186748663,-0.4645550961625526,-0.19255577810672028,-0.31952365206650707,-0.5502765711135176,-0.5728092371296455,-0.44761214515396475,-0.47547633627196295,-0.36153685402245034,-0.6629792271560332,-0.20785458352844413,-0.12306781423549981,-0.4423167894734108,-0.6871190178131464,-0.22694112443557954,-0.46721194829382007,-0.11666503672270934,0.0,0.0,0.0,0.0,1.0,0.0
-0.6973415610380281,0.06218439457686159,-0.9685223357839093,-0.9756569775967392,-0.939069533944081,-0.6815974208985875,-0.7051083851865126,-0.8970411997992882,-1.0884792987149141,-0.950794069536549,-0.9331834637044087,0.4053533842223228,-0.6629792271560332,-0.20785458352844413,-1.0667650090550265,-1.0481583811126882,-0.7209012576792219,-0.36182725755081135,-0.46721194829382007,-0.11666503672270934,0.0,0.0,0.0,1.0,0.0,0.0
0.7426139142804437,0.6305991493371997,0.08048002913064199,0.11760010882200789,-0.07015348553894457,-0.33228196176153946,-0.35808212537850764,0.31663500060090893,0.05888658831230841,0.0021052301899117647,-0.04211533263911536,-0.36153685402245034,-0.6629792271560332,-0.20785458352844413,-0.20170924713712715,0.29983916028470414,-0.31551437928631626,-0.22694112443557954,-0.46721194829382007,-0.11666503672270934,0.0,0.0,0.0,0.0,1.0,0.0
0.9483218393259396,-0.22202298280330746,-0.7802398600300156,-0.9756569775967392,-0.8527941816201667,-0.8213236045534067,-0.7436668584985132,0.49001731494379425,-0.7455587077607104,-0.7519316647643498,-0.8406681932659357,-0.36153685402245034,-0.6629792271560332,-0.20785458352844413,-1.0667650090550265,-0.6452737226725688,-0.6533367779470709,-0.22694112443557954,-0.46721194829382007,-0.11666503672270934,1.0,0.0,0.0,0.0,0.0,0.0
0.8454678768031916,0.6305991493371997,-0.6995473704212039,-0.8762699697404895,-0.7850064047942341,-0.5418712372437683,-0.589432965250511,0.4033261577723516,-0.40521646711443327,-0.542593807455479,-0.7238067990278644,-0.36153685402245034,-0.6629792271560332,-0.20785458352844413,-0.2296142717151238,-0.2454182721906456,-0.6533367779470709,-0.22694112443557954,-0.46721194829382007,-0.11666503672270934,0.0,0.0,0.0,0.0,1.0,0.0
-1.62302722374276,-0.5772822045285187,-0.9416248392476388,-0.3793349304592408,-1.0006947856040198,-0.7980359072776035,-0.8400630417785147,-1.677261614342272,-1.1812999098002623,-1.0327248798388675,-0.9526603627440873,-0.36153685402245034,-0.6629792271560332,3.148223301584388,-0.3926955841839361,-1.1572098676077582,-0.8898124570095992,-0.22694112443557954,-0.46721194829382007,-0.4700093823948386,0.0,1.0,0.0,0.0,0.0,0.0
0.9483218393259396,-0.5772822045285187,1.6001885834299279,1.7574857384501286,1.5937283092794021,1.2978568475446846,1.3770491736615176,0.49001731494379425,1.3016514367328056,1.3064700674937357,1.49169046673557,-0.36153685402245034,2.362288437837796,-0.20785458352844413,1.29247797799379,1.7599173961353631,2.758669448526551,-0.22694112443557954,0.18263459811353683,-0.11666503672270934,0.0,0.0,0.0,0.0,0.0,1.0
-1.417319298697264,-0.7193858932186034,-1.0223173288564504,-0.9259634736686144,-1.0130198359360076,-0.9377620909324227,-0.9750176983705166,-1.5038792999993866,-1.0910576490228403,-1.0497077562940396,-1.0159602846230424,-0.36153685402245034,-0.6629792271560332,-0.20785458352844413,-1.0667650090550265,-1.0511875890708846,-1.0925058962060519,-0.22694112443557954,-0.46721194829382007,-0.11666503672270934,1.0,0.0,0.0,0.0,0.0,0.0
0.5369059892349477,2.620050790998383,1.4791498490167105,2.055646762018878,1.5444281079514508,2.159501646749403,2.0518224566215273,0.14325268625802362,0.9535741451627493,1.6787744182594257,1.652374883812918,-0.36153685402245034,-0.6629792271560332,-0.20785458352844413,1.29247797799379,1.3509743217788506,0.2925659383030421,-0.22694112443557954,-0.46721194829382007,-0.11666503672270934,0.0,0.0,0.0,0.0,1.0,0.0
-1.7258811862655081,-0.7904377375636455,-1.008868580588315,-0.6278024500998651,-1.0808076127619402,-0.9377620909324227,-0.9750176983705166,-1.7639527715137147,-1.3231091767362113,-1.1024243348367282,-1.0110910598631229,-0.36153685402245034,-0.6629792271560332,-0.20785458352844413,-1.0667650090550265,-1.3238163053085596,-1.0925058962060519,-0.22694112443557954,-0.46721194829382007,-0.11666503672270934,0.0,0.0,0.0,0.0,1.0,0.0
-0.3887796734697842,-0.364126671493392,-0.7129961186893392,-0.5781089461717402,-0.5878055994824302,-0.6350220263469811,-0.5315952552825102,-0.6369677282849602,-0.6346896445198777,-0.7284793645748062,-0.7140683495080251,-0.36153685402245034,0.1293527803423508,-0.20785458352844413,-0.4459115914106011,-0.5150177804701241,-0.5519900583488445,-0.22694112443557954,-0.5971812575752914,-0.11666503672270934,0.0,0.0,0.0,0.0,0.0,1.0
0.6397599517576956,-0.5062303601834766,-0.1750461879639282,-0.18056091474674138,-0.15026631269686494,-0.16926808083091707,-0.24240670544250595,0.22994384342946628,0.8066081776109477,0.07914660796123861,-0.13463060307758845,-0.36153685402245034,-0.6629792271560332,-0.20785458352844413,1.29247797799379,1.1783094681616566,0.4952593774994949,-0.22694112443557954,-0.46721194829382007,-0.11666503672270934,0.0,0.0,0.0,0.0,1.0,0.0
0.9483218393259396,2.1937397249281294,0.32255749795707694,0.3163741245345073,0.022284391950963565,-0.16926808083091707,-0.08817281219450371,0.49001731494379425,1.10827516363833,0.6427852744800182,0.09422296063863445,-0.36153685402245034,-0.6629792271560332,-0.20785458352844413,1.29247797799379,1.532726799270634,0.32634817816911754,-0.22694112443557954,-0.46721194829382007,-0.11666503672270934,0.0,0.0,0.0,0.0,1.0,0.0
0.9483218393259396,-0.364126671493392,-0.39022616025409257,-0.5284154422436155,-0.3351420676766812,-0.5651589345195714,-0.589432965250511,0.49001731494379425,0.13881544785802502,-0.2682088015321098,-0.3732226163136506,-0.36153685402245034,-0.6629792271560332,-0.20785458352844413,-0.32950157560227133,0.39374460698879216,-0.34929661915239174,-0.22694112443557954,-0.46721194829382007,-0.11666503672270934,1.0,0.0,0.0,0.0,0.0,0.0
0.9483218393259396,0.4174436163020729,1.4791498490167105,1.6580987305938786,0.9158505410200756,0.9718290856834398,1.0107436771975122,0.49001731494379425,1.072178259327361,1.3483412393484564,1.170321632580874,-0.36153685402245034,1.9841299797135672,-0.20785458352844413,1.29247797799379,1.4903178878558845,1.1033396950888532,-0.22694112443557954,3.4968519847910566,-0.11666503672270934,0.0,0.0,0.0,0.0,0.0,1.0
-2.1372970363565,-0.7904377375636455,-1.1164585667333973,-1.124737489381114,-1.1547579147538667,-0.9144743936566195,-0.936459225058516,-2.1107174001994853,-1.397881335666075,-1.168716958692429,-1.0987371055416764,-0.36153685402245034,-0.3028283146567678,-0.20785458352844413,-1.0667650090550265,-1.4116633360962547,-1.1262881360721275,-0.22694112443557954,-0.5321966029345557,-0.11666503672270934,0.0,0.0,0.0,0.0,0.0,1.0
0.7426139142804437,3.330569234448806,2.205382255496015,2.751355817012626,1.4766403311255183,1.7403230957849454,1.6469584868455214,0.31663500060090893,1.07991331025114,1.8863106036889352,1.8763592227692212,-0.36153685402245034,-0.6629792271560332,-0.20785458352844413,1.29247797799379,1.4994055117304737,0.9682107356245514,-0.22694112443557954,-0.46721194829382007,-0.11666503672270934,0.0,0.0,0.0,0.0,1.0,0.0
0.9483218393259396,0.2753399276119884,0.41669873583402384,0.4157611323907572,0.5707491317244185,0.48278744289157255,0.5480419974535055,0.49001731494379425,0.966465896702381,0.5402015399405816,0.35229187291437514,-0.36153685402245034,1.0297300615905143,-0.20785458352844413,0.40776185785048386,1.3661203615698325,0.25878369843696664,-0.22694112443557954,0.767496489880158,-0.11666503672270934,0.0,0.0,0.0,0.0,0.0,1.0
0.02263617662120772,1.1279620597524955,0.4301474841021591,1.1114701873845052,0.37971085157860834,0.22662277285773735,0.23957421095750103,-0.2902030995991896,0.131080396934246,0.5093349317797086,0.37176877195405367,-0.36153685402245034,1.7320243409640816,-0.20785458352844413,1.29247797799379,0.384656983114203,0.6303883369637967,-0.22694112443557954,1.0924197630838364,-0.11666503672270934,0.0,0.0,0.0,0.0,0.0,1.0
0.3311980641894517,-0.43517851583843425,-0.13469994315952238,0.018213100965758067,-0.13177873719888333,-0.5185835399679651,-0.5508744919385105,-0.03012962808486168,-0.26082884987055804,-0.3893035822311946,-0.3050534696747757,-0.36153685402245034,0.48950369284161616,-0.20785458352844413,-0.5223243197360687,-0.07578262653164791,-0.5182078184827691,-0.22694112443557954,-0.40222729365308435,-0.11666503672270934,0.0,0.0,0.0,0.0,0.0,1.0
0.5369059892349477,-0.43517851583843425,-0.5919573842761217,-0.67749595402799,-0.6494308511423689,-0.5651589345195714,-0.5315952552825102,0.14325268625802362,-0.5650741862058665,-0.5852935996484833,-0.6507684276290698,0.7248909834909784,-0.6629792271560332,-0.20785458352844413,0.4498911969049271,-0.43322916559882163,-0.8222479772774482,0.5823756742558112,-0.46721194829382007,-0.11666503672270934,0.0,0.0,0.0,1.0,0.0,0.0
-0.9030494860835242,-0.7193858932186034,-1.0895610701971268,-1.2738180011654883,-1.0746450875959463,-0.9377620909324227,-0.9750176983705166,-1.0704235141421734,-1.2895906227331688,-1.1568870256061583,-1.0792602065019978,-0.16981429446125704,-0.6629792271560332,-0.20785458352844413,-1.0667650090550265,-1.2844366018520066,-1.1938526158042784,-0.6315995237812749,-0.46721194829382007,-0.11666503672270934,0.0,0.0,0.0,1.0,0.0,0.0
0.9483218393259396,-0.1509711384582652,0.8605074286824879,0.9126961716720057,0.8295751886961613,-0.19255577810672028,-0.2809651787545065,0.49001731494379425,0.9329473426993385,0.755006495455608,0.6103607851901158,-0.36153685402245034,1.3358583372148898,-0.20785458352844413,1.29247797799379,1.3267406581132795,1.7114200126782115,-0.22694112443557954,0.8324811445208937,-0.11666503672270934,0.0,0.0,0.0,0.0,0.0,1.0
-1.7258811862655081,-0.7904377375636455,-1.0626635736608563,-0.9756569775967392,-1.0684825624299523,-0.9144743936566195,-0.936459225058516,-1.7639527715137147,-1.351471030123401,-1.1333599962019005,-1.0549140827023997,-0.36153685402245034,-0.6629792271560332,-0.20785458352844413,-1.0667650090550265,-1.3571375928487197,-1.1938526158042784,-0.22694112443557954,-0.46721194829382007,-0.11666503672270934,1.0,0.0,0.0,0.0,0.0,0.0
-1.2116113736517682,-0.5062303601834766,-0.3229824189134162,1.3599377070251297,-0.3659546935066506,-0.12269268627931067,-0.2038482321305054,-1.3304969856565014,-0.7326669562210788,-0.5115371183489698,-0.3586149420338917,-0.36153685402245034,-0.6629792271560332,-0.20785458352844413,1.29247797799379,-0.6301276828815868,-0.4844255786166936,-0.22694112443557954,-0.46721194829382007,-0.11666503672270934,0.0,0.0,0.0,0.0,1.0,0.0
-1.0059034486062721,0.06218439457686159,-0.45746990159476897,0.5151481402470067,-0.5015302471585159,-0.4254327508647523,-0.43519907200250874,-1.1571146713136162,-0.7584504593003422,-0.5624311919029436,-0.47547633627196295,-0.36153685402245034,1.1737904265902204,-0.20785458352844413,0.9295175184478183,-0.6604197624635507,-0.6871190178131464,-0.22694112443557954,-0.012319365808670256,-0.11666503672270934,0.0,0.0,0.0,0.0,0.0,1.0
-1.62302722374276,-0.5772822045285187,-0.8609323496388271,0.06790660489388298,-0.8774442822841423,-0.7980359072776035,-0.8207838051225144,-1.677261614342272,-1.1091061011783248,-0.9229765963201284,-0.8796219913452927,-0.36153685402245034,-0.6629792271560332,4.586542395204173,-0.05566087174839088,-1.0723920447782593,-1.0587236563399764,-0.22694112443557954,-0.46721194829382007,0.9433680002936785,0.0,1.0,0.0,0.0,0.0,0.0
-0.9030494860835242,-0.5772822045285187,-1.0626635736608563,-1.1744309933092387,-1.1116202385919096,-0.8678989991050131,-0.8786215150905152,-1.0704235141421734,-1.2895906227331688,-1.0745531085298268,-1.0549140827023997,-0.36153685402245034,-0.6629792271560332,-0.20785458352844413,-1.0667650090550265,-1.2844366018520066,-1.160070375938203,-0.22694112443557954,-0.46721194829382007,-0.11666503672270934,1.0,0.0,0.0,0.0,0.0,0.0
0.9483218393259396,0.06218439457686159,0.6049812115879176,0.6145351481032566,0.6570244840483328,0.04032119465131174,-0.030335102226502875,0.49001731494379425,1.064443208403582,1.0005791299610924,0.5178455147516428,-0.36153685402245034,-0.6629792271560332,-0.20785458352844413,1.29247797799379,1.4812302639812953,2.015460171472891,-0.22694112443557954,-0.46721194829382007,-0.11666503672270934,0.0,0.0,0.0,0.0,1.0,0.0
0.9483218393259396,0.34639177195703064,1.9364072901333098,2.155033769875127,2.185330725214814,-0.14598038355511386,0.046781844397498246,0.49001731494379425,1.3841586465864486,1.309124903581213,1.4576058934161324,-0.36153685402245034,-0.6629792271560332,-0.20785458352844413,1.29247797799379,1.8568520507976474,0.6979528166959477,-0.22694112443557954,-0.46721194829382007,-0.11666503672270934,0.0,0.0,0.0,0.0,1.0,0.0
0.1254901391439557,-0.1509711384582652,-0.027109957014440196,0.3163741245345073,-0.0023657087130119357,-0.5185835399679651,-0.22312746878650566,-0.20351194242774698,-0.32013090695286395,-0.20237627484325113,-0.09080758023831172,-0.36153685402245034,0.9216847878407347,-0.20785458352844413,-0.18204888891172027,-0.1454544095701648,-0.4844255786166936,-0.22694112443557954,0.24761925275427257,-0.11666503672270934,0.0,0.0,0.0,0.0,0.0,1.0
0.8454678768031916,-0.648334048873561,0.040133784326236176,0.018213100965758067,0.20099762176478597,-0.09940498900350747,-0.16528975881850483,0.4033261577723516,0.15170719939765676,0.044351616151093835,0.040661488279518446,-0.36153685402245034,-0.6629792271560332,-0.20785458352844413,-0.30571888420056953,0.4088906467797741,0.1912192187048157,-0.22694112443557954,-0.46721194829382007,-0.11666503672270934,0.0,0.0,0.0,0.0,1.0,0.0
0.1254901391439557,-0.29307482714834976,-0.24228992930460458,0.018213100965758067,-0.10096611136891395,-0.5185835399679651,-0.5123160186265099,-0.20351194242774698,0.020211333693413273,-0.21487194564129336,-0.2222766487561419,-0.36153685402245034,-0.6629792271560332,-0.20785458352844413,0.8992708134856541,0.2544010409117583,0.22500145857089116,-0.22694112443557954,-0.46721194829382007,-0.11666503672270934,0.0,0.0,0.0,0.0,1.0,0.0
0.6397599517576956,-0.7193858932186034,-0.7667911117618802,-0.9259634736686144,-0.692568527304326,-0.4021450535889491,-0.4737575453145093,0.22994384342946628,-0.884789624388733,-0.7384380006677487,-0.6556376523889895,0.6929372235641127,-0.6629792271560332,-0.20785458352844413,-1.0667650090550265,-0.8088509524151737,-0.6871190178131464,0.31260340802534764,-0.46721194829382007,-0.11666503672270934,0.0,0.0,0.0,1.0,0.0,0.0
0.1254901391439557,-0.648334048873561,0.05358253259437144,0.46545463631888206,0.12088479460686558,0.36634895651255656,0.23957421095750103,-0.20351194242774698,0.24452781048300506,0.1269417127700249,0.03579226351959881,-0.36153685402245034,1.1197677897153306,-0.20785458352844413,1.29247797799379,0.5179421332748441,0.15743697883874022,-0.22694112443557954,0.05266528883206549,-0.11666503672270934,0.0,0.0,0.0,0.0,0.0,1.0
0.9483218393259396,0.8437546823723265,1.008443659631976,1.1114701873845052,1.3040896264776898,1.9499123712671742,1.7047961968135223,0.49001731494379425,1.1804689722602675,1.5120395934329693,1.2482292287395882,-0.36153685402245034,-0.6629792271560332,-0.20785458352844413,1.29247797799379,1.6175446221001328,1.0695574552227778,-0.22694112443557954,-0.46721194829382007,-0.11666503672270934,0.0,0.0,0.0,0.0,1.0,0.0
0.6397599517576956,-0.5062303601834766,0.5780837150516471,0.8133091638157562,0.2564603482587308,0.7855275074770142,1.203536043757515,0.22994384342946628,0.3760236761872485,0.6262625088780559,0.5227147395115624,-0.36153685402245034,-0.6629792271560332,-0.20785458352844413,-1.0667650090550265,0.6724317391428598,0.1912192187048157,-0.22694112443557954,-0.46721194829382007,-0.11666503672270934,0.0,0.0,0.0,0.0,1.0,0.0
-0.18307174842428825,-0.7193858932186034,-1.0357660771245858,-1.2241244972373637,-1.0438324617659769,-0.8678989991050131,-0.8786215150905152,-0.4635854139420749,-1.1116844514862512,-1.0252033911592775,-1.0110910598631229,-0.04199925475379483,-0.6629792271560332,-0.20785458352844413,-1.0667650090550265,-1.0754212527364557,-1.024941416473901,-0.09205499132034774,-0.46721194829382007,-0.11666503672270934,0.0,0.0,0.0,1.0,0.0,0.0
0.8454678768031916,-0.364126671493392,-0.7667911117618802,-0.9259634736686144,-0.7850064047942341,-0.7980359072776035,-0.7822253318105138,0.4033261577723516,-0.5624958358979402,-0.7626944894075756,-0.7773682713869804,0.37339962429545726,-0.6629792271560332,-0.20785458352844413,-1.0667650090550265,-0.43019995764062524,-0.7209012576792219,0.17771727491011582,-0.46721194829382007,-0.11666503672270934,0.0,0.0,0.0,1.0,0.0,0.0
0.1254901391439557,-0.5772822045285187,-0.7667911117618802,-0.8265764658123645,-0.6740809518063444,-0.6815974208985875,-0.6858291485305124,-0.20351194242774698,-0.8873679746966593,-0.8072058228125619,-0.7871067209068197,0.533168423929785,-0.6629792271560332,-0.20785458352844413,-0.9684632179279924,-0.8118801603733701,-0.5182078184827691,-0.22694112443557954,-0.46721194829382007,-0.11666503672270934,0.0,0.0,0.0,1.0,0.0,0.0
0.9483218393259396,0.06218439457686159,0.524288721979106,0.5151481402470067,0.7494623615382409,1.1814183611656686,1.1649775704455145,0.49001731494379425,0.7627762223761999,0.6174207809614053,0.6395761337496336,-0.36153685402245034,-0.6629792271560332,-0.20785458352844413,0.5552145445410349,1.126812932872318,0.7655172964280986,-0.22694112443557954,-0.46721194829382007,-0.11666503672270934,0.0,0.0,0.0,0.0,1.0,0.0
-0.6973415610380281,-0.1509711384582652,-0.18849493623206348,0.8133091638157562,-0.0023657087130119357,0.5060751401673758,0.41308734086150356,-0.8970411997992882,-0.2814556523339688,0.009723179921138511,0.06500761207911662,-0.36153685402245034,2.0741677078383836,-0.20785458352844413,1.29247797799379,-0.10001629019721901,0.32634817816911754,-0.22694112443557954,0.3126039073950082,-0.11666503672270934,0.0,0.0,0.0,0.0,0.0,1.0
-2.034443073833752,-0.7193858932186034,-0.9550735875157741,0.7636156598876311,-1.0130198359360076,-0.6583097236227843,-0.7436668584985132,-2.0240262430280427,-1.320530826428285,-1.010716615150935,-0.9185757894246498,-0.36153685402245034,-0.6629792271560332,-0.20785458352844413,1.29247797799379,-1.3207870973503633,-1.1938526158042784,-0.22694112443557954,-0.46721194829382007,-0.11666503672270934,0.0,0.0,0.0,0.0,1.0,0.0
0.9483218393259396,2.2647915692731715,-0.054007453550710745,-0.13086741081861644,-0.22421661468879145,-0.3089942644857363,0.046781844397498246,0.49001731494379425,0.5075195418914921,0.04058479496445374,-0.207668974476383,-0.36153685402245034,-0.6629792271560332,-0.20785458352844413,1.29247797799379,0.8269213450108756,-0.4168610988845427,-0.22694112443557954,-0.46721194829382007,-0.11666503672270934,0.0,0.0,0.0,0.0,1.0,0.0
-0.2859257109470362,-0.5062303601834766,-0.5247136429354453,-0.2302544186748663,-0.5569929736524607,-0.6350220263469811,-0.6279914385625115,-0.5502765711135176,-0.6939917016021836,-0.647916634218984,-0.582599280990195,-0.36153685402245034,-0.6629792271560332,-0.20785458352844413,-0.3589921129403815,-0.584689563508641,-0.18038541982201442,-0.22694112443557954,-0.46721194829382007,-0.11666503672270934,0.0,0.0,1.0,0.0,0.0,0.0
0.6397599517576956,-0.364126671493392,-0.3498799154496868,-0.3793349304592408,-0.3659546935066506,-0.33228196176153946,-0.41591983534650845,0.22994384342946628,-0.38201131434309615,-0.3358102069920189,-0.3050534696747757,-0.36153685402245034,0.3814584190918365,-0.20785458352844413,-0.9040585961551081,-0.21815540056687813,-0.4168610988845427,-0.22694112443557954,0.44257321667647953,-0.11666503672270934,0.0,0.0,0.0,0.0,0.0,1.0
0.02263617662120772,-0.1509711384582652,-0.6323036290805275,-0.5781089461717402,-0.7233811531342954,-0.4720081454163587,-0.35808212537850764,-0.2902030995991896,-0.5367123328186767,-0.5766544985926985,-0.6605068771489091,-0.36153685402245034,0.07533014346746084,-0.20785458352844413,-0.4513103167814222,-0.39990787805866135,-0.58577229821492,-0.22694112443557954,-0.07730402044940593,-0.11666503672270934,0.0,0.0,0.0,0.0,0.0,1.0
0.9483218393259396,-0.22202298280330746,1.021892407900111,1.1114701873845052,1.187001648323806,0.9485413884076366,0.9143474939175108,0.49001731494379425,1.0386597053243185,0.9725456409514318,0.9950295412237671,-0.36153685402245034,1.7860469778389716,-0.20785458352844413,1.29247797799379,1.4509381843993314,1.677637772812136,-0.22694112443557954,0.6375271805986866,-0.11666503672270934,0.0,0.0,0.0,0.0,0.0,1.0
0.7426139142804437,1.1990139040975376,-0.04055870528257547,-0.03148040296236663,-0.19340398885882207,-0.16926808083091707,-0.22312746878650566,0.31663500060090893,-0.27887730202604244,-0.11003540467792497,-0.14436905259742772,-0.36153685402245034,-0.6629792271560332,-0.20785458352844413,-0.8308407103501448,-0.09698708223902262,-0.3830788590184672,-0.22694112443557954,-0.46721194829382007,-0.11666503672270934,0.0,0.0,0.0,0.0,1.0,0.0
-2.034443073833752,-0.7904377375636455,-1.1299073150015326,-1.3732050090217383,-1.1732454902518483,-0.9377620909324227,-0.9750176983705166,-2.0240262430280427,-1.4391349405928966,-1.1935329419087306,-1.118214004581355,-0.36153685402245034,-0.6629792271560332,-0.20785458352844413,-1.0667650090550265,-1.460130663427397,-1.2276348556703538,-0.22694112443557954,-0.46721194829382007,-0.4700093823948386,0.0,1.0,0.0,0.0,0.0,0.0
0.5369059892349477,0.5595473049921574,0.6049812115879176,0.9126961716720057,0.29959802442068795,0.15675968103032775,0.1817365009895002,0.14325268625802362,0.25999791233056313,0.3685821463306983,0.36689954719413403,-0.36153685402245034,-0.6629792271560332,-0.20785458352844413,-0.6454716185105949,0.5361173810240224,0.15743697883874022,-0.22694112443557954,-0.46721194829382007,-0.11666503672270934,0.0,0.0,0.0,0.0,1.0,0.0
0.9483218393259396,-0.008867449768180677,0.9546486665594348,1.0120831795282554,0.7063246853762838,0.8088152047528174,0.7601136006695086,0.49001731494379425,1.1649988704127094,0.9486477598911516,0.7807836517873031,-0.36153685402245034,-0.6629792271560332,-0.20785458352844413,1.29247797799379,1.5993693743509545,0.32634817816911754,-0.22694112443557954,-0.46721194829382007,-0.11666503672270934,0.0,0.0,0.0,0.0,1.0,0.0
0.43405202671219967,-0.5062303601834766,-0.10780244662325184,0.018213100965758067,-0.020853284210993563,-0.5185835399679651,-0.589432965250511,0.05656152908658097,-0.06487422646815603,-0.2980502407095841,-0.2709688963553383,-0.36153685402245034,0.48950369284161616,-0.20785458352844413,0.15654616941473018,0.15443717829127754,-0.011474220491637094,-0.22694112443557954,-0.8571198761382343,-0.11666503672270934,0.0,0.0,0.0,0.0,0.0,1.0
0.7426139142804437,-0.364126671493392,0.3898012392977533,0.5151481402470067,0.6262118582183633,0.20333507558193414,0.10461955436549908,0.31663500060090893,0.8323916806902112,0.5617703344124516,0.4253302443131697,-0.36153685402245034,1.2458206090900734,-0.20785458352844413,1.29247797799379,1.2086015477436203,1.001992975490627,-0.22694112443557954,1.352358381646779,-0.11666503672270934,0.0,0.0,0.0,0.0,0.0,1.0
-2.1372970363565,-0.7193858932186034,-1.1299073150015326,-1.3732050090217383,-1.1485953895878729,-0.9377620909324227,-0.936459225058516,-2.1107174001994853,-1.403038036281928,-1.182163929527051,-1.118214004581355,-0.36153685402245034,-0.6629792271560332,-0.20785458352844413,-1.0667650090550265,-1.4177217520126475,-1.2276348556703538,-0.36182725755081135,-0.46721194829382007,-0.11666503672270934,0.0,0.0,0.0,1.0,0.0,0.0
0.43405202671219967,-0.07991929411322295,-0.4171236567903631,-0.3793349304592408,-0.2611917656847547,-0.12269268627931067,-0.08817281219450371,0.05656152908658097,-0.2995041044894532,-0.43813741486829244,-0.3440072677541328,-0.36153685402245034,-0.6629792271560332,-0.20785458352844413,-1.0667650090550265,-0.12122074590459372,0.1912192187048157,-0.22694112443557954,-0.46721194829382007,-0.11666503672270934,0.0,0.0,0.0,0.0,1.0,0.0
0.3311980641894517,1.9805841918930025,-0.2288411810364693,-0.08117390689049155,-0.07015348553894457,-0.6350220263469811,-0.6087122019065112,-0.03012962808486168,-0.05198247492852432,-0.23755232119886255,-0.37809184107357025,-0.36153685402245034,0.3814584190918365,-0.20785458352844413,0.5665570589018465,0.16958321808225948,0.360130418035193,-0.22694112443557954,-0.7921352214974985,-0.11666503672270934,0.0,0.0,0.0,0.0,0.0,1.0
-0.08021778590154026,-0.5062303601834766,-0.9147273427113682,-1.025350481524864,-0.9082569081141116,-0.6583097236227843,-0.6665499118745121,-0.37689425677063226,-0.8590061213094695,-0.7490904408959589,-0.8990988903849713,-0.36153685402245034,-0.6629792271560332,-0.20785458352844413,-1.0667650090550265,-0.7785588728332098,-0.6533367779470709,-0.22694112443557954,-0.46721194829382007,-0.11666503672270934,0.0,0.0,0.0,0.0,1.0,0.0
0.8454678768031916,-0.364126671493392,1.4657011007485752,1.7077922345220038,1.6491910357733468,1.4841584257511102,1.280652990381516,0.4033261577723516,1.0257679537846869,1.3539608682396096,1.584205737174043,-0.36153685402245034,-0.6629792271560332,-0.20785458352844413,1.29247797799379,1.4357921446083495,1.1371219349549286,-0.22694112443557954,-0.46721194829382007,-0.11666503672270934,0.0,0.0,0.0,0.0,1.0,0.0
0.22834410166670369,0.34639177195703064,-0.901278594443233,-1.025350481524864,-0.8589567067861607,-0.5884466317953747,-0.6279914385625115,-0.11682078525630432,-0.8796329237728803,-0.8297371336522762,-0.8796219913452927,-0.36153685402245034,-0.6629792271560332,-0.20785458352844413,-1.0667650090550265,-0.8027925364987809,-0.6195545380809955,-0.22694112443557954,-0.46721194829382007,-0.11666503672270934,0.0,0.0,0.0,0.0,1.0,0.0
-2.1372970363565,-0.7904377375636455,-1.1299073150015326,-1.3732050090217383,-1.1670829650858545,-0.9377620909324227,-0.9750176983705166,-2.1107174001994853,-1.433978239977044,-1.1818657392526146,-1.118214004581355,-0.36153685402245034,-0.6629792271560332,-0.20785458352844413,-1.0667650090550265,-1.4540722475110042,-1.2614170955364292,-0.22694112443557954,-0.46721194829382007,-0.11666503672270934,0.0,0.0,0.0,0.0,0.0,1.0
0.43405202671219967,1.6253249701677912,1.4522523524804398,2.155033769875127,1.1192138714978734,1.3211445448204877,1.3577699370055172,0.05656152908658097,0.7524628211444946,1.5907983432580728,1.4283905448566148,-0.36153685402245034,-0.6629792271560332,-0.20785458352844413,1.29247797799379,1.1146961010395324,1.373597614017457,-0.22694112443557954,-0.46721194829382007,-0.11666503672270934,0.0,0.0,0.0,0.0,1.0,0.0
0.6397599517576956,-0.5062303601834766,-0.3767774119859573,-0.4290284343873657,-0.29200439151472407,0.296485864685147,0.23957421095750103,0.22994384342946628,-0.057139175544377,-0.08601268074724915,-0.30018424491485607,-0.36153685402245034,-0.6629792271560332,-0.20785458352844413,-0.822705389705149,0.1635248021658667,-0.21416765968808987,-0.22694112443557954,-0.46721194829382007,-0.11666503672270934,0.0,0.0,0.0,0.0,1.0,0.0
-1.828735148788256,-0.7193858932186034,-1.0626635736608563,-0.8762699697404895,-1.1177827637579034,-0.9377620909324227,-0.9750176983705166,-1.8506439286851573,-1.382411233818517,-1.134777110164002,-1.0549140827023997,-0.36153685402245034,-0.6629792271560332,-0.20785458352844413,-1.0667650090550265,-1.3934880883470764,-1.1938526158042784,-0.22694112443557954,-0.46721194829382007,-0.11666503672270934,1.0,0.0,0.0,0.0,0.0,0.0
0.9483218393259396,-0.22202298280330746,1.1967261353858698,1.310244203097005,1.1438639721618489,1.1581306638898654,1.1456983337895141,0.49001731494379425,1.087648361174919,0.9460549011593594,1.1313678345015168,-0.36153685402245034,-0.6629792271560332,-0.20785458352844413,1.29247797799379,1.5084931356050628,0.7655172964280986,-0.22694112443557954,-0.46721194829382007,-0.11666503672270934,0.0,0.0,0.0,0.0,1.0,0.0
0.7426139142804437,-0.008867449768180677,-0.4709186498629042,-0.5781089461717402,-0.3597921683406567,-0.4487204481405555,-0.5123160186265099,0.31663500060090893,-0.1963700921723995,-0.35386265465714656,-0.49008401055172185,-0.36153685402245034,-0.6629792271560332,-0.20785458352844413,-0.7521992774485177,-5.242757673822403e-05,-0.3830788590184672,-0.22694112443557954,-0.46721194829382007,-0.11666503672270934,0.0,0.0,0.0,0.0,1.0,0.0
-2.240150998879248,-0.7904377375636455,-1.1164585667333973,-0.8762699697404895,-1.1609204399198605,-0.9377620909324227,-0.9750176983705166,-2.197408557370928,-1.441713290900823,-1.1829905364009452,-1.1084755550615157,-0.36153685402245034,-0.6629792271560332,-0.20785458352844413,-1.0667650090550265,-1.4631598713855933,-1.2614170955364292,-0.22694112443557954,-0.46721194829382007,-0.11666503672270934,0.0,0.0,0.0,0.0,1.0,0.0
-0.9030494860835242,-0.7904377375636455,-0.9147273427113682,-0.8265764658123645,-0.9082569081141116,-0.7747482100018003,-0.8015045684665141,-1.0704235141421734,-0.9234648790076281,-0.8974434191619032,-0.8698835418254535,-0.36153685402245034,-0.6629792271560332,-0.20785458352844413,-0.5612129404017087,-0.8542890717881195,-0.9911591766078256,-0.22694112443557954,-0.46721194829382007,-0.11666503672270934,1.0,0.0,0.0,0.0,0.0,0.0
0.43405202671219967,-0.29307482714834976,-0.16159743969579293,-0.03148040296236663,-0.20572903919080984,-0.49529584269216187,-0.4737575453145093,0.05656152908658097,0.004741231845855217,-0.1778041918196282,-0.1979305249565437,-0.36153685402245034,-0.6629792271560332,-0.20785458352844413,1.0303398683216993,0.23622579316258,-0.24794989955416535,-0.22694112443557954,-0.46721194829382007,-0.11666503672270934,0.0,0.0,0.0,0.0,1.0,0.0
0.9483218393259396,-0.43517851583843425,0.7932636873418115,0.8630026677438809,0.8542252893601368,1.1814183611656686,0.9529059672295114,0.49001731494379425,1.1495287685651514,0.9667260428050718,1.0145064402634456,-0.36153685402245034,1.8040545234639345,-0.20785458352844413,1.29247797799379,1.5811941266017762,-0.11282094008986349,-0.22694112443557954,2.1321742373356076,-0.11666503672270934,0.0,0.0,0.0,0.0,0.0,1.0
0.8454678768031916,-0.29307482714834976,-0.013661208746304922,-0.03148040296236663,0.03460944228295132,0.11018428647872135,0.046781844397498246,0.4033261577723516,0.7550411714524209,0.2766494948020464,0.01631536447992027,-0.36153685402245034,-0.6629792271560332,-0.20785458352844413,0.8358503030811157,1.1177253089977288,-0.24794989955416535,-0.22694112443557954,-0.46721194829382007,-0.11666503672270934,0.0,0.0,0.0,0.0,1.0,0.0
0.9483218393259396,-0.29307482714834976,1.7212273178431454,1.906566250234503,1.8525543662511448,0.8088152047528174,0.6637174173895072,0.49001731494379425,1.2758679336535421,1.1105374515652213,1.652374883812918,-0.36153685402245034,-0.6629792271560332,-0.20785458352844413,1.29247797799379,1.7296253165533992,0.934428495758476,-0.22694112443557954,-0.46721194829382007,-0.11666503672270934,0.0,0.0,0.0,0.0,1.0,0.0
0.3311980641894517,-0.7193858932186034,0.5915324633197824,1.0617766834563807,0.6262118582183633,1.0416921775108494,0.7601136006695086,-0.03012962808486168,0.25999791233056313,0.63409774074353,0.7564375279877049,-0.36153685402245034,-0.6629792271560332,-0.20785458352844413,-1.0667650090550265,0.5361173810240224,0.1912192187048157,-0.22694112443557954,-0.46721194829382007,-0.11666503672270934,0.0,0.0,0.0,0.0,1.0,0.0
0.02263617662120772,-0.5772822045285187,-0.7936886082981508,-0.8265764658123645,-0.8343066061221851,-0.7048851181743907,-0.6665499118745121,-0.2902030995991896,-1.0008153882454185,-0.8919047711167092,-0.7968451704266589,-0.36153685402245034,-0.6629792271560332,-0.20785458352844413,-1.0667650090550265,-0.9451653105340111,-0.8898124570095992,-0.22694112443557954,-0.46721194829382007,-0.11666503672270934,0.0,0.0,0.0,0.0,1.0,0.0
0.9483218393259396,-0.648334048873561,0.18807001527572417,0.1672936127501328,0.5029613548984858,0.20333507558193414,0.22029497430150077,0.49001731494379425,0.6983174646780413,0.26630537014851363,0.3620303224342144,-0.36153685402245034,-0.6629792271560332,-0.20785458352844413,1.29247797799379,1.0510827339174083,0.360130418035193,-0.22694112443557954,-0.46721194829382007,-0.11666503672270934,0.0,0.0,0.0,0.0,1.0,0.0
0.5369059892349477,-0.364126671493392,-0.33643116718155147,-0.3296414265311159,-0.3597921683406567,-0.6583097236227843,-0.589432965250511,0.14325268625802362,-0.3175525566449376,-0.49199648392483303,-0.4852147857918022,-0.36153685402245034,0.1653678715922772,-0.20785458352844413,-0.8982476528372539,-0.14242520161196842,-0.04525646035771256,-0.22694112443557954,-0.5971812575752914,-0.11666503672270934,0.0,0.0,0.0,0.0,0.0,1.0
0.1254901391439557,0.34639177195703064,-0.9147273427113682,-1.025350481524864,-1.0068573107700136,-0.84461130182921,-0.8593422784345149,-0.20351194242774698,-0.31239585602908493,-0.6111793549039107,-0.9380526884643283,-0.36153685402245034,-0.6629792271560332,-0.20785458352844413,-0.28035068003875435,-0.13636678569557567,-0.8222479772774482,-0.22694112443557954,-0.46721194829382007,-0.11666503672270934,0.0,0.0,0.0,0.0,1.0,0.0
-1.314465336174516,-0.7904377375636455,-1.1164585667333973,-1.3235115050936133,-1.136270339255885,-0.9144743936566195,-0.9557384617145163,-1.417188142827944,-1.3643627816630326,-1.1624188123257964,-1.0987371055416764,-0.23372181431498812,-0.6629792271560332,-0.20785458352844413,-1.0667650090550265,-1.3722836326397017,-1.1938526158042784,-0.36182725755081135,-0.46721194829382007,-0.11666503672270934,0.0,0.0,0.0,1.0,0.0,0.0
-1.417319298697264,-0.7904377375636455,-1.0223173288564504,-0.9259634736686144,-1.031507411433989,-0.7747482100018003,-0.8207838051225144,-1.5038792999993866,-1.2328669159587893,-1.0497214514802946,-0.996483385583364,-0.36153685402245034,-0.6629792271560332,-0.20785458352844413,-1.0667650090550265,-1.217794026771686,-1.1262881360721275,-0.22694112443557954,-0.46721194829382007,-0.11666503672270934,0.0,0.0,0.0,0.0,1.0,0.0
-0.3887796734697842,-0.7904377375636455,-0.2288411810364693,0.36606762846263224,-0.18107893852683432,-0.5651589345195714,-0.6087122019065112,-0.6369677282849602,-0.10097113077912483,-0.3475352380904748,-0.2514919973156597,-0.36153685402245034,-0.6629792271560332,-0.20785458352844413,1.29247797799379,0.11202826687652812,-0.18038541982201442,-0.22694112443557954,-0.46721194829382007,-0.11666503672270934,0.0,0.0,0.0,0.0,1.0,0.0
-1.314465336174516,-0.7193858932186034,-0.9685223357839093,-0.7768829618842398,-1.0006947856040198,-0.7048851181743907,-0.6279914385625115,-1.417188142827944,-1.1039494005624721,-0.9778095518338431,-0.9526603627440873,-0.36153685402245034,-0.6629792271560332,-0.20785458352844413,-0.8308407103501448,-1.0663336288618666,-0.8560302171435237,-0.22694112443557954,-0.46721194829382007,-0.11666503672270934,0.0,0.0,0.0,0.0,1.0,0.0
0.7426139142804437,0.2753399276119884,-0.1750461879639282,-0.18056091474674138,-0.24270419018677308,-0.84461130182921,-0.8786215150905152,0.31663500060090893,0.007319582153781559,-0.2763446235217977,-0.2904457953950168,-0.36153685402245034,-0.6629792271560332,-0.20785458352844413,0.4274222160758906,0.23925500112077638,0.02230801937443837,-0.22694112443557954,-0.46721194829382007,-0.11666503672270934,0.0,0.0,0.0,0.0,1.0,0.0
-0.3887796734697842,-0.7904377375636455,-0.9550735875157741,-1.025350481524864,-0.8959318577821239,-0.8911866963808163,-0.8979007517465154,-0.6369677282849602,-1.0085504391691975,-1.0078394749920494,-0.942921913224248,0.2455845845879951,-0.6629792271560332,-0.20785458352844413,-1.0667650090550265,-0.9542529344086003,-0.6871190178131464,-1.0362579231269704,-0.46721194829382007,-0.11666503672270934,0.0,0.0,0.0,1.0,0.0,0.0
0.3311980641894517,0.34639177195703064,-0.7936886082981508,-0.8762699697404895,-0.7788438796282403,-0.5651589345195714,-0.589432965250511,-0.03012962808486168,-0.6682081985229202,-0.6999895098236132,-0.7871067209068197,-0.36153685402245034,-0.6629792271560332,-0.20785458352844413,-1.0667650090550265,-0.5543974839266771,-0.7209012576792219,-0.22694112443557954,-0.46721194829382007,-0.11666503672270934,0.0,0.0,0.0,0.0,1.0,0.0
-0.08021778590154026,-0.7904377375636455,0.10737752566691254,0.7139221559595064,-0.08247853587093232,-0.2624188699341299,-0.2616859420985062,-0.37689425677063226,-0.054560825236450665,0.015563303960484777,-0.056723006918874275,-0.36153685402245034,-0.6629792271560332,-0.20785458352844413,1.078001342807534,0.1665540101240631,0.9682107356245514,-0.22694112443557954,-0.46721194829382007,-0.11666503672270934,0.0,0.0,0.0,0.0,1.0,0.0
-0.4916336359925322,-0.43517851583843425,-0.8474836013706919,-0.7768829618842398,-0.9020943829481177,-0.7281728154501939,-0.7436668584985132,-0.7236588854564029,-0.8951030256204383,-0.9001623189847796,-0.8455374180258552,-0.36153685402245034,-0.6629792271560332,-0.20785458352844413,-1.0667650090550265,-0.8209677842479592,-0.9235946968756746,-0.22694112443557954,-0.46721194829382007,-0.11666503672270934,0.0,0.0,0.0,0.0,1.0,0.0
0.8454678768031916,-0.648334048873561,-0.2691874258408751,-0.3296414265311159,-0.08247853587093232,-0.49529584269216187,-0.5315952552825102,0.4033261577723516,0.4146989308061437,-0.15469062428104519,-0.1589767268771866,-0.36153685402245034,-0.6629792271560332,-0.20785458352844413,-0.15350965922967816,0.7178698585158056,-0.07903870022378802,-0.22694112443557954,-0.46721194829382007,-0.11666503672270934,0.0,0.0,0.0,0.0,1.0,0.0
-0.5944875985152802,-0.7904377375636455,-0.9954198323201799,-1.075043985452989,-0.9452320591100749,-0.9377620909324227,-0.9750176983705166,-0.8103500426278455,-1.0369122925563872,-1.009675958276782,-0.9818757113036051,-0.36153685402245034,-0.6629792271560332,-0.20785458352844413,-1.0667650090550265,-0.9875742219487605,-0.9911591766078256,-0.22694112443557954,-0.46721194829382007,-0.11666503672270934,1.0,0.0,0.0,0.0,0.0,0.0
0.9483218393259396,-0.5772822045285187,-0.2557386775727398,-0.3793349304592408,-0.24270419018677308,-0.23913117265832667,-0.2616859420985062,0.49001731494379425,0.01763298338548693,-0.1796982269252887,-0.2709688963553383,-0.36153685402245034,-0.6629792271560332,-0.20785458352844413,-0.47695426229282234,0.2513718329535619,-0.21416765968808987,-0.22694112443557954,-0.46721194829382007,-0.11666503672270934,1.0,0.0,0.0,0.0,0.0,0.0
-2.240150998879248,-0.7904377375636455,-1.1299073150015326,-1.3732050090217383,-1.1794080154178421,-0.9377620909324227,-0.9750176983705166,-2.197408557370928,-1.441713290900823,-1.1891159138509235,-1.118214004581355,-0.36153685402245034,-0.6629792271560332,-0.20785458352844413,-1.0667650090550265,-1.4631598713855933,-1.2614170955364292,-0.22694112443557954,-0.46721194829382007,-0.11666503672270934,0.0,0.0,0.0,0.0,0.0,1.0
0.22834410166670369,2.1226878805830873,0.7529174425374057,1.4096312109532543,0.41052347740857775,0.7156644156496046,0.9529059672295114,-0.11682078525630432,0.07951339077571916,0.6297142514668587,0.6152300099500355,-0.36153685402245034,1.8940922515887508,-0.20785458352844413,1.1981082585118372,0.32407282395027526,0.22500145857089116,-0.22694112443557954,1.7422663094911932,-0.11666503672270934,0.0,0.0,0.0,0.0,0.0,1.0
0.9483218393259396,-0.07991929411322295,0.9949949113638406,1.0617766834563807,1.2239767993197692,0.11018428647872135,0.008223371085497685,0.49001731494379425,0.5384597455866081,0.6970687585760567,0.9463372936245708,-0.36153685402245034,-0.6629792271560332,-0.20785458352844413,-0.47695426229282234,0.8632718405092322,1.0357752153567024,-0.22694112443557954,-0.46721194829382007,-0.11666503672270934,0.0,0.0,0.0,0.0,1.0,0.0
-1.2116113736517682,-0.7193858932186034,-0.8743810979069624,-0.5284154422436155,-0.9822072101060382,-0.7980359072776035,-0.8015045684665141,-1.3304969856565014,-1.1735648588764833,-0.9625732339232068,-0.903968115144891,-0.36153685402245034,-0.6629792271560332,-0.20785458352844413,-0.8522883738687703,-1.148122243733169,-0.9573769367417501,-0.22694112443557954,-0.46721194829382007,-0.11666503672270934,1.0,0.0,0.0,0.0,0.0,0.0
0.6397599517576956,-0.22202298280330746,-0.5112648946673101,-0.5781089461717402,-0.2673542908507486,-0.49529584269216187,-0.39664059869050816,0.22994384342946628,-0.35622781126383274,-0.5911841656273157,-0.4803455610318826,-0.36153685402245034,-0.6629792271560332,-0.20785458352844413,-0.4972925639053121,-0.18786332098491423,-0.4844255786166936,-0.22694112443557954,-0.46721194829382007,-0.11666503672270934,0.0,0.0,0.0,0.0,1.0,0.0
0.7426139142804437,-0.008867449768180677,0.10737752566691254,0.1672936127501328,-0.2611917656847547,-0.09940498900350747,-0.06889357553850343,0.31663500060090893,0.4533741854250388,0.25120252317288094,-0.046984557399035,-0.36153685402245034,-0.6629792271560332,-0.20785458352844413,1.1351951121905357,0.7633079778887514,0.02230801937443837,-0.22694112443557954,-0.46721194829382007,-0.11666503672270934,0.0,0.0,0.0,0.0,1.0,0.0
0.9483218393259396,-0.1509711384582652,0.09392877739877727,0.018213100965758067,0.21948519726276758,0.36634895651255656,0.3166911575815022,0.49001731494379425,0.3786020264951749,0.04783715401109047,0.22082280439654497,2.3864864996879867,-0.6629792271560332,-0.20785458352844413,1.0712989479579635,0.6754609471010562,-0.11282094008986349,0.5823756742558112,-0.46721194829382007,-0.11666503672270934,0.0,0.0,0.0,1.0,0.0,0.0
-2.240150998879248,-0.7904377375636455,-1.1299073150015326,-1.3732050090217383,-1.1794080154178421,-0.9377620909324227,-0.9750176983705166,-2.197408557370928,-1.4520266921325284,-1.192035350685233,-1.118214004581355,-0.36153685402245034,-0.6629792271560332,-0.20785458352844413,-1.0667650090550265,-1.475276703218379,-1.2614170955364292,-0.22694112443557954,-0.46721194829382007,-0.11666503672270934,0.0,0.0,0.0,0.0,1.0,0.0
0.8454678768031916,1.4832212814777068,0.21496751181199472,0.21698711667825774,0.0654220681129207,0.2731981674093438,0.509483524141505,0.4033261577723516,0.4533741854250388,0.2993778352583447,0.10883063491839336,-0.36153685402245034,-0.6629792271560332,-0.20785458352844413,-0.3818234966860152,0.7633079778887514,0.1912192187048157,-0.22694112443557954,-0.46721194829382007,-0.11666503672270934,0.0,0.0,0.0,0.0,1.0,0.0
0.6397599517576956,-0.43517851583843425,-0.24228992930460458,-0.2302544186748663,-0.27351681601674244,-0.8678989991050131,-0.8786215150905152,0.22994384342946628,-0.1654298884772834,-0.33399598458968116,-0.34887649251405245,-0.36153685402245034,-0.6629792271560332,-0.20785458352844413,1.211124771543831,0.036298067921618424,0.0898724991065893,-0.22694112443557954,-0.46721194829382007,-0.11666503672270934,0.0,0.0,0.0,0.0,1.0,0.0
-0.4916336359925322,-0.008867449768180677,0.06703128086250672,1.0617766834563807,0.14553489527084107,0.01703349737550854,0.10461955436549908,-0.7236588854564029,-0.2634072001784844,-0.01484655561188254,0.011446139720000631,-0.36153685402245034,-0.6629792271560332,-0.20785458352844413,1.1614089231577447,-0.0788118344898443,-0.18038541982201442,-0.22694112443557954,-0.46721194829382007,-0.11666503672270934,0.0,0.0,0.0,0.0,1.0,0.0
0.6397599517576956,1.8384805032029181,1.2236236319221403,1.608405226665754,1.2671144754817265,1.344432242096291,1.2228152804135153,0.22994384342946628,1.131480316409667,1.2495559342121967,1.1654524078209543,-0.36153685402245034,-0.6629792271560332,-0.20785458352844413,1.29247797799379,1.5599896708944014,1.0357752153567024,-0.22694112443557954,-0.46721194829382007,-0.11666503672270934,0.0,0.0,0.0,0.0,1.0,0.0
-0.18307174842428825,-0.43517851583843425,-0.7802398600300156,-0.7768829618842398,-0.8034939802922157,-0.35556965903734267,-0.43519907200250874,-0.4635854139420749,-0.80228241453509,-0.6766210456201012,-0.7432836980675429,-0.36153685402245034,0.0032999609676078504,-0.20785458352844413,-0.9544201049098447,-0.7119162977528892,-0.8222479772774482,-0.22694112443557954,0.11764994347280117,-0.11666503672270934,0.0,0.0,0.0,0.0,0.0,1.0
0.43405202671219967,-0.5062303601834766,-0.04055870528257547,0.11760010882200789,0.10239721910888396,0.13347198375452454,0.0853403177094988,0.05656152908658097,0.7421494199127892,0.3889432213724321,0.021184589239839905,-0.36153685402245034,-0.6629792271560332,5.7508959471820935,1.29247797799379,1.1025792692067469,0.7317350565620231,-0.22694112443557954,-0.46721194829382007,5.183500148359229,0.0,1.0,0.0,0.0,0.0,0.0
-1.0059034486062721,-0.29307482714834976,0.040133784326236176,1.956259754162628,-0.09480358620292006,-0.3788573563131459,-0.37736136203450793,-1.1571146713136162,-0.5341339825107504,-0.3062351193743475,-0.09567680499823136,-0.36153685402245034,2.2542431640880163,-0.20785458352844413,1.29247797799379,-0.39687867010046496,0.3939126579012685,-0.22694112443557954,-0.3372426390123487,-0.11666503672270934,0.0,0.0,0.0,0.0,0.0,1.0
-1.931589111311004,-0.7904377375636455,-1.1030098184652621,-1.124737489381114,-1.1609204399198605,-0.8911866963808163,-0.936459225058516,-1.9373350858566,-1.4081947368977805,-1.1625612539870531,-1.088998656021837,-0.36153685402245034,-0.39286604278158416,-0.20785458352844413,-1.0667650090550265,-1.4237801679290403,-1.1938526158042784,-0.22694112443557954,-0.46721194829382007,-0.11666503672270934,0.0,0.0,0.0,0.0,0.0,1.0
0.9483218393259396,-0.364126671493392,-0.08090495008698129,-0.18056091474674138,0.022284391950963565,-0.12269268627931067,-0.011055865570502595,0.49001731494379425,0.20585255586410994,0.08478720937647025,0.06013838731919699,-0.36153685402245034,-0.6629792271560332,-0.20785458352844413,-0.6981332923286488,0.4725040139018982,-0.24794989955416535,-0.22694112443557954,-0.46721194829382007,-0.11666503672270934,1.0,0.0,0.0,0.0,0.0,0.0
0.9483218393259396,1.9095323475479604,0.12082627393504781,0.06790660489388298,0.18251004626680434,-0.2857065672099331,-0.2809651787545065,0.49001731494379425,0.620966955440251,0.11523378200814921,0.167261332037429,-0.36153685402245034,0.8316470597159183,-0.20785458352844413,0.1865828278146573,0.9602064951715166,0.25878369843696664,-0.22694112443557954,0.5725425259579511,-0.11666503672270934,0.0,0.0,0.0,0.0,0.0,1.0
-0.4916336359925322,-0.43517851583843425,0.3360062462252122,1.6580987305938786,0.08390964361090232,-0.19255577810672028,-0.2038482321305054,-0.7236588854564029,0.015054633077560588,0.13330240931262072,0.15265365775767006,-0.36153685402245034,1.9481148884636408,-0.20785458352844413,1.29247797799379,0.24834262499536555,0.056090259240513834,-0.22694112443557954,0.9624504538023653,-0.11666503672270934,0.0,0.0,0.0,0.0,0.0,1.0
0.7426139142804437,-0.648334048873561,0.2822112531526711,0.36606762846263224,0.5707491317244185,-0.12269268627931067,-0.049614338882503155,0.31663500060090893,0.48689273942808126,0.1563814456369932,0.15265365775767006,-0.36153685402245034,-0.6629792271560332,-0.20785458352844413,0.5847050818791449,0.8026876813453044,0.3939126579012685,-0.22694112443557954,-0.46721194829382007,-0.11666503672270934,0.0,0.0,0.0,0.0,1.0,0.0
0.43405202671219967,-0.5062303601834766,-0.44402115332663367,-0.4290284343873657,-0.38444226900463224,-0.8213236045534067,-0.8207838051225144,0.05656152908658097,-0.5753875874375719,-0.563249134998265,-0.46086866199220405,-0.36153685402245034,-0.6629792271560332,-0.20785458352844413,-1.0667650090550265,-0.4453459974316072,-0.4168610988845427,-0.22694112443557954,-0.46721194829382007,-0.11666503672270934,0.0,0.0,0.0,0.0,1.0,0.0
0.22834410166670369,1.4121694371326645,-0.13469994315952238,0.11760010882200789,0.15169742043683496,-0.16926808083091707,-0.2616859420985062,-0.11682078525630432,0.131080396934246,-0.07796415446448221,-0.003161534559758276,-0.36153685402245034,-0.6629792271560332,6.093352874234424,0.16004134421035815,0.384656983114203,-0.5519900583488445,-0.22694112443557954,-0.46721194829382007,4.123467111342841,0.0,1.0,0.0,0.0,0.0,0.0
-0.8001955235607762,-0.5062303601834766,-0.6726498738849334,-0.2302544186748663,-0.7850064047942341,-0.5185835399679651,-0.4737575453145093,-0.9837323569707308,-0.9131514777759228,-0.76753693943675,-0.6897222257084269,-0.36153685402245034,-0.6629792271560332,-0.20785458352844413,-1.0667650090550265,-0.842172239955334,-0.5519900583488445,-0.22694112443557954,-0.46721194829382007,-0.11666503672270934,1.0,0.0,0.0,0.0,0.0,0.0
0.9483218393259396,-0.008867449768180677,0.40324998756588853,0.4157611323907572,0.40436095224258384,0.13347198375452454,-0.011055865570502595,0.49001731494379425,0.6931607640621887,0.4217362356484195,0.5227147395115624,-0.36153685402245034,1.22781306346511,-0.20785458352844413,1.29247797799379,1.0450243180010155,-0.5519900583488445,-0.22694112443557954,1.6772816548504577,-0.11666503672270934,0.0,0.0,0.0,0.0,0.0,1.0
0.7426139142804437,0.6305991493371997,-0.14814869142765766,-0.18056091474674138,-0.32897954251068734,-0.3089942644857363,-0.31952365206650707,0.31663500060090893,-0.15253813693765167,-0.13817589948009043,-0.2758381211152579,1.4917812217357513,-0.6629792271560332,-0.20785458352844413,-0.5949164116452631,0.05144410771260036,-0.6533367779470709,2.6056676709842885,-0.46721194829382007,-0.11666503672270934,0.0,0.0,0.0,1.0,0.0,0.0
0.7426139142804437,0.34639177195703064,0.3898012392977533,0.5151481402470067,0.6570244840483328,0.7389521129254077,0.5480419974535055,0.31663500060090893,0.8633318843853273,0.8421081366276398,0.595753110910357,3.3770530574208184,-0.6629792271560332,-0.20785458352844413,0.9779122463872812,1.244952043241977,1.9816779316068154,1.7963508722928976,-0.46721194829382007,-0.11666503672270934,0.0,0.0,0.0,1.0,0.0,0.0
0.7426139142804437,-0.07991929411322295,0.5377374702472413,0.6642286520313813,0.43517357807255325,-0.3089942644857363,-0.33880288872250736,0.31663500060090893,0.7189442671414521,0.47283153853792065,0.5908838861504373,-0.36153685402245034,1.4439036109646692,-0.20785458352844413,1.1351951121905357,1.0753163975829794,0.8330817761602496,-0.22694112443557954,0.8974657991616295,-0.11666503672270934,0.0,0.0,0.0,0.0,0.0,1.0
-0.5944875985152802,0.2042880832669461,-0.20194368450019876,0.6642286520313813,-0.16259136302885271,0.15675968103032775,0.2010157376455005,-0.8103500426278455,-0.36396286218761176,-0.13990112344586658,-0.12976137831766882,3.44096057727455,-0.6629792271560332,-0.20785458352844413,0.8761409802792929,-0.1969509448595034,0.056090259240513834,1.1219202067167384,-0.46721194829382007,-0.11666503672270934,0.0,0.0,0.0,1.0,0.0,0.0
-0.5944875985152802,-0.43517851583843425,-0.5919573842761217,-0.18056091474674138,-0.6987310524703199,-0.23913117265832667,-0.3002444154105068,-0.8103500426278455,-0.5521824346662347,-0.6224427602249433,-0.5436454829108379,-0.36153685402245034,-0.6629792271560332,-0.20785458352844413,0.7373619810411273,-0.4180831258078397,-0.58577229821492,-0.22694112443557954,-0.46721194829382007,-0.11666503672270934,1.0,0.0,0.0,0.0,0.0,0.0
0.5369059892349477,-0.364126671493392,-0.5516111394717159,-0.6278024500998651,-0.47688014649454036,-0.35556965903734267,-0.37736136203450793,0.14325268625802362,-0.3149742063370113,-0.46767288921381994,-0.529037808631079,-0.36153685402245034,0.11134523471738741,-0.20785458352844413,-0.6454716185105949,-0.13939599365377206,-0.4844255786166936,-0.22694112443557954,-0.27225798437161297,-0.11666503672270934,0.0,0.0,0.0,0.0,0.0,1.0
0.1254901391439557,-0.5062303601834766,-0.8340348531025567,-0.9259634736686144,-0.6555933763083628,-0.8911866963808163,-0.8786215150905152,-0.20351194242774698,-0.8461143697698378,-0.9162123014145599,-0.8260605189861767,-0.36153685402245034,-0.6629792271560332,-0.20785458352844413,-1.0667650090550265,-0.7634128330422278,-1.160070375938203,-0.22694112443557954,-0.46721194829382007,-0.11666503672270934,0.0,0.0,0.0,0.0,1.0,0.0
0.9483218393259396,-0.5772822045285187,-0.3095336706452809,-0.4290284343873657,-0.2673542908507486,-0.4021450535889491,-0.4930367819705096,0.49001731494379425,-0.010728870001702839,-0.14342430975011822,-0.28070734587517754,-0.36153685402245034,-0.6629792271560332,-0.20785458352844413,-0.6981332923286488,0.2180505454134017,-0.21416765968808987,-0.22694112443557954,-0.46721194829382007,-0.11666503672270934,1.0,0.0,0.0,0.0,0.0,0.0
-1.931589111311004,-0.7904377375636455,-1.1164585667333973,-1.2241244972373637,-1.1301078140898912,-0.7980359072776035,-0.8593422784345149,-1.9373350858566,-1.374676182894738,-1.157696603214418,-1.0792602065019978,0.27753834451486065,-0.6629792271560332,-0.20785458352844413,-1.0667650090550265,-1.3844004644724872,-0.9235946968756746,-0.6315995237812749,-0.46721194829382007,-0.11666503672270934,0.0,0.0,0.0,1.0,0.0,0.0
0.9483218393259396,0.985858371062411,1.2505211284584108,1.3599377070251297,1.2424643748177508,2.834844867747696,2.842271159517539,0.49001731494379425,1.2268792778029416,1.6622028908190498,1.637767209533159,-0.36153685402245034,-0.6629792271560332,-0.20785458352844413,1.29247797799379,1.6720703653476678,1.5087265734817588,-0.22694112443557954,-0.46721194829382007,-0.11666503672270934,0.0,0.0,0.0,0.0,1.0,0.0
0.7426139142804437,-0.29307482714834976,-0.33643116718155147,-0.3793349304592408,-0.347467118008669,-0.49529584269216187,-0.454478308658509,0.31663500060090893,-0.10354948108705117,-0.3262921285694574,-0.29531502015493644,-0.36153685402245034,-0.6629792271560332,-0.20785458352844413,-0.7521992774485177,0.10899905891833173,-0.7209012576792219,-0.22694112443557954,-0.46721194829382007,-0.11666503672270934,0.0,0.0,0.0,0.0,1.0,0.0
0.1254901391439557,0.5595473049921574,-0.1750461879639282,0.11760010882200789,-0.27967934118273635,-0.5185835399679651,-0.6087122019065112,-0.20351194242774698,-0.21699689463581023,-0.2954301804810754,-0.24662277255574008,-0.36153685402245034,-0.6629792271560332,-0.20785458352844413,0.40776185785048386,-0.024286091242309325,-0.24794989955416535,-0.22694112443557954,-0.46721194829382007,-0.11666503672270934,0.0,0.0,0.0,0.0,1.0,0.0
-1.7258811862655081,-0.7193858932186034,-1.0895610701971268,-1.124737489381114,-1.1301078140898912,-0.84461130182921,-0.8979007517465154,-1.7639527715137147,-1.374676182894738,-1.1379161778249614,-1.0597833074623193,-0.36153685402245034,-0.6629792271560332,-0.20785458352844413,-1.0667650090550265,-1.3844004644724872,-1.0925058962060519,-0.22694112443557954,-0.46721194829382007,-0.11666503672270934,1.0,0.0,0.0,0.0,0.0,0.0
-0.4916336359925322,-0.7193858932186034,-0.9685223357839093,-1.025350481524864,-1.0006947856040198,-0.9144743936566195,-0.936459225058516,-0.7236588854564029,-1.1993483619557468,-1.0340545610007266,-0.996483385583364,-0.36153685402245034,-0.4108735884065474,-0.20785458352844413,-1.0667650090550265,-1.178414323315133,-1.160070375938203,-0.22694112443557954,-0.3372426390123487,-0.11666503672270934,0.0,0.0,0.0,0.0,0.0,1.0
0.7426139142804437,0.13323623892190384,-0.20194368450019876,-0.2302544186748663,-0.298166916680718,-0.7980359072776035,-0.8207838051225144,0.31663500060090893,-0.06745257677608238,-0.3212484331914688,-0.28557657063509717,-0.36153685402245034,-0.6629792271560332,3.6961543848681155,-0.3589921129403815,0.15140797033308115,0.3939126579012685,-0.22694112443557954,-0.46721194829382007,2.003401037310066,0.0,1.0,0.0,0.0,0.0,0.0
-1.7258811862655081,-0.648334048873561,-1.0761123219289916,-1.025350481524864,-1.0623200372639585,-0.7980359072776035,-0.8207838051225144,-1.7639527715137147,-1.2380236165746419,-1.0755162344176832,-1.0451756331825603,0.4373071441491884,-0.6629792271560332,-0.20785458352844413,-1.0667650090550265,-1.2238524426880788,-0.9911591766078256,-0.36182725755081135,-0.46721194829382007,-0.11666503672270934,0.0,0.0,0.0,1.0,0.0,0.0
0.7426139142804437,-0.5772822045285187,0.2956600014208064,0.36606762846263224,0.3365731754166512,-0.4720081454163587,-0.5123160186265099,0.31663500060090893,0.6905824137542623,0.47661043404478076,0.33768419863461624,-0.36153685402245034,1.137775335340294,-0.20785458352844413,1.29247797799379,1.041995110042819,0.32634817816911754,-0.22694112443557954,1.4823276909282506,-0.11666503672270934,0.0,0.0,0.0,0.0,0.0,1.0
0.43405202671219967,-0.7904377375636455,-0.5785086360079864,-0.6278024500998651,-0.39676731933661996,-0.6117343290711779,-0.6279914385625115,0.05656152908658097,0.03568143554097133,-0.5565468062038378,-0.5387762581509182,-0.36153685402245034,-0.6629792271560332,-0.20785458352844413,-0.36773004992945124,0.27257628866093664,-0.34929661915239174,-0.22694112443557954,-0.46721194829382007,-0.11666503672270934,0.0,0.0,0.0,0.0,1.0,0.0
0.8454678768031916,3.188465545758721,1.6674323247706042,1.956259754162628,0.8234126635301674,0.9252536911318334,1.068581387165513,0.4033261577723516,0.9535741451627493,1.4409755492525373,1.2969214763387846,-0.36153685402245034,-0.6629792271560332,-0.20785458352844413,1.29247797799379,1.3509743217788506,1.1709041748210043,-0.22694112443557954,-0.46721194829382007,-0.11666503672270934,0.0,0.0,0.0,0.0,1.0,0.0
0.8454678768031916,-0.364126671493392,0.1746212670075889,0.1672936127501328,0.39819842707659,0.529362837443179,0.6444381807335069,0.4033261577723516,0.30382986756531094,0.039971690542672356,0.2500381529560628,-0.36153685402245034,-0.6629792271560332,-0.20785458352844413,-0.07740504674423242,0.5876139163133609,0.6641705768298722,-0.22694112443557954,-0.46721194829382007,-0.11666503672270934,1.0,0.0,0.0,0.0,0.0,0.0
0.9483218393259396,2.83320632403351,0.7260199460011352,0.7636156598876311,0.40436095224258384,1.0416921775108494,1.5698415402215202,0.49001731494379425,0.7318360186810838,0.8806930584379,0.6395761337496336,-0.36153685402245034,-0.6629792271560332,-0.20785458352844413,0.6289408878863104,1.0904624373739613,0.5290416173655703,-0.22694112443557954,-0.46721194829382007,-0.11666503672270934,0.0,0.0,0.0,0.0,1.0,0.0
0.8454678768031916,0.7016509936822419,-0.1750461879639282,-0.2302544186748663,0.0654220681129207,-0.4254327508647523,-0.454478308658509,0.4033261577723516,-0.013307220309629181,-0.14029942415025196,-0.14923827735734735,-0.36153685402245034,0.48950369284161616,-0.20785458352844413,-0.2296142717151238,0.2150213374552053,-0.011474220491637094,-0.22694112443557954,-0.20727332973087728,-0.11666503672270934,0.0,0.0,0.0,0.0,0.0,1.0
0.5369059892349477,0.2042880832669461,-0.45746990159476897,-0.47872193831549054,-0.4029298445026139,-0.4487204481405555,-0.5315952552825102,0.14325268625802362,-0.33817935910834834,-0.49361921431049066,-0.4511302124723648,-0.36153685402245034,0.21939050846716712,-0.20785458352844413,-0.3926955841839361,-0.16665886527753954,-0.18038541982201442,-0.22694112443557954,-0.46721194829382007,-0.11666503672270934,0.0,0.0,0.0,0.0,0.0,1.0
-0.18307174842428825,-0.5062303601834766,0.2822112531526711,1.1114701873845052,0.29959802442068795,0.5526505347189822,0.4709250508295044,-0.4635854139420749,0.07951339077571916,0.25381158967533957,0.381507221473893,-0.36153685402245034,-0.6629792271560332,-0.20785458352844413,1.0677881697034266,0.32407282395027526,-0.21416765968808987,-0.22694112443557954,-0.46721194829382007,-0.11666503672270934,0.0,0.0,0.0,0.0,1.0,0.0
0.5369059892349477,-0.7193858932186034,0.30910874968894164,0.5151481402470067,0.3858733767446022,1.6238846094059294,1.4348868836295183,0.14325268625802362,0.5178329431231974,0.42001489592398,0.5178455147516428,-0.36153685402245034,-0.6629792271560332,-0.20785458352844413,1.0397019436671313,0.8390381768436611,0.5628238572316459,-0.22694112443557954,-0.46721194829382007,-0.11666503672270934,0.0,0.0,0.0,0.0,1.0,0.0
0.43405202671219967,0.8437546823723265,2.0708947728146625,2.9998233366532507,2.086730322558912,1.5074461230269134,1.4927245935975193,0.05656152908658097,0.8659102346932537,1.5986295700559114,1.9542668189279353,-0.36153685402245034,3.5507864490853716,-0.20785458352844413,1.29247797799379,1.2479812512001733,0.7317350565620231,-0.22694112443557954,1.612297000209722,-0.11666503672270934,0.0,0.0,0.0,0.0,0.0,1.0
0.9483218393259396,-0.07991929411322295,-0.4843673981310395,-0.6278024500998651,-0.298166916680718,-0.35556965903734267,-0.39664059869050816,0.49001731494379425,-0.10870618170290386,-0.3117653810237294,-0.43165331343268626,-0.36153685402245034,-0.6629792271560332,-0.20785458352844413,-0.8455859790192,0.10294064300193895,-0.18038541982201442,-0.22694112443557954,-0.46721194829382007,-0.11666503672270934,0.0,0.0,0.0,0.0,1.0,0.0
0.8454678768031916,-0.5062303601834766,-0.09435369835511656,-0.13086741081861644,0.2441352979267431,-0.35556965903734267,-0.39664059869050816,0.4033261577723516,0.24968451109885775,-0.17991585040195268,-0.09080758023831172,-0.36153685402245034,-0.6629792271560332,-0.20785458352844413,-0.45792810917146093,0.5240005491912368,0.12365473897266477,-0.22694112443557954,-0.46721194829382007,-0.11666503672270934,0.0,0.0,0.0,0.0,1.0,0.0
0.9483218393259396,4.183191366589313,2.3667672347136386,2.2047272738032526,2.0189425457329793,2.601967894989664,2.6301995563015357,0.8367819436295648,1.3300132901199953,2.2911994469342702,2.3048510016421493,-0.36153685402245034,2.8484921697118044,-0.20785458352844413,1.29247797799379,1.4297337286919567,0.799299536294174,-0.22694112443557954,3.7567906033539997,-0.11666503672270934,0.0,0.0,0.0,0.0,0.0,1.0
0.9483218393259396,-0.7193858932186034,0.6318787081241882,0.4157611323907572,0.7864375125342041,1.111555269338259,0.9721852038855117,0.8367819436295648,0.8040298273030214,0.6961348321361456,0.8197374498666602,3.1853304978596255,-0.6629792271560332,-0.20785458352844413,-0.6735578445468905,0.880437352272345,1.3398153741513814,2.4707815378690565,-0.46721194829382007,-0.11666503672270934,0.0,0.0,0.0,1.0,0.0,0.0
0.8568960948612747,-0.008867449768180677,1.156379890581464,1.0617766834563807,1.538265582785457,2.1362139494736,2.1482186399015286,0.7500907864581222,0.9767792979340864,1.2112727273537345,1.3407444991780613,-0.36153685402245034,1.930107342838678,-0.20785458352844413,1.0228502080453539,1.060843515116041,1.7789844924103626,-0.22694112443557954,0.3775885620357439,-0.11666503672270934,0.0,0.0,0.0,0.0,0.0,1.0
-0.24021283871470395,-0.7193858932186034,-0.9954198323201799,-1.1744309933092387,-0.9205819584460994,-0.7980359072776035,-0.8207838051225144,-0.2902030995991896,-1.005972088861271,-1.0060114765930248,-0.9477911379841677,0.11776954488053291,-0.6629792271560332,-0.20785458352844413,-1.0667650090550265,-1.0097884136422006,-1.024941416473901,-0.4967133906660431,-0.46721194829382007,-0.11666503672270934,0.0,0.0,0.0,1.0,0.0,0.0
-1.611599005684677,-0.5772822045285187,-1.0357660771245858,-0.9259634736686144,-1.1116202385919096,-0.6117343290711779,-0.6858291485305124,-1.5905704571708295,-1.261228769345979,-1.0271538770915147,-0.9818757113036051,-0.36153685402245034,-0.03271513028231872,-0.20785458352844413,-1.0667650090550265,-1.2763587139634827,-1.0925058962060519,-0.22694112443557954,-0.27225798437161297,-0.11666503672270934,0.0,0.0,0.0,0.0,0.0,1.0
-1.520173261220012,-0.364126671493392,-0.9416248392476388,-0.5781089461717402,-0.9205819584460994,-0.8213236045534067,-0.8400630417785147,-1.5038792999993866,-1.1555164067209989,-0.9950279859458784,-0.9283142389444891,-0.36153685402245034,0.11134523471738741,-0.20785458352844413,-0.8046268993829357,-1.1659609128203254,-0.9911591766078256,-0.22694112443557954,-0.46721194829382007,-0.11666503672270934,0.0,0.0,0.0,0.0,0.0,1.0
0.7654703503966097,-0.29307482714834976,0.618429959856053,0.5151481402470067,0.693999635044296,0.8321029020286206,0.5673212341095057,0.6633996292866795,0.8530184831536219,0.7199817301693265,0.7613067527476246,-0.36153685402245034,1.3898809740897797,-0.20785458352844413,1.29247797799379,0.9315973088996617,0.25878369843696664,-0.22694112443557954,1.4173430362875148,-0.11666503672270934,0.0,0.0,0.0,0.0,0.0,1.0
0.6740446059319448,0.9148065267173687,0.8336099321462174,0.8133091638157562,0.9466631668500449,0.995116782959243,1.0300229138535124,0.5767084721152369,1.3454833919675533,1.041654035314845,1.0193756650233652,-0.36153685402245034,1.7320243409640816,-0.20785458352844413,1.29247797799379,1.445889504469004,0.15743697883874022,-0.22694112443557954,1.807250964131929,-0.11666503672270934,0.0,0.0,0.0,0.0,0.0,1.0
0.3083416280732855,-0.22202298280330746,0.09392877739877727,0.1672936127501328,0.028446917116957442,-0.4487204481405555,-0.5315952552825102,0.22994384342946628,0.5204112934311237,0.1557551500159354,0.01631536447992027,-0.36153685402245034,0.7776244228410284,-0.20785458352844413,1.29247797799379,0.5842481296931428,0.02230801937443837,-0.22694112443557954,1.0274351084431006,-0.11666503672270934,0.0,0.0,0.0,0.0,0.0,1.0
0.9483218393259396,-0.29307482714834976,1.3984573594078988,1.2108571952407552,1.137701446995855,1.577309214854323,1.8783093267175248,0.8367819436295648,1.5208112129065448,1.9237078065101803,1.2384907792197488,-0.36153685402245034,1.7500318865890452,-0.20785458352844413,1.29247797799379,1.628988296608875,2.2181536106693436,-0.22694112443557954,3.3018980208688498,-0.11666503672270934,0.0,0.0,0.0,0.0,0.0,1.0
-1.9773019835433367,-0.7904377375636455,-1.1164585667333973,-1.2241244972373637,-1.1239452889238972,-0.9377620909324227,-0.9750176983705166,-1.9373350858566,-1.3720978325868116,-1.1756933318495657,-1.103606330301596,-0.10590677460752591,-0.6629792271560332,-0.20785458352844413,-0.47695426229282234,-1.3921417736989892,-1.1938526158042784,-0.4967133906660431,-0.46721194829382007,-0.11666503672270934,0.0,0.0,0.0,1.0,0.0,0.0
-2.160153472472666,-0.648334048873561,-1.0895610701971268,-0.6278024500998651,-1.1301078140898912,-0.7980359072776035,-0.8593422784345149,-2.1107174001994853,-1.403038036281928,-1.1240396851828858,-1.0597833074623193,-0.36153685402245034,0.41747351034176305,-0.20785458352844413,1.29247797799379,-1.424453325253084,-1.160070375938203,-0.22694112443557954,-0.40222729365308435,-0.11666503672270934,0.0,0.0,0.0,0.0,0.0,1.0
-1.9773019835433367,-0.7193858932186034,-1.0895610701971268,-0.9756569775967392,-1.1424328644218789,-0.9377620909324227,-0.9750176983705166,-1.9373350858566,-1.3411576288916955,-1.1285874860626355,-1.0792602065019978,-0.36153685402245034,-0.6629792271560332,1.161973124680875,-1.0667650090550265,-1.3598302221448944,-1.2276348556703538,-0.22694112443557954,-0.46721194829382007,0.5900236546215492,0.0,1.0,0.0,0.0,0.0,0.0
0.9483218393259396,-0.1509711384582652,1.358111114603493,1.16116369131263,1.5321030576194632,1.0882675720624557,1.0107436771975122,0.8367819436295648,1.3325916404279217,1.2517382774607435,1.4478674438962933,-0.36153685402245034,-0.6629792271560332,-0.20785458352844413,1.29247797799379,1.4324263579881313,0.4614771376334194,-0.22694112443557954,-0.46721194829382007,-0.11666503672270934,0.0,0.0,0.0,0.0,1.0,0.0
0.39976737253795047,-0.5772822045285187,1.6136373316980632,2.0059532580907526,1.9634798192390346,1.3677199393720942,1.4156076469735182,0.31663500060090893,0.9716225973182336,1.3442029270000773,1.7546286037712302,-0.36153685402245034,-0.6629792271560332,-0.20785458352844413,1.29247797799379,1.0554582565236919,0.5628238572316459,-0.22694112443557954,-0.46721194829382007,-0.11666503672270934,0.0,0.0,0.0,0.0,1.0,0.0
-0.057361349785374126,-0.5062303601834766,-0.3229824189134162,-0.18056091474674138,-0.24270419018677308,-0.21584347538252346,-0.22312746878650566,-0.11682078525630432,-0.5057721291235606,-0.42875363248133613,-0.2709688963553383,-0.36153685402245034,-0.6629792271560332,-0.20785458352844413,-0.8780255700911211,-0.48741833018433484,-0.5182078184827691,-0.22694112443557954,-0.46721194829382007,-0.11666503672270934,0.0,0.0,0.0,0.0,1.0,0.0
0.6740446059319448,1.27006574844258,-0.6726498738849334,-0.8762699697404895,-0.6494308511423689,-0.49529584269216187,-0.37736136203450793,0.5767084721152369,-0.38201131434309615,-0.5457344979504243,-0.675114551428668,0.533168423929785,-0.6629792271560332,-0.20785458352844413,-1.0667650090550265,-0.3581721239679556,-0.6195545380809955,0.5823756742558112,-0.46721194829382007,-0.11666503672270934,0.0,0.0,0.0,1.0,0.0,0.0
0.8568960948612747,1.9805841918930025,0.8874049252187585,0.7636156598876311,0.7802749873682102,-0.2624188699341299,-0.22312746878650566,0.7500907864581222,0.5255679940469764,0.45407922280118596,0.6882683813488301,-0.36153685402245034,-0.6629792271560332,-0.20785458352844413,-0.5275094691581541,0.5896333882854917,-0.3830788590184672,-0.22694112443557954,-0.46721194829382007,-0.11666503672270934,0.0,0.0,0.0,0.0,1.0,0.0
-0.4230643276440334,0.06218439457686159,-0.8609323496388271,-0.8762699697404895,-0.9082569081141116,-0.8213236045534067,-0.7243876218425129,-0.4635854139420749,-1.0033937385533447,-0.8913240727843539,-0.8990988903849713,-0.36153685402245034,-0.6629792271560332,-0.20785458352844413,-1.0667650090550265,-1.0070957843460262,-0.7546834975452973,-0.22694112443557954,-0.46721194829382007,-0.11666503672270934,1.0,0.0,0.0,0.0,0.0,0.0
-1.520173261220012,-0.7193858932186034,-0.6188548808123923,0.7139221559595064,-0.6247807504783933,-0.6117343290711779,-0.6665499118745121,-1.5038792999993866,-0.7971257139192374,-0.7371561939323135,-0.6264223038294717,-0.36153685402245034,1.3538658828398529,-0.20785458352844413,0.5060636489775178,-0.7916854406520608,-0.4506433387506181,-0.22694112443557954,-0.5321966029345557,-0.11666503672270934,0.0,0.0,0.0,0.0,0.0,1.0
0.7654703503966097,1.4121694371326645,2.2995234933729622,2.353807785587627,2.1483555742188507,2.881420262299302,2.803712686205538,0.6633996292866795,1.2578194814980577,2.346027138883247,2.4898815425190954,-0.36153685402245034,3.26266571908596,-0.20785458352844413,1.29247797799379,1.3543401083990687,0.1912192187048157,-0.22694112443557954,4.341652495120621,-0.11666503672270934,0.0,0.0,0.0,0.0,0.0,1.0
-1.1544702833613525,-0.7904377375636455,-0.9416248392476388,-0.8265764658123645,-0.9513945842760688,-0.84461130182921,-0.8593422784345149,-1.1571146713136162,-1.1374679545655146,-0.9992228427990493,-0.9283142389444891,-0.36153685402245034,-0.6629792271560332,-0.20785458352844413,-1.0667650090550265,-1.1471125077471036,-0.9235946968756746,-0.22694112443557954,-0.46721194829382007,-0.11666503672270934,0.0,0.0,0.0,0.0,1.0,0.0
0.9483218393259396,-0.22202298280330746,-0.5112648946673101,-0.7271894579561149,-0.42757994516658937,-0.49529584269216187,-0.5315952552825102,0.8367819436295648,0.1130319447787616,-0.35625404746675465,-0.4657378867521237,-0.36153685402245034,0.0032999609676078504,-0.20785458352844413,-0.7390923719649131,0.15881270089756125,0.5290416173655703,-0.22694112443557954,-0.20727332973087728,-0.11666503672270934,0.0,0.0,0.0,0.0,0.0,1.0
0.8568960948612747,3.188465545758721,-0.21539243276833403,-0.4290284343873657,-0.48920519682652813,-0.5884466317953747,-0.39664059869050816,0.7500907864581222,1.5569081172175134,0.3089036394823085,-0.3829610658334899,-0.36153685402245034,-0.6629792271560332,-0.20785458352844413,1.29247797799379,1.6666851067553186,0.42769489776734393,-0.22694112443557954,-0.46721194829382007,-0.11666503672270934,0.0,0.0,0.0,0.0,1.0,0.0
0.9483218393259396,-0.43517851583843425,-0.40367490852222787,-0.6278024500998651,-0.347467118008669,-0.49529584269216187,-0.4737575453145093,0.8367819436295648,0.10787524416290892,-0.31730879822903335,-0.3586149420338917,-0.36153685402245034,-0.6629792271560332,-0.20785458352844413,-0.9356959542189811,0.15342744230521196,-0.4844255786166936,-0.22694112443557954,-0.46721194829382007,-0.11666503672270934,1.0,0.0,0.0,0.0,0.0,0.0
0.9483218393259396,0.13323623892190384,1.3715598628716283,1.2108571952407552,0.8357377138621551,1.9499123712671742,1.8590300900615244,0.8367819436295648,0.8788019862328853,1.34590709653301,1.2969214763387846,-0.36153685402245034,1.822062069088898,-0.20785458352844413,-0.6080233171288678,0.9585236018614075,0.5628238572316459,-0.22694112443557954,3.4318673301503213,-0.11666503672270934,0.0,0.0,0.0,0.0,0.0,1.0
0.5826188614672799,0.7727028380272842,0.914302421755029,1.0120831795282554,0.9836383178460082,1.0882675720624557,1.203536043757515,0.49001731494379425,0.9200555911597068,0.7953973667990213,0.8538220231860977,-0.36153685402245034,1.623979067214302,-0.20785458352844413,0.7026672312315859,1.0016056706002006,1.5762910532139098,-0.22694112443557954,-0.012319365808670256,-0.11666503672270934,0.0,0.0,0.0,0.0,0.0,1.0
0.5826188614672799,1.4121694371326645,1.008443659631976,1.1114701873845052,0.9589882171820326,0.5060751401673758,0.49020428748550465,0.49001731494379425,0.876223635924959,1.2150642202260022,0.9365988441047315,-0.36153685402245034,1.7140167953391183,-0.20785458352844413,1.29247797799379,0.9558309725652329,1.373597614017457,-0.22694112443557954,1.807250964131929,-0.11666503672270934,0.0,0.0,0.0,0.0,0.0,1.0
-0.7887673055026931,-0.7904377375636455,-0.9685223357839093,-1.025350481524864,-1.0130198359360076,-0.7048851181743907,-0.7051083851865126,-0.8103500426278455,-1.2534937184222,-1.047510321183824,-0.9526603627440873,0.27753834451486065,-0.6629792271560332,-0.20785458352844413,-1.0667650090550265,-1.2682808260749592,-0.9235946968756746,-0.36182725755081135,-0.46721194829382007,-0.11666503672270934,0.0,0.0,0.0,1.0,0.0,0.0
0.8568960948612747,-0.07991929411322295,1.3312136180672225,1.2108571952407552,1.1192138714978734,0.9485413884076366,0.7408343640135083,0.7500907864581222,1.2243009274950152,1.3967084530575236,1.22388310493999,-0.36153685402245034,1.8040545234639345,-0.20785458352844413,1.29247797799379,1.3193359275487995,1.441162093749608,-0.22694112443557954,2.3271282012578145,-0.11666503672270934,0.0,0.0,0.0,0.0,0.0,1.0
-0.14878709425003905,-0.1509711384582652,0.013236287789965625,0.36606762846263224,-0.014690759044999687,0.01703349737550854,0.0853403177094988,-0.20351194242774698,-0.44131337142540206,-0.286202104411456,-0.08106913071847245,-0.36153685402245034,-0.6629792271560332,-0.20785458352844413,-0.8701614268009584,-0.42010259777997067,0.1912192187048157,-0.22694112443557954,-0.46721194829382007,-0.11666503672270934,0.0,0.0,0.0,0.0,1.0,0.0
0.9483218393259396,1.4832212814777068,1.2370723801902754,1.0617766834563807,0.989800843012002,0.5060751401673758,0.5287627607975053,0.8367819436295648,0.97420094762616,0.9997166729000471,0.95607574314441,-0.36153685402245034,1.4619111565896328,-0.20785458352844413,1.2269434505757673,1.0581508858198665,1.1709041748210043,-0.22694112443557954,1.4173430362875148,-0.11666503672270934,0.0,0.0,0.0,0.0,0.0,1.0
0.03406439467929079,-0.1509711384582652,-0.20194368450019876,-0.03148040296236663,-0.2673542908507486,-0.09940498900350747,0.008223371085497685,-0.03012962808486168,-0.22215359525166292,-0.17965290799337807,-0.23201509827598116,-0.36153685402245034,-0.6629792271560332,4.586542395204173,-0.4315842048495759,-0.19122910760513237,-0.011474220491637094,-0.22694112443557954,-0.46721194829382007,2.710089728654325,0.0,1.0,0.0,0.0,0.0,0.0
0.5826188614672799,0.34639177195703064,0.6991224494648646,0.7636156598876311,0.5645866065584246,0.8088152047528174,0.9143474939175108,0.49001731494379425,0.7344143689890101,1.007777523527146,0.7126145051484282,-0.36153685402245034,1.4619111565896328,-0.20785458352844413,1.29247797799379,0.8077363612756316,1.677637772812136,-0.22694112443557954,1.807250964131929,-0.11666503672270934,0.0,0.0,0.0,0.0,0.0,1.0
0.7654703503966097,0.2042880832669461,1.0891361492407876,1.0617766834563807,1.2054892238217876,-0.3089942644857363,-0.2809651787545065,0.6633996292866795,0.9948277500895708,0.8159891752858992,0.7272221794281871,-0.36153685402245034,1.3358583372148898,-0.20785458352844413,1.29247797799379,1.079691920189263,0.6641705768298722,-0.22694112443557954,1.0924197630838364,-0.11666503672270934,0.0,0.0,0.0,0.0,0.0,1.0
0.6740446059319448,-0.5062303601834766,-0.24228992930460458,-0.3793349304592408,-0.15642883786285883,-0.35556965903734267,-0.31952365206650707,0.5767084721152369,0.3786020264951749,-0.10750408902052305,-0.24175354779582045,-0.36153685402245034,0.3274357822169467,-0.20785458352844413,0.8635247076212781,0.43615351840354155,-0.21416765968808987,-0.22694112443557954,0.11764994347280117,-0.11666503672270934,0.0,0.0,0.0,0.0,0.0,1.0
-0.9716187944320227,-0.7193858932186034,-0.753342363493745,-0.4290284343873657,-0.6124557001464056,-0.8213236045534067,-0.8593422784345149,-0.9837323569707308,-0.7790772617637529,-0.7536434327513986,-0.7432836980675429,-0.36153685402245034,-0.6629792271560332,-0.20785458352844413,1.29247797799379,-0.7728370355788389,-0.7209012576792219,-0.22694112443557954,-0.46721194829382007,-0.11666503672270934,0.0,0.0,0.0,0.0,1.0,0.0
0.6740446059319448,-0.5772822045285187,-0.4709186498629042,-0.6278024500998651,-0.3782797438386383,-0.4254327508647523,-0.4930367819705096,0.5767084721152369,-0.4799886260442972,-0.522058194208435,-0.4267840886727666,1.0124748228327682,-0.6629792271560332,-0.20785458352844413,-0.9952727973262745,-0.46049203722258913,-0.34929661915239174,0.17771727491011582,-0.46721194829382007,-0.11666503672270934,0.0,0.0,0.0,1.0,0.0,0.0
0.49119311700261536,-0.43517851583843425,0.013236287789965625,-0.03148040296236663,0.07158459327891457,0.24991047013354056,0.1817365009895002,0.4033261577723516,0.43274738296162807,0.16502267073586407,0.0017076902001613601,-0.36153685402245034,0.6695791490912489,-0.20785458352844413,1.2163733655083444,0.4926987336232074,0.4614771376334194,-0.22694112443557954,-0.1422886750901416,-0.11666503672270934,0.0,0.0,0.0,0.0,0.0,1.0
0.6740446059319448,-0.008867449768180677,0.9680974148275701,0.9623896756001308,1.0082884185099836,1.0649798747866526,1.0300229138535124,0.5767084721152369,1.1005401127145509,1.1229811659705449,1.0437217888229635,-0.36153685402245034,-0.6629792271560332,-0.20785458352844413,1.29247797799379,1.1900897213324204,0.4952593774994949,-0.22694112443557954,-0.46721194829382007,-0.11666503672270934,0.0,0.0,0.0,0.0,1.0,0.0
0.7654703503966097,-0.43517851583843425,0.4301474841021591,0.3163741245345073,0.35506075091463285,0.6225136265463918,0.8179513106375095,0.6633996292866795,0.86848858500118,0.6107240833028262,0.4155917947933304,-0.36153685402245034,-0.6629792271560332,-0.20785458352844413,1.1536989787556244,0.9477530846767093,0.42769489776734393,-0.22694112443557954,-0.46721194829382007,-0.11666503672270934,0.0,0.0,0.0,0.0,1.0,0.0
0.9483218393259396,-0.5772822045285187,-0.1750461879639282,-0.3793349304592408,-0.08864106103692619,-0.4021450535889491,-0.35808212537850764,0.8367819436295648,0.0640432889281611,-0.22151686184828992,-0.18819207543670444,1.3320124221014236,-0.6629792271560332,-0.20785458352844413,-0.7390923719649131,0.1076527442702444,0.7655172964280986,-0.6315995237812749,-0.46721194829382007,-0.11666503672270934,0.0,0.0,0.0,1.0,0.0,0.0
-2.068727728008001,-0.7904377375636455,-1.0761123219289916,-0.7271894579561149,-1.1116202385919096,-0.8678989991050131,-0.8786215150905152,-2.0240262430280427,-1.3488926798154746,-1.1258082516544174,-1.05004485794248,-0.36153685402245034,-0.6629792271560332,3.011240530763456,-1.0667650090550265,-1.367908110033418,-1.0925058962060519,-0.22694112443557954,-0.46721194829382007,-0.11666503672270934,0.0,1.0,0.0,0.0,0.0,0.0
-1.0630445388966876,-0.43517851583843425,-0.9819710840520446,-0.9756569775967392,-0.9575571094420626,-0.7747482100018003,-0.7822253318105138,-1.0704235141421734,-1.0549607447118716,-0.974353366751542,-0.9623988122639265,0.37339962429545726,-0.6629792271560332,-0.20785458352844413,-1.0667650090550265,-1.0609483702695175,-0.8222479772774482,-0.4967133906660431,-0.46721194829382007,-0.11666503672270934,0.0,0.0,0.0,1.0,0.0,0.0
0.9483218393259396,-0.5062303601834766,-0.00021246047816964853,-0.2302544186748663,0.07158459327891457,0.38963665378835977,0.49020428748550465,0.8367819436295648,0.17233400186106748,0.08063072220941646,0.06987683683903627,1.8113188210044069,-0.6629792271560332,-0.20785458352844413,-0.9356959542189811,0.22074317470957633,0.7317350565620231,1.526578606062434,-0.46721194829382007,-0.11666503672270934,0.0,0.0,0.0,1.0,0.0,0.0
0.39976737253795047,0.2753399276119884,0.7798149390736763,0.9623896756001308,1.0760761953359164,1.111555269338259,1.2420945170695157,0.31663500060090893,0.5049411915835657,0.5391229915019611,0.795391326067062,-0.36153685402245034,1.6960092497141552,-0.20785458352844413,0.4274222160758906,0.5680923539160952,1.1033396950888532,-0.22694112443557954,-0.7271505668567627,-0.11666503672270934,0.0,0.0,0.0,0.0,0.0,1.0
0.49119311700261536,0.4884954606471152,0.8874049252187585,1.0120831795282554,1.2979271013116958,2.0197754630945837,1.762633906781523,0.4033261577723516,1.0257679537846869,1.129793593488602,1.4089136458169362,-0.36153685402245034,2.344280892212833,-0.20785458352844413,1.29247797799379,1.1120034717433578,1.5762910532139098,-0.22694112443557954,0.7025118352394224,-0.11666503672270934,0.0,0.0,0.0,0.0,0.0,1.0
-0.057361349785374126,1.1279620597524955,0.9546486665594348,1.7077922345220038,0.8110876131981797,1.0184044802350463,0.7986720739815092,-0.11682078525630432,0.33477007126042707,0.899438406118243,0.9706834174241689,-0.36153685402245034,-0.6629792271560332,-0.20785458352844413,1.29247797799379,0.390378820368574,-0.34929661915239174,-0.22694112443557954,-0.46721194829382007,-0.11666503672270934,0.0,0.0,0.0,0.0,1.0,0.0
-2.068727728008001,-0.7904377375636455,-1.1164585667333973,-1.2241244972373637,-1.1670829650858545,-0.9377620909324227,-0.9750176983705166,-2.0240262430280427,-1.4288215393611912,-1.176254245193831,-1.1084755550615157,-0.36153685402245034,-0.6629792271560332,0.2715851143448175,-1.0667650090550265,-1.4513796182148295,-1.2276348556703538,-0.22694112443557954,-0.46721194829382007,-0.11666503672270934,0.0,1.0,0.0,0.0,0.0,0.0
0.39976737253795047,0.5595473049921574,-0.21539243276833403,-0.2302544186748663,-0.3104919670127057,-0.35556965903734267,-0.14601052216250454,0.31663500060090893,-0.30208245479737955,-0.260456468151625,-0.3342688182342935,-0.36153685402245034,0.3094282365919835,-0.20785458352844413,-1.0667650090550265,-0.2747006157865441,-0.6195545380809955,-0.22694112443557954,0.5725425259579511,-0.11666503672270934,0.0,0.0,0.0,0.0,0.0,1.0
0.8568960948612747,2.051636036238045,-0.16159743969579293,-0.3296414265311159,-0.05782843520695682,-0.4487204481405555,-0.24240670544250595,0.7500907864581222,0.19038245401655188,-0.05842982622696582,-0.2368843230359008,1.3000586621745582,-0.6629792271560332,-0.20785458352844413,-0.6623233541323722,0.23959157978279813,0.360130418035193,0.31260340802534764,-0.46721194829382007,-0.11666503672270934,0.0,0.0,0.0,1.0,0.0,0.0
-0.14878709425003905,-0.648334048873561,-0.3229824189134162,-0.13086741081861644,-0.47688014649454036,-0.12269268627931067,-0.049614338882503155,-0.20351194242774698,-0.5934360395930562,-0.40350601614088955,-0.3196611439545346,-0.36153685402245034,0.5615338753414691,-0.20785458352844413,-0.8701614268009584,-0.57896772625427,-0.7209012576792219,-0.22694112443557954,0.24761925275427257,-0.11666503672270934,0.0,0.0,0.0,0.0,0.0,1.0
0.9483218393259396,1.3411175927876222,1.4791498490167105,1.310244203097005,0.9158505410200756,0.15675968103032775,0.046781844397498246,0.8367819436295648,1.2010957747236781,1.3198266104141885,1.063198687862642,-0.36153685402245034,1.5699564303394125,-0.20785458352844413,1.29247797799379,1.2951022638832284,0.4614771376334194,-0.22694112443557954,3.171928711587378,-0.11666503672270934,0.0,0.0,0.0,0.0,0.0,1.0
0.6740446059319448,-0.5772822045285187,-0.5381623912035806,-0.7271894579561149,-0.4152548948346016,-0.4487204481405555,-0.4930367819705096,0.5767084721152369,-0.40779481742235957,-0.4399934980730457,-0.4852147857918022,-0.36153685402245034,0.03931505221753434,-0.20785458352844413,-1.0667650090550265,-0.3850984169297012,-0.7546834975452973,-0.22694112443557954,0.24761925275427257,-0.11666503672270934,0.0,0.0,0.0,0.0,0.0,1.0
0.39976737253795047,-0.648334048873561,0.18807001527572417,0.2666806206063824,0.5214489303964674,-0.21584347538252346,-0.18456899547450512,0.31663500060090893,0.5797133505134296,0.16777593506787203,0.10396141015847371,-0.36153685402245034,-0.6629792271560332,-0.20785458352844413,1.29247797799379,0.6461786035051579,1.306033134285306,-0.22694112443557954,-0.46721194829382007,-0.11666503672270934,0.0,0.0,0.0,0.0,1.0,0.0
-0.5144900721086983,-0.29307482714834976,-0.8609323496388271,-0.8762699697404895,-0.8527941816201667,-0.6815974208985875,-0.6858291485305124,-0.5502765711135176,-0.9260432293155545,-0.8780701198181158,-0.8455374180258552,-0.36153685402245034,-0.15876794965706165,-0.20785458352844413,-0.8308407103501448,-0.9263169054607892,-0.7546834975452973,-0.22694112443557954,-0.46721194829382007,-0.11666503672270934,0.0,0.0,0.0,0.0,0.0,1.0
0.6740446059319448,3.330569234448806,0.6587762046604587,0.6145351481032566,0.3119230747526757,-0.029541897176097863,0.046781844397498246,0.5767084721152369,0.6519071591353672,0.5287845601589725,0.4155917947933304,-0.36153685402245034,-0.6629792271560332,-0.20785458352844413,0.57755586070627,0.7215722237980455,0.2925659383030421,-0.22694112443557954,-0.46721194829382007,-0.11666503672270934,0.0,0.0,0.0,0.0,1.0,0.0
0.9483218393259396,0.13323623892190384,0.32255749795707694,0.11760010882200789,0.3180855999186696,-0.12269268627931067,-0.107452048850504,0.8367819436295648,0.9174772408517805,0.5706056202256451,0.19160745583702715,-0.36153685402245034,-0.6629792271560332,-0.20785458352844413,1.29247797799379,0.9989130413040261,0.4952593774994949,-0.22694112443557954,-0.46721194829382007,-0.11666503672270934,0.0,0.0,0.0,0.0,1.0,0.0
0.5826188614672799,0.7016509936822419,0.3360062462252122,0.3163741245345073,0.18251004626680434,-0.029541897176097863,-0.030335102226502875,0.49001731494379425,-0.06745257677608238,0.11325064419538018,0.2110843548767057,2.354532739761121,-0.6629792271560332,-0.20785458352844413,-1.0667650090550265,-0.02967134983465844,-0.4844255786166936,2.4707815378690565,-0.46721194829382007,-0.11666503672270934,0.0,0.0,0.0,1.0,0.0,0.0
-2.068727728008001,-0.7193858932186034,-1.1299073150015326,-1.3732050090217383,-1.1732454902518483,-0.9377620909324227,-0.9750176983705166,-2.0240262430280427,-1.4313998896691176,-1.1881962540549347,-1.118214004581355,-0.36153685402245034,-0.6629792271560332,-0.20785458352844413,-1.0667650090550265,-1.4540722475110042,-1.2614170955364292,-0.22694112443557954,-0.46721194829382007,-0.11666503672270934,0.0,1.0,0.0,0.0,0.0,0.0
-0.7887673055026931,-0.7904377375636455,-0.7936886082981508,-0.6278024500998651,-0.8466316564541729,-0.9144743936566195,-0.9171799884025157,-0.8103500426278455,-0.8796329237728803,-0.8394169640640694,-0.8017143951865786,0.8527060231984405,-0.6629792271560332,-0.20785458352844413,-1.0667650090550265,-0.8778495781296469,-0.9573769367417501,0.44748954114057937,-0.46721194829382007,-0.11666503672270934,0.0,0.0,0.0,1.0,0.0,0.0
0.8568960948612747,-0.43517851583843425,0.4301474841021591,0.2666806206063824,0.35506075091463285,0.7389521129254077,0.6251589440775066,0.7500907864581222,0.20585255586410994,0.39033504204575686,0.37176877195405367,-0.36153685402245034,-0.6629792271560332,-0.20785458352844413,0.1465599557129362,0.2557473555598456,0.2925659383030421,-0.22694112443557954,-0.46721194829382007,-0.11666503672270934,0.0,0.0,0.0,0.0,1.0,0.0
0.7654703503966097,-0.22202298280330746,1.4388036042123047,1.4096312109532543,1.291764576145702,1.6238846094059294,1.4927245935975193,0.6633996292866795,1.4563524552083862,1.575713940828098,1.5209058152950878,-0.36153685402245034,-0.6629792271560332,-0.20785458352844413,1.29247797799379,1.5616725642045102,0.1912192187048157,-0.22694112443557954,-0.46721194829382007,-0.11666503672270934,0.0,0.0,0.0,0.0,1.0,0.0
0.1254901391439557,-0.5062303601834766,-0.5247136429354453,-0.5284154422436155,-0.5015302471585159,-0.7514605127259971,-0.7436668584985132,0.05656152908658097,-0.606327791132688,-0.59818095925615,-0.6166838543096324,-0.36153685402245034,0.02130750659257106,-0.20785458352844413,-0.7172475294922389,-0.5924308727351428,-0.4506433387506181,-0.22694112443557954,-0.40222729365308435,-0.11666503672270934,0.0,0.0,0.0,0.0,0.0,1.0
-0.5144900721086983,-0.7193858932186034,-1.0357660771245858,-1.1744309933092387,-0.9760446849400443,-0.7980359072776035,-0.8015045684665141,-0.5502765711135176,-1.2148184638033048,-1.080137265652973,-1.0159602846230424,-0.010045494826929251,-0.6629792271560332,-0.20785458352844413,-1.0667650090550265,-1.2278913866323407,-1.0925058962060519,-0.6315995237812749,-0.46721194829382007,-0.11666503672270934,0.0,0.0,0.0,1.0,0.0,0.0
-1.8858762390786714,-0.7193858932186034,-1.0223173288564504,-0.5781089461717402,-0.9945322604380259,-0.6583097236227843,-0.7243876218425129,-1.8506439286851573,-1.1735648588764833,-0.9863038409930815,-0.957529587504007,-0.36153685402245034,0.5255187840915426,-0.20785458352844413,1.29247797799379,-1.1848093178935477,-1.024941416473901,-0.22694112443557954,-0.3372426390123487,-0.11666503672270934,0.0,0.0,0.0,0.0,0.0,1.0
0.5826188614672799,-0.5772822045285187,-0.8743810979069624,-1.075043985452989,-0.7110561028023076,-0.8678989991050131,-0.9171799884025157,0.49001731494379425,-0.7300886059131524,-0.9190498795954132,-0.8698835418254535,0.14972330480739848,-0.6629792271560332,-0.20785458352844413,-0.993038665709751,-0.7216770789515221,-0.7546834975452973,-1.4409163224726658,-0.46721194829382007,-0.11666503672270934,0.0,0.0,0.0,1.0,0.0,0.0
-1.611599005684677,-0.7904377375636455,-1.1030098184652621,-1.2241244972373637,-1.1301078140898912,-0.8911866963808163,-0.8786215150905152,-1.5905704571708295,-1.3334225779679165,-1.1554023771800677,-1.088998656021837,-0.36153685402245034,-0.5189188621563271,-0.20785458352844413,-1.0667650090550265,-1.3517523342563706,-1.160070375938203,-0.22694112443557954,-0.5321966029345557,-0.11666503672270934,0.0,0.0,0.0,0.0,0.0,1.0
-0.24021283871470395,-0.7193858932186034,-0.7264448669574745,-0.7271894579561149,-0.791168929960228,-0.5884466317953747,-0.6087122019065112,-0.2902030995991896,-0.6733648991387728,-0.7306716219759678,-0.7335452485477036,-0.36153685402245034,-0.05072267590728201,-0.20785458352844413,-0.6564618808726236,-0.6624392344356816,-0.4506433387506181,-0.22694112443557954,-0.3372426390123487,-0.11666503672270934,0.0,0.0,0.0,0.0,0.0,1.0
0.9483218393259396,0.06218439457686159,0.32255749795707694,0.11760010882200789,0.14553489527084107,0.6690890210979982,0.8372305472935097,0.8367819436295648,0.9716225973182336,0.7820925523093188,0.2987304005552592,-0.36153685402245034,-0.6629792271560332,-0.20785458352844413,0.3749945941414726,1.0554582565236919,0.8330817761602496,-0.22694112443557954,-0.46721194829382007,-0.11666503672270934,0.0,0.0,0.0,0.0,1.0,0.0
0.9483218393259396,-0.29307482714834976,1.5732910868936574,1.4096312109532543,1.9511547689070468,1.3910076366478974,1.1842568071015147,0.8367819436295648,1.3557967931992587,1.3637448929486855,1.7351517047315517,-0.36153685402245034,2.27225070971298,-0.20785458352844413,1.29247797799379,1.4566600216537025,1.373597614017457,-0.22694112443557954,1.0924197630838364,-0.11666503672270934,0.0,0.0,0.0,0.0,0.0,1.0
-1.3373217722906823,-0.648334048873561,-0.9819710840520446,-0.8762699697404895,-1.0191823611020014,-0.84461130182921,-0.8207838051225144,-1.3304969856565014,-1.1426246551813672,-1.0418317447065888,-0.9770064865436855,0.469260904076054,-0.6629792271560332,-0.20785458352844413,-0.20885846831000227,-1.152497766339453,-0.9573769367417501,-0.36182725755081135,-0.46721194829382007,-0.11666503672270934,0.0,0.0,0.0,1.0,0.0,0.0
0.6740446059319448,1.9095323475479604,1.2370723801902754,1.2605506991688797,0.9343381165180572,1.1348429666140623,1.1649775704455145,0.5767084721152369,0.7911380757633897,1.299393557410731,1.2287523296999097,-0.36153685402245034,1.9661224340886043,-0.20785458352844413,1.220985766265038,0.8669742057914721,1.6100732930799853,-0.22694112443557954,2.717036129102229,-0.11666503672270934,0.0,0.0,0.0,0.0,0.0,1.0
0.5826188614672799,-0.43517851583843425,0.26876250488453585,0.2666806206063824,0.4906363045664981,0.9019659938560302,0.9143474939175108,0.49001731494379425,0.7756679739158316,0.5134508502578299,0.3133380748350181,-0.36153685402245034,0.9937149703405875,-0.20785458352844413,0.7763935745768614,0.8508184300144249,1.2722508944192306,-0.22694112443557954,-0.40222729365308435,-0.11666503672270934,0.0,0.0,0.0,0.0,0.0,1.0
0.03406439467929079,-0.648334048873561,-0.8743810979069624,-1.025350481524864,-0.8034939802922157,-0.7048851181743907,-0.7243876218425129,-0.03012962808486168,-0.9260432293155545,-0.8860490434115449,-0.8601450923056142,-0.36153685402245034,-0.3028283146567678,-0.20785458352844413,-1.0667650090550265,-0.9263169054607892,-0.6195545380809955,-0.22694112443557954,-0.5321966029345557,-0.11666503672270934,0.0,0.0,0.0,0.0,0.0,1.0
-0.057361349785374126,-0.5772822045285187,-0.7936886082981508,-0.8762699697404895,-0.8096565054582097,-0.5884466317953747,-0.6279914385625115,-0.11682078525630432,-0.41810821865406494,-0.5526364743877383,-0.7578913723473019,-0.36153685402245034,-0.6629792271560332,-0.20785458352844413,-0.6892861311272158,-0.39586893411439955,-0.14660317995593897,-0.22694112443557954,-0.46721194829382007,-0.11666503672270934,0.0,0.0,0.0,0.0,1.0,0.0
-1.7030247501493418,-0.7904377375636455,-0.9550735875157741,-0.4290284343873657,-1.0499949869319707,-0.84461130182921,-0.8786215150905152,-1.677261614342272,-1.3127957755045059,-1.067900894294316,-0.9526603627440873,-0.36153685402245034,0.21939050846716712,-0.20785458352844413,-1.0667650090550265,-1.3302112998869742,-1.0587236563399764,-0.22694112443557954,-0.40222729365308435,-0.11666503672270934,0.0,0.0,0.0,0.0,0.0,1.0
0.49119311700261536,-0.7193858932186034,1.2370723801902754,1.4593247148813795,1.0760761953359164,1.3910076366478974,1.5120038302535195,0.4033261577723516,0.8427050819219165,1.0846555390508348,1.2579676782594273,-0.36153685402245034,2.1642054359632,-0.20785458352844413,1.29247797799379,0.9208267917149636,0.866864016026325,-0.22694112443557954,1.352358381646779,-0.11666503672270934,0.0,0.0,0.0,0.0,0.0,1.0
-2.251579216937331,-0.7904377375636455,-1.1299073150015326,-1.3732050090217383,-1.1794080154178421,-0.9377620909324227,-0.9750176983705166,-2.197408557370928,-1.449448341824602,-1.1916678975186246,-1.118214004581355,-0.36153685402245034,-0.6629792271560332,-0.20785458352844413,-1.0667650090550265,-1.4729206525842262,-1.2614170955364292,-0.22694112443557954,-0.46721194829382007,-0.11666503672270934,0.0,1.0,0.0,0.0,0.0,0.0
-2.068727728008001,-0.7904377375636455,-1.1030098184652621,-1.025350481524864,-1.1301078140898912,-0.9377620909324227,-0.9750176983705166,-2.0240262430280427,-1.366941131970959,-1.1535159334607261,-1.0987371055416764,-0.36153685402245034,-0.6629792271560332,0.6825334268076133,-1.0667650090550265,-1.38675651510664,-1.1262881360721275,-0.22694112443557954,-0.46721194829382007,-0.4700093823948386,0.0,1.0,0.0,0.0,0.0,0.0
-2.251579216937331,-0.7904377375636455,-1.1164585667333973,-0.8762699697404895,-1.1609204399198605,-0.9377620909324227,-0.9750176983705166,-2.197408557370928,-1.4288215393611912,-1.175495555265875,-1.103606330301596,-0.36153685402245034,-0.6629792271560332,1.8468869787855346,-1.0667650090550265,-1.4513796182148295,-1.2276348556703538,-0.22694112443557954,-0.46721194829382007,-0.11666503672270934,0.0,1.0,0.0,0.0,0.0,0.0
-2.068727728008001,-0.7193858932186034,-1.0626635736608563,-0.5284154422436155,-1.1239452889238972,-0.8678989991050131,-0.8979007517465154,-2.0240262430280427,-1.3849895841264435,-1.1226307536161548,-1.0305679589028014,-0.36153685402245034,-0.6629792271560332,3.9016285410995133,-1.0667650090550265,-1.405604920179862,-1.1938526158042784,-0.22694112443557954,-0.46721194829382007,0.5900236546215492,0.0,1.0,0.0,0.0,0.0,0.0
0.5826188614672799,-0.29307482714834976,0.30910874968894164,0.2666806206063824,0.5892367072224001,0.01703349737550854,-0.030335102226502875,0.49001731494379425,0.9767792979340864,0.2804938272120097,0.3961148957536519,-0.36153685402245034,-0.6629792271560332,-0.20785458352844413,1.0712989479579635,1.060843515116041,-0.11282094008986349,-0.22694112443557954,-0.46721194829382007,-0.11666503672270934,0.0,0.0,0.0,0.0,1.0,0.0
0.49119311700261536,-0.648334048873561,0.7125711977329998,0.8133091638157562,0.9035254906880877,1.1581306638898654,0.9336267305735111,0.4033261577723516,0.9252122917755595,0.7078030018092496,0.8830373717456155,-0.36153685402245034,1.7320243409640816,-0.20785458352844413,1.29247797799379,1.0069909291925498,0.25878369843696664,-0.22694112443557954,0.8324811445208937,-0.11666503672270934,0.0,0.0,0.0,0.0,0.0,1.0
0.9483218393259396,0.6305991493371997,0.1746212670075889,-0.03148040296236663,0.09623469394289007,0.645801323822195,0.6058797074215063,0.8367819436295648,1.252662780882205,0.6716004659833069,0.2792535015155806,-0.36153685402245034,-0.6629792271560332,-0.20785458352844413,1.2269434505757673,1.3489548498067199,0.15743697883874022,-0.22694112443557954,-0.46721194829382007,-0.11666503672270934,0.0,0.0,0.0,0.0,1.0,0.0
0.49119311700261536,-0.29307482714834976,1.506047345552981,1.7574857384501286,1.5752407337814203,1.5074461230269134,1.3770491736615176,0.4033261577723516,1.1495287685651514,1.2246959280778051,1.652374883812918,-0.36153685402245034,-0.6629792271560332,-0.20785458352844413,1.29247797799379,1.241249677959737,1.2046864146870797,-0.22694112443557954,-0.46721194829382007,-0.11666503672270934,0.0,0.0,0.0,0.0,1.0,0.0
0.9483218393259396,-0.648334048873561,2.151587262423474,2.0059532580907526,2.092892847724906,1.9732000685429774,1.897588563373525,0.8367819436295648,1.5930050215284823,1.9860047231391358,2.4168431711203007,-0.36153685402245034,-0.6629792271560332,-0.20785458352844413,1.29247797799379,1.7043819169017629,1.9141134518746645,-0.22694112443557954,-0.46721194829382007,-0.11666503672270934,0.0,0.0,0.0,0.0,1.0,0.0
-0.880193049967358,-0.5062303601834766,-0.6860986221530686,-0.3296414265311159,-0.7233811531342954,-0.7048851181743907,-0.6472706752185118,-0.8970411997992882,-0.8822112740808067,-0.7617989695500478,-0.6945914504683466,-0.36153685402245034,-0.6629792271560332,-0.20785458352844413,-0.47695426229282234,-0.8805422074258216,-0.9911591766078256,-0.22694112443557954,-0.46721194829382007,-0.11666503672270934,0.0,0.0,0.0,0.0,1.0,0.0
-1.4287475167553472,-0.7904377375636455,-1.0357660771245858,-1.025350481524864,-1.1054577134259156,-0.7747482100018003,-0.7051083851865126,-1.417188142827944,-1.3050607245807269,-1.0994800894290149,-1.0110910598631229,-0.36153685402245034,-0.6629792271560332,-0.20785458352844413,-1.0667650090550265,-1.3221334119984505,-0.9573769367417501,-0.22694112443557954,-0.46721194829382007,-0.11666503672270934,1.0,0.0,0.0,0.0,0.0,0.0
0.3083416280732855,-0.22202298280330746,-0.6995473704212039,-0.8265764658123645,-0.6864060021383321,-0.7281728154501939,-0.7243876218425129,0.22994384342946628,-0.4206865689619913,-0.649352489297224,-0.7627605971072214,-0.36153685402245034,-0.21279058653195143,-0.20785458352844413,-0.9854118026050672,-0.398561563410574,-0.11282094008986349,-0.22694112443557954,-0.5321966029345557,-0.11666503672270934,0.0,0.0,0.0,0.0,0.0,1.0
0.49119311700261536,0.985858371062411,-0.7802398600300156,-0.9756569775967392,-0.8034939802922157,-0.6350220263469811,-0.6665499118745121,0.4033261577723516,-0.22988864617544197,-0.5041621455699685,-0.7773682713869804,-0.36153685402245034,-0.248805677781878,-0.20785458352844413,-0.7623465591132437,-0.19930699549365613,-0.6533367779470709,-0.22694112443557954,0.24761925275427257,-0.11666503672270934,0.0,0.0,0.0,0.0,0.0,1.0
-1.9773019835433367,-0.7904377375636455,-1.1030098184652621,-1.124737489381114,-1.1301078140898912,-0.9377620909324227,-0.9750176983705166,-1.9373350858566,-1.3772545332026644,-1.160652558691826,-1.0938678807817568,-0.36153685402245034,-0.6629792271560332,0.6825334268076133,-1.0667650090550265,-1.3975270322913382,-1.1938526158042784,-0.22694112443557954,-0.46721194829382007,-0.4700093823948386,0.0,1.0,0.0,0.0,0.0,0.0
-1.3373217722906823,-0.7904377375636455,-0.9819710840520446,-0.8762699697404895,-0.9637196346080565,-0.8911866963808163,-0.936459225058516,-1.3304969856565014,-1.1632514576447779,-1.0592159438173003,-0.9770064865436855,-0.36153685402245034,-0.19478304090698814,-0.20785458352844413,-1.0667650090550265,-1.1740388007088491,-1.1262881360721275,-0.22694112443557954,-0.5971812575752914,-0.11666503672270934,0.0,0.0,0.0,0.0,0.0,1.0
-0.4230643276440334,-0.5772822045285187,-0.9954198323201799,-1.124737489381114,-0.9760446849400443,-0.84461130182921,-0.8979007517465154,-0.4635854139420749,-1.1426246551813672,-1.031398174473426,-0.9867449360635248,0.05386202502680183,-0.6629792271560332,-0.20785458352844413,-0.9544201049098447,-1.152497766339453,-1.0925058962060519,-0.36182725755081135,-0.46721194829382007,-0.11666503672270934,0.0,0.0,0.0,1.0,0.0,0.0
-1.3373217722906823,-0.7904377375636455,-0.8743810979069624,-0.5284154422436155,-0.8651192319521546,-0.6117343290711779,-0.6665499118745121,-1.3304969856565014,-0.892524675312512,-0.8773181758372236,-0.8017143951865786,-0.36153685402245034,-0.6629792271560332,-0.20785458352844413,1.078001342807534,-0.8913127246105198,-0.4168610988845427,-0.22694112443557954,-0.46721194829382007,-0.11666503672270934,0.0,0.0,0.0,0.0,1.0,0.0
-1.4287475167553472,-0.648334048873561,-1.0626635736608563,-1.124737489381114,-1.1177827637579034,-0.8213236045534067,-0.7822253318105138,-1.417188142827944,-1.2870122724252424,-1.099775908083182,-1.0451756331825603,-0.36153685402245034,-0.39286604278158416,-0.20785458352844413,-0.8308407103501448,-1.3032850069252284,-1.0587236563399764,-0.22694112443557954,-0.46721194829382007,-0.11666503672270934,0.0,0.0,0.0,0.0,0.0,1.0
0.3083416280732855,-0.364126671493392,-0.24228992930460458,-0.2302544186748663,-0.18107893852683432,-0.16926808083091707,-0.16528975881850483,0.22994384342946628,0.09756184293120355,-0.16728242737315016,-0.19306130019662407,1.7474113011506758,-0.6629792271560332,-0.20785458352844413,0.397592707044239,0.14265692512051373,0.22500145857089116,0.8521479404862748,-0.46721194829382007,-0.11666503672270934,0.0,0.0,0.0,1.0,0.0,0.0
0.7654703503966097,-0.29307482714834976,0.12082627393504781,-0.03148040296236663,0.12088479460686558,-0.84461130182921,-0.8593422784345149,0.6633996292866795,0.7369927192969365,0.016569790387703832,0.06500761207911662,-0.36153685402245034,0.615556512216359,-0.20785458352844413,0.043466984850298936,0.8104289905718063,-0.31551437928631626,-0.22694112443557954,0.24761925275427257,-0.11666503672270934,0.0,0.0,0.0,0.0,0.0,1.0
0.03406439467929079,-0.648334048873561,-0.753342363493745,-0.8265764658123645,-0.5323428729884853,-0.09940498900350747,-0.2038482321305054,-0.03012962808486168,-0.5934360395930562,-0.665595556176282,-0.6312915285893913,0.8527060231984405,-0.6629792271560332,-0.20785458352844413,-0.7038045495090547,-0.57896772625427,-0.6533367779470709,-0.7664856568965068,-0.46721194829382007,-0.11666503672270934,0.0,0.0,0.0,1.0,0.0,0.0
-0.880193049967358,-0.648334048873561,-1.0223173288564504,-1.124737489381114,-1.0684825624299523,-0.6583097236227843,-0.7436668584985132,-0.8970411997992882,-1.2431803171904945,-1.0325387341983823,-0.9818757113036051,-0.36153685402245034,-0.6629792271560332,-0.20785458352844413,-1.0667650090550265,-1.2575103088902608,-0.8222479772774482,-0.22694112443557954,-0.46721194829382007,-0.11666503672270934,0.0,0.0,0.0,0.0,1.0,0.0
-1.520173261220012,-0.7904377375636455,-0.8609323496388271,-0.27994792260299095,-0.9452320591100749,-0.6583097236227843,-0.7243876218425129,-1.5038792999993866,-1.1091061011783248,-0.8468757995378037,-0.8260605189861767,-0.36153685402245034,0.5435263297165059,-0.20785458352844413,-1.0667650090550265,-1.1174935854891832,-1.024941416473901,-0.22694112443557954,0.05266528883206549,-0.11666503672270934,0.0,0.0,0.0,0.0,0.0,1.0
-0.057361349785374126,2.1226878805830873,0.4435962323702944,0.9623896756001308,0.2379727727607492,1.0882675720624557,1.1649775704455145,-0.11682078525630432,0.051151537388529386,0.4347314378319702,0.4642840423925268,-0.36153685402245034,1.678001704089192,-0.20785458352844413,1.1981082585118372,0.09418959778937153,0.6641705768298722,-0.22694112443557954,0.6375271805986866,-0.11666503672270934,0.0,0.0,0.0,0.0,0.0,1.0
-1.3373217722906823,-0.648334048873561,-1.0761123219289916,-1.1744309933092387,-1.1054577134259156,-0.9377620909324227,-0.9750176983705166,-1.3304969856565014,-1.2277102153429365,-1.0940712454746073,-1.0792602065019978,-0.13786053453439148,-0.6629792271560332,-0.20785458352844413,-1.0667650090550265,-1.2413545331132134,-1.0925058962060519,-0.22694112443557954,-0.46721194829382007,-0.11666503672270934,0.0,0.0,0.0,1.0,0.0,0.0
0.7654703503966097,0.13323623892190384,1.2639698767265461,1.2108571952407552,1.433502654963561,0.15675968103032775,0.3552496308935027,0.6633996292866795,0.9974061003974971,0.8904537980789906,1.1411062840213562,-0.36153685402245034,-0.6629792271560332,-0.20785458352844413,1.1536989787556244,1.0823845494854376,1.5425088133478344,-0.22694112443557954,-0.46721194829382007,-0.11666503672270934,0.0,0.0,0.0,0.0,1.0,0.0
-0.14878709425003905,-0.5772822045285187,-0.013661208746304922,0.36606762846263224,-0.07631601070493844,-0.4720081454163587,-0.5315952552825102,-0.20351194242774698,0.12334534601046697,-0.07871035810744403,0.05526916255927736,-0.36153685402245034,-0.6629792271560332,-0.20785458352844413,-0.08374709778468621,0.16958321808225948,0.22500145857089116,-0.22694112443557954,-0.46721194829382007,-0.11666503672270934,1.0,0.0,0.0,0.0,0.0,0.0
-1.520173261220012,-0.648334048873561,-0.6188548808123923,0.7139221559595064,-0.7233811531342954,-0.84461130182921,-0.8786215150905152,-1.5038792999993866,-0.9028380765442173,-0.765673643680655,-0.6410299781092306,-0.36153685402245034,-0.6629792271560332,7.257706426212345,0.7682017586496086,-0.902083241795218,-0.7884657374113728,-0.22694112443557954,-0.46721194829382007,2.3567453829821954,0.0,1.0,0.0,0.0,0.0,0.0
0.6740446059319448,-0.43517851583843425,-0.45746990159476897,-0.6278024500998651,-0.6186182253123995,-0.6350220263469811,-0.6472706752185118,0.5767084721152369,-0.6346896445198777,-0.5922849941604382,-0.5095609095914004,-0.36153685402245034,0.02130750659257106,-0.20785458352844413,-1.0667650090550265,-0.622049794993063,-0.4506433387506181,-0.22694112443557954,-0.07730402044940593,-0.11666503672270934,0.0,0.0,0.0,0.0,0.0,1.0
-1.2458960278260174,-0.7904377375636455,-0.9416248392476388,-0.7768829618842398,-0.9452320591100749,-0.84461130182921,-0.8593422784345149,-1.2438058284850588,-1.1580947570289253,-1.0382228543404803,-0.9283142389444891,-0.36153685402245034,-0.6629792271560332,-0.20785458352844413,-1.0667650090550265,-1.1686535421165,-0.8560302171435237,-0.22694112443557954,-0.46721194829382007,-0.11666503672270934,0.0,0.0,0.0,0.0,1.0,0.0
-1.8858762390786714,-0.7904377375636455,-1.0761123219289916,-0.9756569775967392,-1.1301078140898912,-0.8911866963808163,-0.9171799884025157,-1.8506439286851573,-1.3153741258124323,-1.1358289087232998,-1.0695217569821585,-0.36153685402245034,-0.3028283146567678,-0.20785458352844413,-1.0667650090550265,-1.3329039291831488,-1.024941416473901,-0.22694112443557954,-0.5321966029345557,-0.11666503672270934,0.0,0.0,0.0,0.0,0.0,1.0
0.7654703503966097,-0.22202298280330746,-0.4709186498629042,-0.67749595402799,-0.3782797438386383,0.13347198375452454,0.0853403177094988,0.6633996292866795,-0.253093798946779,-0.38071420325961625,-0.3440072677541328,1.1402898625402305,-0.6629792271560332,-0.20785458352844413,-0.9973755094359437,-0.22354065915922725,-0.4168610988845427,0.44748954114057937,-0.46721194829382007,-0.11666503672270934,0.0,0.0,0.0,1.0,0.0,0.0
-0.24021283871470395,-0.22202298280330746,-0.39022616025409257,-0.18056091474674138,-0.4583925709965587,-0.029541897176097863,0.008223371085497685,-0.2902030995991896,-0.4206865689619913,-0.23323162690867466,-0.39269951535332914,-0.36153685402245034,0.5075112384665794,-0.20785458352844413,-0.24615875269022075,-0.398561563410574,-0.21416765968808987,-0.22694112443557954,0.44257321667647953,-0.11666503672270934,0.0,0.0,0.0,0.0,0.0,1.0
0.49119311700261536,-0.5062303601834766,0.4435962323702944,0.5151481402470067,0.4166860025745716,0.296485864685147,0.2781326842695016,0.4033261577723516,0.6312803566719565,0.5244520698522236,0.4545455928726875,-0.36153685402245034,-0.6629792271560332,-0.20785458352844413,1.2163733655083444,0.7000311894286491,1.0357752153567024,-0.22694112443557954,-0.46721194829382007,-0.11666503672270934,0.0,0.0,0.0,0.0,1.0,0.0
0.7654703503966097,-0.07991929411322295,0.40324998756588853,0.3163741245345073,0.5152864052304736,0.11018428647872135,0.2588534476135013,0.6633996292866795,0.23679275955922605,0.3857928659359654,0.35229187291437514,-0.36153685402245034,0.9396923334656979,-0.20785458352844413,-0.025922514768783923,0.28805890711394033,0.6979528166959477,-0.22694112443557954,0.5075578713172153,-0.11666503672270934,0.0,0.0,0.0,0.0,0.0,1.0
0.5826188614672799,-0.22202298280330746,1.021892407900111,1.1114701873845052,1.1746765979918183,0.8321029020286206,1.3963284103175178,0.49001731494379425,1.07991331025114,0.8451487812000564,0.9901603164638475,3.952220736104399,-0.6629792271560332,-0.20785458352844413,1.29247797799379,1.168548686963024,1.306033134285306,-0.22694112443557954,-0.46721194829382007,-0.11666503672270934,0.0,0.0,0.0,1.0,0.0,0.0
-1.9773019835433367,-0.7193858932186034,-0.9819710840520446,0.018213100965758067,-1.0191823611020014,-0.8213236045534067,-0.8400630417785147,-1.9373350858566,-1.2199751644191574,-1.0369343405022264,-0.9770064865436855,-0.36153685402245034,-0.6629792271560332,-0.20785458352844413,1.29247797799379,-1.23327664522469,-1.2276348556703538,-0.22694112443557954,-0.46721194829382007,-0.11666503672270934,0.0,0.0,0.0,0.0,1.0,0.0
-0.3316385831793685,-0.29307482714834976,-0.49781614639917476,-0.3296414265311159,-0.6186182253123995,-0.4254327508647523,-0.454478308658509,-0.37689425677063226,-0.598592740208909,-0.4636315981956299,-0.5533839324306772,-0.36153685402245034,0.2914206909670201,-0.20785458352844413,-1.0667650090550265,-0.5843529848466192,-0.5182078184827691,-0.22694112443557954,0.18263459811353683,-0.11666503672270934,0.0,0.0,0.0,0.0,0.0,1.0
0.7654703503966097,-0.07991929411322295,0.524288721979106,0.4157611323907572,0.7186497357082715,0.8088152047528174,0.7793928373255089,0.6633996292866795,1.2913380355011002,1.1160898860691828,0.6541838080293926,-0.36153685402245034,-0.6629792271560332,7.120723655391413,1.29247797799379,1.389344289249338,1.9141134518746645,-0.22694112443557954,-0.46721194829382007,11.190354024785426,0.0,1.0,0.0,0.0,0.0,0.0
0.8568960948612747,1.6963768145128335,1.6405348282343337,1.5587117227376293,1.4519902304615426,1.111555269338259,1.3963284103175178,0.7500907864581222,1.2475060802663522,1.3297629888090945,1.4624751181760522,-0.36153685402245034,2.0561601622134207,-0.20785458352844413,1.29247797799379,1.3435695912143706,2.5559760093300983,-0.22694112443557954,0.8324811445208937,-0.11666503672270934,0.0,0.0,0.0,0.0,0.0,1.0
0.9483218393259396,-0.5062303601834766,0.45704498063842963,0.2666806206063824,0.5091238800644797,-0.3788573563131459,-0.39664059869050816,0.8367819436295648,0.86848858500118,0.5152356963643411,0.4837609414322053,-0.36153685402245034,-0.6629792271560332,-0.20785458352844413,0.9648053409036768,0.9477530846767093,0.32634817816911754,-0.22694112443557954,-0.46721194829382007,-0.11666503672270934,1.0,0.0,0.0,0.0,0.0,0.0
0.7654703503966097,-0.07991929411322295,-0.33643116718155147,-0.5284154422436155,-0.42141742000059546,-0.19255577810672028,-0.22312746878650566,0.6633996292866795,0.28320306510190024,-0.06598331580314412,-0.3878302905934095,1.0444285827596338,-0.6629792271560332,-0.20785458352844413,-0.23409101362603235,0.3365262344450825,0.0898724991065893,1.7963508722928976,-0.46721194829382007,-0.11666503672270934,0.0,0.0,0.0,1.0,0.0,0.0
0.21691588360862063,-0.7193858932186034,-0.8878298461750977,-1.075043985452989,-0.8527941816201667,-0.7048851181743907,-0.6472706752185118,0.14325268625802362,-0.810017465458869,-0.8384783156259229,-0.835798968506016,0.30949210444172626,-0.6629792271560332,-0.20785458352844413,-1.0667650090550265,-0.8051485871329336,-0.8560302171435237,0.31260340802534764,-0.46721194829382007,-0.11666503672270934,0.0,0.0,0.0,1.0,0.0,0.0
-0.880193049967358,-0.648334048873561,-0.6592011256167981,-0.27994792260299095,-0.5569929736524607,-0.4021450535889491,-0.37736136203450793,-0.8970411997992882,-0.5882793389772035,-0.6448425172529628,-0.621553079069552,-0.36153685402245034,0.48950369284161616,-0.20785458352844413,1.29247797799379,-0.5735824676619209,-0.07903870022378802,-0.22694112443557954,-0.7271505668567627,-0.11666503672270934,0.0,0.0,0.0,0.0,0.0,1.0
0.49119311700261536,-0.22202298280330746,-0.13469994315952238,-0.18056091474674138,-0.347467118008669,-0.21584347538252346,-0.16528975881850483,0.4033261577723516,-0.5160855303552659,-0.31132181804123066,-0.21740742399622226,-0.36153685402245034,-0.6629792271560332,3.9016285410995133,-0.7623465591132437,-0.49818884736903307,0.15743697883874022,-0.22694112443557954,-0.46721194829382007,3.063434074326454,0.0,1.0,0.0,0.0,0.0,0.0
0.7654703503966097,0.2753399276119884,2.2188310037641505,2.254420777731377,1.643028510607353,1.2745691502688814,1.2420945170695157,0.6633996292866795,1.2990730864248792,1.604677206334751,1.8714899980093016,-0.36153685402245034,2.596386530962319,-0.20785458352844413,1.29247797799379,1.3974221771378619,0.8330817761602496,-0.22694112443557954,2.1321742373356076,-0.11666503672270934,0.0,0.0,0.0,0.0,0.0,1.0
-1.7030247501493418,-0.648334048873561,-0.901278594443233,-0.18056091474674138,-0.8527941816201667,-0.7048851181743907,-0.6858291485305124,-1.677261614342272,-1.080744247791135,-0.9313187212497603,-0.8844912161052124,-0.36153685402245034,0.5795414209664326,-0.20785458352844413,-1.0667650090550265,-1.0878746632312633,-0.8560302171435237,-0.22694112443557954,-0.46721194829382007,-0.11666503672270934,0.0,0.0,0.0,0.0,0.0,1.0
0.39976737253795047,0.9148065267173687,-0.49781614639917476,-0.5781089461717402,-0.6617559014743566,-0.33228196176153946,-0.2616859420985062,0.31663500060090893,-0.3304443081845693,-0.5060704565485992,-0.5339070333909985,0.9166135430521716,-0.6629792271560332,-0.20785458352844413,-0.5949164116452631,-0.30431953804446427,-0.24794989955416535,0.44748954114057937,-0.46721194829382007,-0.11666503672270934,0.0,0.0,0.0,1.0,0.0,0.0
0.6740446059319448,2.051636036238045,0.14772377047131835,0.06790660489388298,0.14553489527084107,0.20333507558193414,0.49020428748550465,0.5767084721152369,0.401807179266512,0.15024270511684043,0.045530713039438085,1.939133860711869,-0.6629792271560332,-0.20785458352844413,1.149493554536286,0.46038718206911267,0.9006462558924004,-0.22694112443557954,-0.46721194829382007,-0.11666503672270934,0.0,0.0,0.0,1.0,0.0,0.0
0.9483218393259396,-0.5062303601834766,0.22841626008013,0.018213100965758067,0.2687853985907186,-0.3788573563131459,-0.39664059869050816,0.8367819436295648,0.16975565155314115,0.038177655935005314,0.25977660247590206,-0.36153685402245034,0.7596168772160652,-0.20785458352844413,-0.7390923719649131,0.2180505454134017,0.360130418035193,-0.22694112443557954,0.18263459811353683,-0.11666503672270934,0.0,0.0,0.0,0.0,0.0,1.0
-2.068727728008001,-0.7904377375636455,-1.1164585667333973,-1.2241244972373637,-1.1239452889238972,-0.8911866963808163,-0.936459225058516,-2.0240262430280427,-1.3411576288916955,-1.1568623413196621,-1.0938678807817568,0.181677064734264,-0.6629792271560332,-0.20785458352844413,-0.28035068003875435,-1.3598302221448944,-1.2276348556703538,-0.36182725755081135,-0.46721194829382007,-0.11666503672270934,0.0,0.0,0.0,1.0,0.0,0.0
-2.251579216937331,-0.7904377375636455,-1.1299073150015326,-1.3732050090217383,-1.1794080154178421,-0.9377620909324227,-0.9750176983705166,-2.197408557370928,-1.449448341824602,-1.1896296940049658,-1.118214004581355,-0.36153685402245034,-0.6629792271560332,-0.20785458352844413,-1.0667650090550265,-1.4729206525842262,-1.2614170955364292,-0.22694112443557954,-0.46721194829382007,-0.11666503672270934,0.0,1.0,0.0,0.0,0.0,0.0
-0.057361349785374126,0.9148065267173687,-0.2691874258408751,-0.08117390689049155,-0.1379412623648772,-0.4720081454163587,-0.5123160186265099,-0.11682078525630432,-0.10612783139497751,-0.30364187995981945,-0.2709688963553383,-0.36153685402245034,0.5975489665913958,-0.20785458352844413,0.7262596611020741,-0.07006078927727688,-0.4506433387506181,-0.22694112443557954,-0.07730402044940593,-0.11666503672270934,0.0,0.0,0.0,0.0,0.0,1.0
0.8568960948612747,0.5595473049921574,0.4301474841021591,0.2666806206063824,0.1393723701048472,0.18004737830613096,0.1817365009895002,0.7500907864581222,0.5049411915835657,0.3114446605315238,0.3182072995949377,-0.36153685402245034,0.8496546053408816,-0.20785458352844413,-0.9319511240808084,0.5680923539160952,0.5966060970977213,-0.22694112443557954,1.1574044177245721,-0.11666503672270934,0.0,0.0,0.0,0.0,0.0,1.0
-1.611599005684677,-0.7904377375636455,-1.0626635736608563,-1.075043985452989,-1.0992951882599218,-0.9377620909324227,-0.9750176983705166,-1.5905704571708295,-1.343735979199622,-1.141272752865697,-1.0695217569821585,-0.36153685402245034,-0.6629792271560332,0.6825334268076133,-1.0667650090550265,-1.362522851441069,-1.1262881360721275,-0.22694112443557954,-0.46721194829382007,-0.4700093823948386,0.0,1.0,0.0,0.0,0.0,0.0
0.1254901391439557,-0.43517851583843425,-0.7936886082981508,-0.9259634736686144,-0.8281440809561913,-0.7980359072776035,-0.8015045684665141,0.05656152908658097,-0.8435360194619115,-0.8647324050735486,-0.8309297437460964,-0.36153685402245034,-0.2668132234068412,-0.20785458352844413,-1.0667650090550265,-0.8401527679832029,-0.34929661915239174,-0.22694112443557954,-0.6621659122160272,-0.11666503672270934,0.0,0.0,0.0,0.0,0.0,1.0
0.7654703503966097,1.0569102154074532,1.3446623663353576,1.310244203097005,1.9573172940730408,1.3677199393720942,1.4348868836295183,0.6633996292866795,1.2939163858090266,1.3645897151378035,1.569598062894284,4.814972254129768,-0.6629792271560332,-0.20785458352844413,1.29247797799379,1.3920369185455126,0.5290416173655703,3.6847567359061424,-0.46721194829382007,-0.11666503672270934,0.0,0.0,0.0,1.0,0.0,0.0
-0.4230643276440334,-0.5772822045285187,-0.5247136429354453,-0.3296414265311159,-0.45223004583056486,-0.5651589345195714,-0.5701537285945107,-0.4635854139420749,-0.4825669763522235,-0.5228455181758974,-0.4365225381926059,-0.36153685402245034,0.5435263297165059,-0.20785458352844413,-1.0667650090550265,-0.4631846665187638,-1.0587236563399764,-0.22694112443557954,0.18263459811353683,-0.11666503672270934,0.0,0.0,0.0,0.0,0.0,1.0
0.9483218393259396,-0.648334048873561,-0.7802398600300156,-1.025350481524864,-0.6617559014743566,-0.7980359072776035,-0.8015045684665141,0.8367819436295648,-0.26082884987055804,-0.5742723663247387,-0.8017143951865786,-0.36153685402245034,-0.3388434059066943,-0.20785458352844413,-0.9356959542189811,-0.231618547047751,0.02230801937443837,-0.22694112443557954,-0.40222729365308435,-0.11666503672270934,0.0,0.0,0.0,0.0,0.0,1.0
-0.14878709425003905,-0.5772822045285187,-0.7936886082981508,-0.8762699697404895,-0.8774442822841423,-0.7980359072776035,-0.8207838051225144,-0.20351194242774698,-0.8564277710015432,-0.8484820580064035,-0.8455374180258552,0.37339962429545726,-0.6629792271560332,-0.20785458352844413,-1.0667650090550265,-0.8536159144640758,-0.8222479772774482,0.17771727491011582,-0.46721194829382007,-0.11666503672270934,0.0,0.0,0.0,1.0,0.0,0.0
0.9483218393259396,-0.07991929411322295,1.70777856957501,1.5587117227376293,1.9819673947370162,1.8800492794397647,1.5312830669095199,0.8367819436295648,1.5440163656778818,2.0954355079407785,1.9299206951283372,5.198417373252155,-0.6629792271560332,-0.20785458352844413,1.29247797799379,1.653221960274446,2.4208470498657966,5.573162599519387,-0.46721194829382007,-0.11666503672270934,0.0,0.0,0.0,1.0,0.0,0.0
-0.14878709425003905,-0.648334048873561,-1.0761123219289916,-1.2738180011654883,-1.0623200372639585,-0.9144743936566195,-0.9557384617145163,-0.20351194242774698,-1.1503597061051463,-1.1083767917222658,-1.0695217569821585,-0.36153685402245034,-0.5909490446561801,-0.20785458352844413,-1.0667650090550265,-1.1605756542279766,-1.1262881360721275,-0.22694112443557954,-0.5971812575752914,-0.11666503672270934,0.0,0.0,0.0,0.0,0.0,1.0
0.8568960948612747,-0.43517851583843425,-0.13469994315952238,-0.3296414265311159,0.05925954294692682,-0.4720081454163587,-0.5315952552825102,0.7500907864581222,0.46884428727259686,-0.0195621285347585,-0.012899984079597547,-0.36153685402245034,0.5075112384665794,-0.20785458352844413,-0.6623233541323722,0.5303955437696514,0.3939126579012685,-0.22694112443557954,0.05266528883206549,-0.11666503672270934,0.0,0.0,0.0,0.0,0.0,1.0
-1.3373217722906823,-0.648334048873561,-0.5785086360079864,0.46545463631888206,-0.544667923320473,-0.19255577810672028,-0.3002444154105068,-1.3304969856565014,-0.8383793188460588,-0.593093438238363,-0.51443013435132,3.249238017713357,-0.6629792271560332,-0.20785458352844413,0.22009480206250973,-0.8347675093908539,-0.4168610988845427,0.17771727491011582,-0.46721194829382007,-0.11666503672270934,0.0,0.0,0.0,1.0,0.0,0.0
0.9483218393259396,1.3411175927876222,0.5108399737109708,0.3163741245345073,0.19483509659879208,0.645801323822195,1.126419097133514,0.8367819436295648,0.5461947965103872,0.6039297834270733,0.4009841205135715,2.418440259614852,-0.6629792271560332,-0.20785458352844413,1.0303398683216993,0.6111744226548885,0.5628238572316459,3.9545290021366064,-0.46721194829382007,-0.11666503672270934,0.0,0.0,0.0,1.0,0.0,0.0
0.8568960948612747,-0.07991929411322295,-0.054007453550710745,-0.2302544186748663,0.046934492614939066,0.34306125923675335,0.2010157376455005,0.7500907864581222,0.36313192464761684,0.09147435888484036,0.05526916255927736,-0.36153685402245034,0.5795414209664326,-0.20785458352844413,-0.8645441815936993,0.41999774262649403,0.056090259240513834,-0.22694112443557954,0.767496489880158,-0.11666503672270934,0.0,0.0,0.0,0.0,0.0,1.0
0.7654703503966097,-0.29307482714834976,0.4435962323702944,0.3163741245345073,0.546099031060443,0.36634895651255656,0.23957421095750103,0.6633996292866795,1.056708157479803,0.6900477461157387,0.527583964271482,-0.36153685402245034,-0.6629792271560332,-0.20785458352844413,0.5985829818029618,1.1443150232974528,0.360130418035193,-0.22694112443557954,-0.46721194829382007,-0.11666503672270934,1.0,0.0,0.0,0.0,0.0,0.0
0.39976737253795047,1.3411175927876222,1.6674323247706042,2.055646762018878,1.8094166900891877,2.2060770413010093,2.1096601665895283,0.31663500060090893,1.1727339213364885,1.6264491703412516,1.75949782853115,-0.36153685402245034,-0.6629792271560332,-0.20785458352844413,1.29247797799379,1.2654833416253082,1.441162093749608,-0.22694112443557954,-0.46721194829382007,-0.11666503672270934,0.0,0.0,0.0,0.0,1.0,0.0
0.21691588360862063,-0.07991929411322295,0.4839424771747002,0.7636156598876311,0.4659862039025226,0.04032119465131174,-0.049614338882503155,0.14325268625802362,0.6776906622146306,0.42706387687949915,0.595753110910357,-0.36153685402245034,1.605971521589339,-0.20785458352844413,0.6184085531226997,0.7484985167597912,-0.28173213942024083,-0.22694112443557954,1.1574044177245721,-0.11666503672270934,0.0,0.0,0.0,0.0,0.0,1.0
-2.160153472472666,-0.7904377375636455,-1.0626635736608563,-0.13086741081861644,-1.1424328644218789,-0.9144743936566195,-0.9557384617145163,-2.1107174001994853,-1.390146284742296,-1.1467137264947938,-1.0646525322222389,-0.36153685402245034,-0.6629792271560332,3.5591716140471834,-1.0667650090550265,-1.4109901787722112,-1.2276348556703538,-0.22694112443557954,-0.46721194829382007,0.23667930894941994,0.0,1.0,0.0,0.0,0.0,0.0
0.9483218393259396,1.1990139040975376,0.3898012392977533,0.1672936127501328,0.23181024759475533,-0.052829594451901066,-0.16528975881850483,0.8367819436295648,0.6751123119067043,0.39924904178230847,0.2938611757953395,-0.36153685402245034,0.7956319684659916,-0.20785458352844413,1.29247797799379,0.7458058874636165,0.6303883369637967,-0.22694112443557954,0.8324811445208937,-0.11666503672270934,0.0,0.0,0.0,0.0,0.0,1.0
-1.8858762390786714,-0.7904377375636455,-1.0895610701971268,-1.075043985452989,-1.1301078140898912,-0.8911866963808163,-0.936459225058516,-1.8506439286851573,-1.3849895841264435,-1.1422988566088335,-1.0743909817420783,-0.36153685402245034,-0.6629792271560332,1.0249903538599432,-1.0667650090550265,-1.405604920179862,-1.2614170955364292,-0.22694112443557954,-0.46721194829382007,0.23667930894941994,0.0,1.0,0.0,0.0,0.0,0.0
0.7654703503966097,-0.008867449768180677,-0.2691874258408751,-0.4290284343873657,-0.32897954251068734,-0.6117343290711779,-0.5123160186265099,0.6633996292866795,-0.04166907369681895,-0.22486321764693581,-0.28557657063509717,-0.36153685402245034,0.23739805409213033,-0.20785458352844413,-0.9973755094359437,-0.002745056872912867,-0.04525646035771256,-0.22694112443557954,0.44257321667647953,-0.11666503672270934,0.0,0.0,0.0,0.0,0.0,1.0
0.49119311700261536,-0.5062303601834766,0.013236287789965625,-0.03148040296236663,0.12088479460686558,-0.5651589345195714,-0.6665499118745121,0.4033261577723516,0.6544855094432935,0.328440947433651,0.06013838731919699,-0.36153685402245034,0.7416093315911019,-0.20785458352844413,1.29247797799379,0.7242648530942202,0.7655172964280986,-0.22694112443557954,1.0924197630838364,-0.11666503672270934,0.0,0.0,0.0,0.0,0.0,1.0
-0.6973415610380281,-0.7904377375636455,-0.9954198323201799,-1.075043985452989,-0.9822072101060382,-0.8213236045534067,-0.8786215150905152,-0.7236588854564029,-1.1374679545655146,-1.0140165123509677,-0.9818757113036051,-0.36153685402245034,-0.37485849715662084,-0.20785458352844413,-1.0667650090550265,-1.1471125077471036,-1.024941416473901,-0.22694112443557954,-0.46721194829382007,-0.11666503672270934,0.0,0.0,0.0,0.0,0.0,1.0
0.39976737253795047,1.7674286588578758,1.3446623663353576,1.6580987305938786,0.644699433716345,0.5526505347189822,0.8950682572615105,0.31663500060090893,0.688004063446336,1.0253125115939372,0.9852910917039278,-0.36153685402245034,1.930107342838678,-0.20785458352844413,1.29247797799379,0.7592690339444894,0.9006462558924004,-0.22694112443557954,1.9372202734134005,-0.11666503672270934,0.0,0.0,0.0,0.0,0.0,1.0
0.6740446059319448,0.7727028380272842,0.7394686942692704,0.7139221559595064,0.2441352979267431,1.0184044802350463,1.7240754334695225,0.5767084721152369,0.15170719939765676,0.6456032598007286,0.6444453585095533,-0.36153685402245034,-0.6629792271560332,-0.20785458352844413,0.005618166876253728,0.19920214034017986,0.6303883369637967,-0.22694112443557954,-0.46721194829382007,-0.11666503672270934,0.0,0.0,0.0,0.0,1.0,0.0
0.49119311700261536,0.13323623892190384,-0.5516111394717159,-0.67749595402799,-0.4645550961625526,-0.7747482100018003,-0.7822253318105138,0.4033261577723516,-0.4206865689619913,-0.5683825774810245,-0.51443013435132,-0.36153685402245034,0.05732259784249763,-0.20785458352844413,-0.9145557840841351,-0.398561563410574,-0.58577229821492,-0.22694112443557954,-0.20727332973087728,-0.11666503672270934,0.0,0.0,0.0,0.0,0.0,1.0
-0.057361349785374126,-0.648334048873561,-0.5381623912035806,-0.47872193831549054,-0.47688014649454036,-0.4720081454163587,-0.5701537285945107,-0.11682078525630432,-0.629532943904025,-0.5920833763312193,-0.5241685838711593,-0.36153685402245034,0.21939050846716712,-0.20785458352844413,-1.0667650090550265,-0.616664536400714,-0.24794989955416535,-0.22694112443557954,-0.3372426390123487,-0.11666503672270934,0.0,0.0,0.0,0.0,0.0,1.0
-1.3373217722906823,-0.7193858932186034,-0.24228992930460458,1.608405226665754,-0.43374247033258323,-0.2857065672099331,-0.18456899547450512,-1.3304969856565014,-0.6733648991387728,-0.4323457900066823,-0.2514919973156597,-0.36153685402245034,2.2542431640880163,-0.20785458352844413,1.29247797799379,-0.6624392344356816,-0.5182078184827691,-0.22694112443557954,0.3126039073950082,-0.11666503672270934,0.0,0.0,0.0,0.0,0.0,1.0
0.7654703503966097,-0.648334048873561,-0.027109957014440196,-0.18056091474674138,-0.05782843520695682,0.11018428647872135,0.027502607741497966,0.6633996292866795,-0.028777322157187236,-0.16772299346588712,-0.04211533263911536,-0.36153685402245034,-0.6629792271560332,-0.20785458352844413,-0.5116490121023638,0.010718089607960004,-0.24794989955416535,-0.22694112443557954,-0.46721194829382007,-0.11666503672270934,0.0,0.0,0.0,0.0,1.0,0.0
0.7654703503966097,0.8437546823723265,1.5329448420892515,1.5090182188095043,1.488965381457506,0.6225136265463918,0.586600470765506,0.6633996292866795,1.07991331025114,1.1689559755498338,1.3261368248983023,-0.36153685402245034,2.0021375253385307,-0.20785458352844413,0.7373619810411273,1.168548686963024,1.2046864146870797,-0.22694112443557954,0.8324811445208937,-0.11666503672270934,0.0,0.0,0.0,0.0,0.0,1.0
-2.160153472472666,-0.7904377375636455,-1.1299073150015326,-1.3732050090217383,-1.1732454902518483,-0.9377620909324227,-0.9750176983705166,-2.1107174001994853,-1.441713290900823,-1.1855896596940525,-1.118214004581355,-0.36153685402245034,-0.6629792271560332,-0.20785458352844413,-1.0667650090550265,-1.4648427646957025,-1.2614170955364292,-0.22694112443557954,-0.46721194829382007,-0.11666503672270934,0.0,1.0,0.0,0.0,0.0,0.0
0.8568960948612747,-0.5062303601834766,-0.20194368450019876,-0.3793349304592408,-0.16259136302885271,-0.49529584269216187,-0.5123160186265099,0.7500907864581222,-0.03135567246511358,-0.23378564868676777,-0.2709688963553383,-0.36153685402245034,-0.6629792271560332,-0.20785458352844413,-0.7297302966194813,0.008025460311785533,0.056090259240513834,-0.22694112443557954,-0.46721194829382007,-0.11666503672270934,0.0,0.0,0.0,0.0,1.0,0.0
0.9483218393259396,-0.008867449768180677,-0.7936886082981508,-1.025350481524864,-0.7110561028023076,-0.19255577810672028,-0.35808212537850764,0.8367819436295648,-0.04166907369681895,-0.4227064065517387,-0.6605068771489091,0.469260904076054,-0.6629792271560332,-0.20785458352844413,-0.6735578445468905,-0.002745056872912867,-0.07903870022378802,0.9870340736015066,-0.46721194829382007,-0.11666503672270934,0.0,0.0,0.0,1.0,0.0,0.0
0.8568960948612747,-0.1509711384582652,0.5646349667835119,0.4157611323907572,1.1315389218298613,0.13347198375452454,0.22029497430150077,0.7500907864581222,0.9690442470103073,0.38240134807330733,0.5470608633111606,-0.36153685402245034,-0.6629792271560332,-0.20785458352844413,0.9554432655582448,1.0527656272275172,1.1709041748210043,-0.22694112443557954,-0.46721194829382007,-0.11666503672270934,1.0,0.0,0.0,0.0,0.0,0.0
-1.3373217722906823,-0.648334048873561,-0.9685223357839093,-0.8265764658123645,-1.0191823611020014,-0.7747482100018003,-0.8400630417785147,-1.3304969856565014,-1.1941916613398942,-1.008559007580905,-0.9477911379841677,-0.36153685402245034,-0.0867377671572085,-0.20785458352844413,-1.0667650090550265,-1.2063503522629442,-0.8898124570095992,-0.22694112443557954,-0.3372426390123487,-0.11666503672270934,0.0,0.0,0.0,0.0,0.0,1.0
-1.520173261220012,-0.7904377375636455,-0.9685223357839093,-0.7271894579561149,-0.9513945842760688,-0.7281728154501939,-0.7629460951545135,-1.5038792999993866,-1.0962143496386931,-0.9866022760815641,-0.942921913224248,-0.36153685402245034,-0.6629792271560332,2.531800832890194,-0.542488789710845,-1.1040304390083107,-0.8222479772774482,-0.22694112443557954,-0.46721194829382007,-0.8233537280669678,0.0,1.0,0.0,0.0,0.0,0.0
0.9483218393259396,5.533176409145116,3.375423354823784,2.801049320940751,2.5242696093444774,4.488271374329724,4.558123221901564,1.1835465723153353,1.711609135693094,3.2947399610423274,3.322518976465353,-0.36153685402245034,3.4427411753355925,-0.20785458352844413,1.29247797799379,1.4975879869555557,0.8330817761602496,-0.22694112443557954,6.291192134342692,-0.11666503672270934,0.0,0.0,0.0,0.0,0.0,1.0
-0.3682088809652347,-0.7904377375636455,-0.24228992930460458,0.018213100965758067,-0.16875388819484657,-0.19255577810672028,-0.16528975881850483,-0.20351194242774698,0.0021628815379288744,-0.20589513113649852,-0.1979305249565437,2.162810180199928,-0.6629792271560332,-0.20785458352844413,-0.18204888891172027,-0.10910391407180817,0.056090259240513834,0.5823756742558112,-0.46721194829382007,-0.11666503672270934,0.0,0.0,0.0,1.0,0.0,0.0
-1.6024564312382106,-0.648334048873561,-1.0626635736608563,-1.075043985452989,-1.0992951882599218,-0.8678989991050131,-0.9171799884025157,-1.5038792999993866,-1.3617844313551064,-1.1327332157474015,-1.0549140827023997,-0.36153685402245034,-0.6629792271560332,0.7510248122180792,-1.0667650090550265,-1.3910647219805192,-1.2276348556703538,-0.22694112443557954,-0.46721194829382007,-0.11666503672270934,0.0,1.0,0.0,0.0,0.0,0.0
-0.6973415610380281,-0.648334048873561,-0.6188548808123923,-0.4290284343873657,-0.6124557001464056,-0.4254327508647523,-0.5123160186265099,-0.5502765711135176,-0.9518267323948179,-0.7340502512900304,-0.6118146295497128,-0.36153685402245034,0.2734131453420569,-0.20785458352844413,-1.0667650090550265,-1.0057494696979388,-0.6533367779470709,-0.22694112443557954,-0.46721194829382007,-0.11666503672270934,0.0,0.0,0.0,0.0,0.0,1.0
-1.3556069211836153,-0.7904377375636455,-1.0626635736608563,-1.1744309933092387,-1.1424328644218789,-0.9144743936566195,-0.8979007517465154,-1.2438058284850588,-1.3643627816630326,-1.1385757781754269,-1.0646525322222389,-0.36153685402245034,-0.6629792271560332,0.40856788516574954,-1.0667650090550265,-1.3934880883470764,-1.024941416473901,-0.22694112443557954,-0.46721194829382007,-0.11666503672270934,0.0,1.0,0.0,0.0,0.0,0.0
0.7837554992895427,2.7621544796884674,0.6453274563923235,0.36606762846263224,0.4536611535705349,0.34306125923675335,0.586600470765506,1.0101642579724501,1.1417937176413724,0.8557842304386538,0.581145436630598,-0.36153685402245034,0.9937149703405875,-0.20785458352844413,1.1062219527004624,0.9620240199464345,0.6303883369637967,-0.22694112443557954,1.807250964131929,-0.11666503672270934,0.0,0.0,0.0,0.0,0.0,1.0
0.9483218393259396,2.7621544796884674,2.003651031473986,1.5090182188095043,1.3040896264776898,1.577309214854323,1.820471616749524,1.1835465723153353,1.7657544921595472,1.950769487275531,1.6961979066521946,4.271758335373054,-0.6629792271560332,-0.20785458352844413,1.29247797799379,1.5484786806532551,1.2722508944192306,7.866226862478328,-0.46721194829382007,-0.11666503672270934,0.0,0.0,0.0,1.0,0.0,0.0
0.7837554992895427,0.2042880832669461,1.8153685557200923,1.5090182188095043,1.7231413377652733,2.997858748678319,2.9772258161095406,1.0101642579724501,1.7528627406199155,2.0035400617519112,2.041912864606489,-0.36153685402245034,2.416311074712686,-0.20785458352844413,1.29247797799379,1.5363618488204696,1.1371219349549286,-0.22694112443557954,2.7820207837429645,-0.11666503672270934,0.0,0.0,0.0,0.0,0.0,1.0
0.8660386693077411,-0.364126671493392,0.09392877739877727,-0.2302544186748663,0.08390964361090232,-0.3089942644857363,-0.33880288872250736,1.0968554151438927,0.8040298273030214,0.23267595675744543,0.14778443299775043,-0.36153685402245034,0.5435263297165059,-0.20785458352844413,-1.0062715991306979,0.6445630259274528,-0.31551437928631626,-0.22694112443557954,1.222389072365308,-0.11666503672270934,0.0,0.0,0.0,0.0,0.0,1.0
0.9483218393259396,0.5595473049921574,2.138138514155339,1.6580987305938786,1.9819673947370162,2.159501646749403,2.6109203196455355,1.1835465723153353,2.273689502821037,2.807278725609186,1.8958361218088997,-0.36153685402245034,2.1281903447132735,-0.20785458352844413,1.29247797799379,2.025881854865006,3.3667497661159094,-0.22694112443557954,3.4968519847910566,-0.11666503672270934,0.0,0.0,0.0,0.0,0.0,1.0
0.4546228192167492,0.4884954606471152,-0.8878298461750977,-1.124737489381114,-0.7480312537982708,-0.5884466317953747,-0.589432965250511,0.6633996292866795,-0.80228241453509,-0.8644596264687326,-0.8406681932659357,-0.36153685402245034,-0.6629792271560332,-0.20785458352844413,-0.9973755094359437,-0.8651942204376264,-0.7546834975452973,-0.22694112443557954,-0.46721194829382007,-0.11666503672270934,0.0,0.0,0.0,0.0,1.0,0.0
-1.6024564312382106,-0.5062303601834766,-1.0761123219289916,-1.1744309933092387,-1.0808076127619402,-0.8678989991050131,-0.8786215150905152,-1.5038792999993866,-1.3334225779679165,-1.1268192349404857,-1.0597833074623193,-0.36153685402245034,-0.4288811340315107,-0.20785458352844413,-1.0667650090550265,-1.3644076919483912,-1.160070375938203,-0.22694112443557954,-0.5321966029345557,-0.11666503672270934,0.0,0.0,0.0,0.0,0.0,1.0
-0.12135937091063931,-0.1509711384582652,0.26876250488453585,0.5648416441751317,0.3673858012466206,0.48278744289157255,0.3359703942375024,0.05656152908658097,0.2960948166415319,0.3042097308841324,0.3961148957536519,-0.36153685402245034,-0.6629792271560332,-0.20785458352844413,1.29247797799379,0.1671598517157025,-0.07903870022378802,-0.22694112443557954,-0.46721194829382007,-0.11666503672270934,0.0,0.0,0.0,0.0,1.0,0.0
0.9483218393259396,-0.5062303601834766,2.891268417170914,2.353807785587627,3.4548109094095523,2.182789344025206,1.9747055099975261,1.1835465723153353,2.3845585660618696,2.5320238217111175,3.015757816590416,-0.36153685402245034,-0.6629792271560332,-0.20785458352844413,1.29247797799379,2.1300866086269616,2.2857180904014944,-0.22694112443557954,-0.46721194829382007,-0.11666503672270934,0.0,0.0,0.0,0.0,1.0,0.0
-0.7796247310562266,-0.7904377375636455,-0.9550735875157741,-1.025350481524864,-0.9575571094420626,-0.8678989991050131,-0.8593422784345149,-0.6369677282849602,-1.1271545533338092,-1.0389367987583658,-0.9283142389444891,-0.36153685402245034,-0.6629792271560332,-0.20785458352844413,-1.0667650090550265,-1.1705383826238225,-1.0925058962060519,-0.22694112443557954,-0.46721194829382007,-0.11666503672270934,0.0,0.0,0.0,0.0,1.0,0.0
0.6191891592531461,-0.5772822045285187,-0.2960849223771457,-0.5284154422436155,-0.17491641336084046,-0.23913117265832667,-0.22312746878650566,0.8367819436295648,-0.4438917217333284,-0.4585350375527628,-0.2758381211152579,-0.36153685402245034,-0.6629792271560332,-0.20785458352844413,-1.0667650090550265,-0.5283462954861882,-0.31551437928631626,-0.22694112443557954,-0.46721194829382007,-0.11666503672270934,1.0,0.0,0.0,0.0,0.0,0.0
0.7014723292713446,0.9148065267173687,-0.6457523773486628,-0.8762699697404895,-0.6186182253123995,-0.4487204481405555,-0.454478308658509,0.9234731008010075,-0.425843269577844,-0.5508590090545592,-0.6556376523889895,0.469260904076054,-0.6629792271560332,-0.20785458352844413,-0.8117117131578571,-0.5113827309202884,-0.5182078184827691,0.31260340802534764,-0.46721194829382007,-0.11666503672270934,0.0,0.0,0.0,1.0,0.0,0.0
0.5369059892349477,1.4832212814777068,0.8739561769506231,0.7636156598876311,1.094563770833898,0.13347198375452454,0.2010157376455005,0.7500907864581222,0.891693737772517,0.6580753103173496,0.7272221794281871,-0.36153685402245034,1.28183570034,-0.20785458352844413,0.8880363230711359,0.7269574823903948,0.4952593774994949,-0.22694112443557954,0.3126039073950082,-0.11666503672270934,0.0,0.0,0.0,0.0,0.0,1.0
-1.8493059412928055,-0.648334048873561,-1.049214825392721,-0.8762699697404895,-1.0808076127619402,-0.9377620909324227,-0.9750176983705166,-1.7639527715137147,-1.3334225779679165,-1.1250943618916895,-1.0597833074623193,-0.36153685402245034,-0.3028283146567678,-0.20785458352844413,-1.0667650090550265,-1.3644076919483912,-1.1262881360721275,-0.22694112443557954,-0.46721194829382007,-0.11666503672270934,0.0,0.0,0.0,0.0,0.0,1.0
0.9483218393259396,-0.5062303601834766,1.559842338625522,1.1114701873845052,1.291764576145702,0.296485864685147,0.3166911575815022,1.1835465723153353,1.6419936773790829,1.1756321607552316,1.3796982972574183,-0.36153685402245034,1.6419866128392655,-0.20785458352844413,1.29247797799379,1.4321570950585136,1.2722508944192306,-0.22694112443557954,1.7422663094911932,-0.11666503672270934,0.0,0.0,0.0,0.0,0.0,1.0
0.9483218393259396,3.685828456174017,3.1198971377292137,2.5525818013001267,3.0111090974579935,3.8362158506072337,3.671278335725551,1.1835465723153353,2.064843127879003,3.4484397371703834,3.3566035497847904,-0.36153685402245034,3.4787562665855187,-0.20785458352844413,1.29247797799379,1.82958917917388,0.6979528166959477,-0.22694112443557954,6.226207479701956,-0.11666503672270934,0.0,0.0,0.0,0.0,0.0,1.0
0.9483218393259396,2.335843413618214,-0.2288411810364693,-0.5284154422436155,-0.544667923320473,-0.7980359072776035,-0.7436668584985132,1.1835465723153353,1.2578194814980577,0.08717412872317909,-0.4365225381926059,-0.36153685402245034,-0.6629792271560332,-0.20785458352844413,0.8796104552602471,1.0710755064415045,0.7655172964280986,-0.22694112443557954,-0.46721194829382007,-0.11666503672270934,0.0,0.0,0.0,0.0,1.0,0.0
0.7837554992895427,-0.5772822045285187,-0.5785086360079864,-0.8265764658123645,-0.446067520664571,-0.6815974208985875,-0.6858291485305124,1.0101642579724501,0.022789684001339613,-0.4353972381666143,-0.5192993591112397,-0.36153685402245034,-0.0867377671572085,-0.20785458352844413,-0.8184236419972564,-0.08971698313935136,-0.7209012576792219,-0.22694112443557954,-0.1422886750901416,-0.11666503672270934,0.0,0.0,0.0,0.0,0.0,1.0
-1.273323751165417,-0.29307482714834976,-0.054007453550710745,1.7077922345220038,-0.31665449217869956,0.11018428647872135,0.14317802767749965,-1.1571146713136162,-0.39232471557480153,-0.0813492797668349,-0.11028447927799026,-0.36153685402245034,2.200220527213127,-0.20785458352844413,1.29247797799379,-0.47987896815504594,-0.28173213942024083,-0.22694112443557954,1.0274351084431006,-0.11666503672270934,0.0,0.0,0.0,0.0,0.0,1.0
0.20777330916215417,2.7621544796884674,1.8153685557200923,2.155033769875127,1.2301393244857632,1.5074461230269134,1.6469584868455214,0.4033261577723516,0.7524628211444946,1.2809902429924516,1.530644264814927,-0.36153685402245034,2.488341257212539,-0.20785458352844413,1.29247797799379,0.5960956985963107,0.9682107356245514,-0.22694112443557954,1.5473123455689863,-0.11666503672270934,0.0,0.0,0.0,0.0,0.0,1.0
0.9483218393259396,0.13323623892190384,1.949856038401445,1.4593247148813795,2.037430121230961,1.903336976715568,1.9747055099975261,1.1835465723153353,1.7734895430833262,1.9198320661726163,1.9786129427275336,-0.36153685402245034,2.200220527213127,-0.20785458352844413,1.29247797799379,1.5557487797529264,1.9816779316068154,-0.22694112443557954,2.067189582694872,-0.11666503672270934,0.0,0.0,0.0,0.0,0.0,1.0
-0.8619079010744249,0.34639177195703064,-0.3229824189134162,0.2666806206063824,-0.38444226900463224,-0.35556965903734267,-0.43519907200250874,-0.7236588854564029,-0.3588061615717591,-0.17690588850242767,-0.32939959347437386,-0.36153685402245034,0.9576998790906611,-0.20785458352844413,1.29247797799379,-0.4483752053898036,-0.21416765968808987,-0.22694112443557954,0.8974657991616295,-0.11666503672270934,0.0,0.0,0.0,0.0,0.0,1.0
0.29005647918035266,-0.43517851583843425,-0.7264448669574745,-0.9259634736686144,-0.5385053981544791,-0.9377620909324227,-0.9171799884025157,0.49001731494379425,-0.7507154083765631,-0.8242904053287702,-0.7530221475873822,-0.36153685402245034,-0.248805677781878,-0.20785458352844413,-1.0667650090550265,-0.8167268931064842,-0.34929661915239174,-0.22694112443557954,-0.9221045307789698,-0.11666503672270934,0.0,0.0,0.0,0.0,0.0,1.0
0.9483218393259396,0.985858371062411,1.896061045328904,1.4096312109532543,1.6491910357733468,1.2978568475446846,1.0878606238215134,1.1835465723153353,1.8663101541686746,2.2104807199472436,1.852013098969623,-0.36153685402245034,2.0921752534633473,-0.20785458352844413,1.29247797799379,1.6429899689489829,2.1505891309371927,-0.22694112443557954,4.081713876557678,-0.11666503672270934,0.0,0.0,0.0,0.0,0.0,1.0
0.9483218393259396,3.401621078793848,1.9902022832058508,1.5090182188095043,1.7847665894252123,1.8800492794397647,1.8397508534055242,1.1835465723153353,1.2939163858090266,1.7100434915951295,1.8033208513704266,-0.36153685402245034,2.0381526165884574,-0.20785458352844413,1.174515828641349,1.1050026355733038,1.7789844924103626,-0.22694112443557954,1.9372202734134005,-0.11666503672270934,0.0,0.0,0.0,0.0,0.0,1.0
-1.520173261220012,-0.5772822045285187,-0.6726498738849334,0.3163741245345073,-0.692568527304326,-0.5884466317953747,-0.5701537285945107,-1.417188142827944,-0.90799477716007,-0.7569020967544732,-0.7091991247481055,-0.36153685402245034,0.8496546053408816,-0.20785458352844413,-0.12306781423549981,-0.9645522414664681,-0.8560302171435237,-0.22694112443557954,-0.27225798437161297,-0.11666503672270934,0.0,0.0,0.0,0.0,0.0,1.0
0.8660386693077411,0.8437546823723265,1.0353411561682464,0.6642286520313813,1.0637511450039285,0.24991047013354056,0.3166911575815022,1.0968554151438927,1.605896773068114,1.5085704361290517,0.8781681469856958,-0.36153685402245034,1.22781306346511,-0.20785458352844413,1.29247797799379,1.3982299659267143,2.251935850535419,-0.22694112443557954,2.457097510539286,-0.11666503672270934,0.0,0.0,0.0,0.0,0.0,1.0
0.9483218393259396,0.06218439457686159,1.2370723801902754,0.8133091638157562,1.3040896264776898,-0.5884466317953747,-0.4930367819705096,1.1835465723153353,1.6497287283028619,1.3407242208750179,0.8976450460253744,-0.36153685402245034,1.209805517840147,-0.20785458352844413,1.29247797799379,1.4394271941581853,2.0492424113389665,-0.22694112443557954,1.0924197630838364,-0.11666503672270934,0.0,0.0,0.0,0.0,0.0,1.0
0.5369059892349477,-0.29307482714834976,0.47049372890656493,0.3163741245345073,0.546099031060443,-0.4254327508647523,-0.454478308658509,0.7500907864581222,1.0541298071718765,0.4115542216437764,0.2792535015155806,-0.36153685402245034,-0.6629792271560332,-0.20785458352844413,1.090257150532463,0.8796295634834926,0.12365473897266477,-0.22694112443557954,-0.46721194829382007,-0.11666503672270934,1.0,0.0,0.0,0.0,0.0,0.0
-1.520173261220012,-0.7193858932186034,-0.9281760909795035,-0.6278024500998651,-0.9822072101060382,-0.7980359072776035,-0.8400630417785147,-1.417188142827944,-1.1555164067209989,-1.0100993988166962,-0.9283142389444891,-0.36153685402245034,-0.6629792271560332,2.463309447479728,-1.0667650090550265,-1.1971954126559505,-1.1262881360721275,-0.22694112443557954,-0.46721194829382007,0.5900236546215492,0.0,1.0,0.0,0.0,0.0,0.0
0.8660386693077411,-0.5062303601834766,0.4301474841021591,0.11760010882200789,0.8049250880321858,0.8321029020286206,0.7408343640135083,1.0968554151438927,0.7034741652938941,0.48331499980727294,0.5860146613905177,2.514301539395449,-0.6629792271560332,-0.20785458352844413,-1.0062715991306979,0.5500517376317258,0.799299536294174,0.5823756742558112,-0.46721194829382007,-0.11666503672270934,0.0,0.0,0.0,1.0,0.0,0.0
0.29005647918035266,-0.5772822045285187,-0.1750461879639282,-0.27994792260299095,-0.23037913985478534,-0.09940498900350747,-0.049614338882503155,0.49001731494379425,0.3244566700287217,-0.0111666087777138,-0.207668974476383,-0.36153685402245034,0.3814584190918365,-0.20785458352844413,0.9238462612674124,0.19381688174783057,0.1912192187048157,-0.22694112443557954,0.3126039073950082,-0.11666503672270934,0.0,0.0,0.0,0.0,0.0,1.0
0.9483218393259396,0.985858371062411,2.003651031473986,1.5090182188095043,2.197655775546802,2.695118684092877,2.514524136365534,1.1835465723153353,1.6471503779949355,2.096679859554825,2.2756356530826314,-0.36153685402245034,-0.6629792271560332,-0.20785458352844413,1.29247797799379,1.437003827791628,0.6979528166959477,-0.22694112443557954,-0.46721194829382007,-0.11666503672270934,0.0,0.0,0.0,0.0,1.0,0.0
0.9483218393259396,0.06218439457686159,0.6453274563923235,0.2666806206063824,0.7063246853762838,0.995116782959243,1.4927245935975193,1.1835465723153353,1.0979617624066245,0.8332936291631204,0.6152300099500355,-0.36153685402245034,-0.6629792271560332,-0.20785458352844413,0.05387540979316132,0.9208267917149636,0.6979528166959477,-0.22694112443557954,-0.46721194829382007,-0.11666503672270934,0.0,0.0,0.0,0.0,1.0,0.0
-1.1087574111290202,-0.7193858932186034,-0.8743810979069624,-0.7271894579561149,-0.8281440809561913,-0.5651589345195714,-0.5701537285945107,-0.9837323569707308,-0.9389349808551861,-0.8720633589357986,-0.8406681932659357,-0.36153685402245034,-0.6629792271560332,2.394818062069262,-0.9094821432517721,-0.9936326378651533,-0.7884657374113728,-0.22694112443557954,-0.46721194829382007,-0.4700093823948386,0.0,1.0,0.0,0.0,0.0,0.0
0.29005647918035266,-0.5772822045285187,0.12082627393504781,0.06790660489388298,0.19483509659879208,0.36634895651255656,0.45164581417350413,0.49001731494379425,-0.03651237308096626,0.07576401708253389,0.17213055679734862,2.2906252199073904,-0.6629792271560332,-0.20785458352844413,-1.0667650090550265,-0.1454544095701648,-0.04525646035771256,1.526578606062434,-0.46721194829382007,-0.11666503672270934,0.0,0.0,0.0,1.0,0.0,0.0
0.29005647918035266,-0.008867449768180677,0.7529174425374057,0.8133091638157562,0.9589882171820326,0.8321029020286206,0.8757890206055102,0.49001731494379425,0.695739114370115,0.5615792282610834,0.7661759775075442,-0.36153685402245034,-0.6629792271560332,-0.20785458352844413,1.29247797799379,0.5427816385320545,1.2046864146870797,-0.22694112443557954,-0.46721194829382007,-0.11666503672270934,0.0,0.0,0.0,0.0,1.0,0.0
-0.20364254092883777,0.06218439457686159,0.5915324633197824,1.0617766834563807,0.7802749873682102,1.2745691502688814,1.1842568071015147,-0.03012962808486168,0.3734453258793222,0.6709067444130173,0.902514270785294,-0.36153685402245034,2.21822807283809,-0.20785458352844413,1.29247797799379,0.2398608427124158,1.373597614017457,-0.22694112443557954,0.24761925275427257,-0.11666503672270934,0.0,0.0,0.0,0.0,0.0,1.0
0.7837554992895427,0.8437546823723265,0.13427502220318308,-0.13086741081861644,0.046934492614939066,-0.3089942644857363,-0.011055865570502595,1.0101642579724501,0.9148988905438541,0.47030774241042034,-0.008030759319677911,1.5556887415894824,-0.6629792271560332,-0.20785458352844413,0.6095392185849221,0.7487677796894089,0.32634817816911754,2.6056676709842885,-0.46721194829382007,-0.11666503672270934,0.0,0.0,0.0,1.0,0.0,0.0
0.4546228192167492,-0.008867449768180677,-0.3767774119859573,-0.5781089461717402,-0.5200178226564974,-0.4254327508647523,-0.2038482321305054,0.6633996292866795,-0.24278039771507368,-0.3402496870521069,-0.4657378867521237,-0.36153685402245034,-0.6629792271560332,-0.20785458352844413,0.3904144829457132,-0.3393237188947336,-0.28173213942024083,-0.22694112443557954,-0.46721194829382007,-0.11666503672270934,0.0,0.0,0.0,0.0,1.0,0.0
-0.45049205098343315,0.6305991493371997,0.7798149390736763,1.7077922345220038,0.6262118582183633,0.8088152047528174,0.5673212341095057,-0.2902030995991896,0.17749070247692017,0.5909748254685305,0.7466990784678657,-0.36153685402245034,-0.6629792271560332,-0.20785458352844413,1.29247797799379,0.055684998854075234,-0.24794989955416535,-0.22694112443557954,-0.46721194829382007,-0.11666503672270934,0.0,0.0,0.0,0.0,1.0,0.0
0.9483218393259396,3.47267292313889,1.116033645777058,0.7139221559595064,0.8234126635301674,0.412924351064163,0.7986720739815092,1.1835465723153353,1.6084751233760404,1.1371818330965124,0.7905221013071424,-0.36153685402245034,1.1017602440903675,-0.20785458352844413,1.29247797799379,1.4006533322932713,0.5628238572316459,-0.22694112443557954,1.9372202734134005,-0.11666503672270934,0.0,0.0,0.0,0.0,0.0,1.0
-1.3556069211836153,-0.7193858932186034,-1.0223173288564504,-1.025350481524864,-1.0499949869319707,-0.8678989991050131,-0.8207838051225144,-1.2438058284850588,-1.2148184638033048,-1.0494967451902,-1.0159602846230424,-0.36153685402245034,-0.6629792271560332,1.0249903538599432,-1.0667650090550265,-1.252932839086764,-0.9235946968756746,-0.22694112443557954,-0.46721194829382007,-0.4700093823948386,0.0,1.0,0.0,0.0,0.0,0.0
0.1254901391439557,-0.648334048873561,-0.3095336706452809,-0.3793349304592408,-0.35362964317466283,-0.006254199900294661,-0.12673128550650428,0.31663500060090893,-0.6450030457515831,-0.3729530689349735,-0.26609967159541864,-0.36153685402245034,0.3814584190918365,-0.20785458352844413,-0.8308407103501448,-0.7173688720776428,-0.14660317995593897,-0.22694112443557954,-0.07730402044940593,-0.11666503672270934,0.0,0.0,0.0,0.0,0.0,1.0
-1.520173261220012,-0.7193858932186034,-1.049214825392721,-1.075043985452989,-1.086970137927934,-0.8678989991050131,-0.9171799884025157,-1.417188142827944,-1.2715421705776844,-1.0861472052709555,-1.0305679589028014,-0.36153685402245034,-0.6629792271560332,1.0249903538599432,-1.0667650090550265,-1.3062468991510205,-1.024941416473901,-0.22694112443557954,-0.46721194829382007,0.23667930894941994,0.0,1.0,0.0,0.0,0.0,0.0
0.9483218393259396,-0.5772822045285187,0.8336099321462174,0.46545463631888206,1.0822387205019102,0.7389521129254077,0.6058797074215063,1.1835465723153353,1.3068081373486582,1.0202499535102802,0.8002605508269817,-0.36153685402245034,1.1197677897153306,-0.20785458352844413,1.29247797799379,1.1171194674060894,1.5425088133478344,-0.22694112443557954,0.44257321667647953,-0.11666503672270934,0.0,0.0,0.0,0.0,0.0,1.0
-0.8619079010744249,-0.5772822045285187,-1.0626635736608563,-1.2241244972373637,-0.9945322604380259,-0.7514605127259971,-0.8207838051225144,-0.7236588854564029,-1.1245762030258828,-1.0518117549311337,-1.0208295093829622,-0.36153685402245034,-0.6629792271560332,-0.20785458352844413,-1.0667650090550265,-1.168115016257265,-0.9235946968756746,-0.22694112443557954,-0.46721194829382007,-0.11666503672270934,1.0,0.0,0.0,0.0,0.0,0.0
0.9483218393259396,4.467398743969482,1.7884710591838218,1.310244203097005,1.4273401297975672,1.0649798747866526,1.3963284103175178,1.1835465723153353,1.9075637590954961,1.7169350075006686,1.559859613374445,-0.36153685402245034,-0.6629792271560332,-0.20785458352844413,1.29247797799379,1.6817638308138965,1.9141134518746645,-0.22694112443557954,-0.46721194829382007,-0.11666503672270934,1.0,0.0,0.0,0.0,0.0,0.0
-1.520173261220012,-0.5062303601834766,-0.6726498738849334,0.3163741245345073,-0.6001306498144179,-0.6815974208985875,-0.7243876218425129,-1.417188142827944,-0.7197752046814471,-0.717184590785998,-0.7091991247481055,-0.36153685402245034,-0.6629792271560332,-0.20785458352844413,0.8206293805840269,-0.787646496707799,-0.5182078184827691,-0.22694112443557954,-0.46721194829382007,-0.11666503672270934,1.0,0.0,0.0,0.0,0.0,0.0
0.6191891592531461,-0.364126671493392,-0.363328663717822,-0.5781089461717402,-0.39676731933661996,-0.4487204481405555,-0.4930367819705096,0.8367819436295648,-0.10354948108705117,-0.33551947333071575,-0.3829610658334899,-0.36153685402245034,-0.6629792271560332,-0.20785458352844413,-1.0667650090550265,-0.20846193510064973,-0.011474220491637094,-0.22694112443557954,-0.46721194829382007,-0.11666503672270934,0.0,0.0,0.0,0.0,1.0,0.0
0.9483218393259396,0.06218439457686159,-0.3767774119859573,-0.67749595402799,-0.15642883786285883,-0.21584347538252346,-0.18456899547450512,1.1835465723153353,0.051151537388529386,-0.21493468556150833,-0.39269951535332914,-0.36153685402245034,-0.6629792271560332,-0.20785458352844413,-0.712878560997704,-0.06305995310722312,0.5628238572316459,-0.22694112443557954,-0.46721194829382007,-0.11666503672270934,0.0,0.0,0.0,0.0,1.0,0.0
-1.6847396012564086,-0.7193858932186034,-1.049214825392721,-0.9756569775967392,-1.0561575120979647,-0.9377620909324227,-0.9750176983705166,-1.5905704571708295,-1.3617844313551064,-1.1447430667635166,-1.0597833074623193,-0.36153685402245034,-0.6629792271560332,-0.20785458352844413,-1.0667650090550265,-1.3910647219805192,-1.0925058962060519,-0.22694112443557954,-0.46721194829382007,-0.11666503672270934,1.0,0.0,0.0,0.0,0.0,0.0
-0.6973415610380281,-0.29307482714834976,-0.9685223357839093,-1.075043985452989,-0.9698821597740505,-0.8213236045534067,-0.8207838051225144,-0.5502765711135176,-1.0472256937880926,-0.9474421169772722,-0.9477911379841677,0.21363082466112956,-0.6629792271560332,-0.20785458352844413,-1.0667650090550265,-1.0954140252605518,-0.9235946968756746,0.04283114179488406,-0.46721194829382007,-0.11666503672270934,0.0,0.0,0.0,1.0,0.0,0.0
-0.45049205098343315,-0.5062303601834766,-0.4843673981310395,-0.3296414265311159,-0.446067520664571,-0.21584347538252346,-0.14601052216250454,-0.2902030995991896,-0.26598555048641076,-0.37955323883738423,-0.3878302905934095,-0.36153685402245034,0.5075112384665794,-0.20785458352844413,0.47187172162898433,-0.3611340161937476,-0.07903870022378802,-0.22694112443557954,-0.07730402044940593,-0.11666503672270934,0.0,0.0,0.0,0.0,0.0,1.0
0.9483218393259396,-0.43517851583843425,2.2188310037641505,1.7077922345220038,1.7539539635952428,1.786898490336552,1.6276792501895212,1.1835465723153353,1.7915379952388106,2.151291771204062,2.3097202264020686,-0.36153685402245034,-0.6629792271560332,-0.20785458352844413,1.29247797799379,1.5727123443188264,1.1033396950888532,-0.22694112443557954,-0.46721194829382007,-0.11666503672270934,0.0,0.0,0.0,0.0,1.0,0.0
0.04320696912575724,-0.7193858932186034,-0.7936886082981508,-0.9259634736686144,-0.7850064047942341,-0.4021450535889491,-0.41591983534650845,0.22994384342946628,-0.6630514979070675,-0.7229889100349615,-0.7481529228274626,-0.36153685402245034,-0.6629792271560332,-0.20785458352844413,-1.0667650090550265,-0.7343324366435425,-0.3830788590184672,-0.22694112443557954,-0.46721194829382007,-0.11666503672270934,0.0,0.0,0.0,0.0,1.0,0.0
-1.1910405811472187,-0.7193858932186034,-0.9550735875157741,-0.9259634736686144,-0.9698821597740505,-0.8678989991050131,-0.8593422784345149,-1.0704235141421734,-1.2302885656508629,-1.0626365025437567,-0.9770064865436855,0.30949210444172626,-0.6629792271560332,-0.20785458352844413,-1.0667650090550265,-1.267473037286107,-1.0925058962060519,-0.36182725755081135,-0.46721194829382007,-0.11666503672270934,0.0,0.0,0.0,1.0,0.0,0.0
0.29005647918035266,-0.364126671493392,-0.7264448669574745,-0.9259634736686144,-0.5015302471585159,-0.7048851181743907,-0.7629460951545135,0.49001731494379425,-0.39748141619065425,-0.6834520658492352,-0.7043298999881858,-0.36153685402245034,-0.17677549528202485,-0.20785458352844413,-0.5506806056380978,-0.4847257008881602,-0.5519900583488445,-0.22694112443557954,-0.7271505668567627,-0.11666503672270934,0.0,0.0,0.0,0.0,0.0,1.0
-1.8493059412928055,-0.7904377375636455,-1.0761123219289916,-1.025350481524864,-1.093132663093928,-0.8213236045534067,-0.8400630417785147,-1.7639527715137147,-1.2741205208856108,-1.1099966704838944,-1.0549140827023997,-0.36153685402245034,-0.2668132234068412,-0.20785458352844413,-1.0667650090550265,-1.3086702655175777,-1.0587236563399764,-0.22694112443557954,-0.5971812575752914,-0.11666503672270934,0.0,0.0,0.0,0.0,0.0,1.0
-0.6150583910198297,-0.648334048873561,-0.2557386775727398,0.1672936127501328,-0.4029298445026139,0.01703349737550854,0.046781844397498246,-0.4635854139420749,0.0021628815379288744,-0.013411928511633833,-0.28557657063509717,-0.36153685402245034,-0.6629792271560332,-0.20785458352844413,0.8430983614130632,-0.10910391407180817,-0.24794989955416535,-0.22694112443557954,-0.46721194829382007,-0.11666503672270934,0.0,0.0,0.0,0.0,1.0,0.0
0.7837554992895427,0.34639177195703064,2.7029859414170203,2.353807785587627,3.565736362397442,4.977313017121591,4.538843985245563,1.0101642579724501,2.01069777141255,2.828597517101134,3.4539880449831832,-0.36153685402245034,3.7848845422098942,-0.20785458352844413,1.29247797799379,1.7786984854761807,2.2857180904014944,-0.22694112443557954,1.807250964131929,-0.11666503672270934,0.0,0.0,0.0,0.0,0.0,1.0
0.04320696912575724,-0.7904377375636455,-0.9685223357839093,-1.1744309933092387,-0.9945322604380259,-0.84461130182921,-0.8979007517465154,0.22994384342946628,-0.9595617833185969,-0.9557868151256282,-0.9477911379841677,0.021908265099936253,-0.6629792271560332,-0.20785458352844413,-1.0667650090550265,-1.0130195687976102,-0.9911591766078256,0.17771727491011582,-0.46721194829382007,-0.11666503672270934,0.0,0.0,0.0,1.0,0.0,0.0
0.9483218393259396,2.83320632403351,1.2370723801902754,0.8133091638157562,0.8788753900241123,0.6690890210979982,0.5673212341095057,1.1835465723153353,1.1263236157938143,1.344917081161949,1.0875448116622402,-0.36153685402245034,1.3718734284648164,-0.20785458352844413,1.29247797799379,0.9474838217470917,1.5425088133478344,-0.22694112443557954,2.5870668198207576,-0.11666503672270934,0.0,0.0,0.0,0.0,0.0,1.0
0.6191891592531461,0.7016509936822419,0.22841626008013,0.018213100965758067,0.5152864052304736,-0.07611729172770426,0.027502607741497966,0.8367819436295648,0.6235453057481775,0.18227364555139777,0.09422296063863445,1.8432725809312727,-0.6629792271560332,-0.20785458352844413,0.047321957051359075,0.4749273802684552,1.1371219349549286,-1.1711440562422022,-0.46721194829382007,-0.11666503672270934,0.0,0.0,0.0,1.0,0.0,0.0
0.7837554992895427,-0.1509711384582652,1.062238652704517,0.7636156598876311,1.3040896264776898,2.2759401331284193,2.0711016932775275,1.0101642579724501,1.734814288464431,1.6316402774858836,1.3407444991780613,-0.36153685402245034,1.7320243409640816,-0.20785458352844413,1.29247797799379,1.51939828425457,2.2181536106693436,-0.22694112443557954,1.7422663094911932,-0.11666503672270934,0.0,0.0,0.0,0.0,0.0,1.0
0.4546228192167492,-0.07991929411322295,-0.5785086360079864,-0.7768829618842398,-0.5015302471585159,-0.5651589345195714,-0.5701537285945107,0.6633996292866795,-0.5392906831266031,-0.5341871759081119,-0.567991606710436,-0.36153685402245034,-0.0687302215322453,-0.20785458352844413,-0.9279860098168607,-0.6180108510488013,-0.6195545380809955,-0.22694112443557954,-0.1422886750901416,-0.11666503672270934,0.0,0.0,0.0,0.0,0.0,1.0
0.7837554992895427,-0.07991929411322295,2.393664731249909,2.055646762018878,2.425669206688575,1.786898490336552,1.955426273341526,1.0101642579724501,1.598161722144335,1.726027580245322,2.3389355749615865,-0.36153685402245034,2.704431804712098,-0.20785458352844413,1.29247797799379,1.390959866827043,1.9141134518746645,-0.22694112443557954,0.8974657991616295,-0.11666503672270934,0.0,0.0,0.0,0.0,0.0,1.0
-2.0138722813292023,-0.7904377375636455,-1.0895610701971268,-0.9756569775967392,-1.1054577134259156,-0.9377620909324227,-0.9750176983705166,-1.9373350858566,-1.3488926798154746,-1.1541099301153508,-1.088998656021837,-0.36153685402245034,-0.39286604278158416,-0.20785458352844413,-1.0667650090550265,-1.3789478901477337,-1.2614170955364292,-0.22694112443557954,-0.5321966029345557,-0.11666503672270934,0.0,0.0,0.0,0.0,0.0,1.0
0.29005647918035266,0.7727028380272842,0.08048002913064199,0.018213100965758067,-0.298166916680718,0.6690890210979982,0.6829966540455075,0.49001731494379425,-0.10354948108705117,0.1618313143153891,0.09422296063863445,-0.36153685402245034,-0.6629792271560332,5.134473478487901,-0.6981332923286488,-0.20846193510064973,0.15743697883874022,-0.22694112443557954,-0.46721194829382007,8.716943605080521,0.0,1.0,0.0,0.0,0.0,0.0
0.4546228192167492,-0.5772822045285187,-0.027109957014440196,-0.18056091474674138,-0.08864106103692619,0.18004737830613096,0.008223371085497685,0.6633996292866795,0.8349700309981375,0.28319330032680556,0.15265365775767006,-0.36153685402245034,0.7236017859661387,-0.20785458352844413,0.529193482183879,0.6736434223261383,-0.24794989955416535,-0.22694112443557954,1.352358381646779,-0.11666503672270934,0.0,0.0,0.0,0.0,0.0,1.0
-1.6847396012564086,-0.7904377375636455,-1.0895610701971268,-1.1744309933092387,-1.1177827637579034,-0.8911866963808163,-0.936459225058516,-1.5905704571708295,-1.3643627816630326,-1.1519591261673803,-1.0792602065019978,-0.36153685402245034,-0.6629792271560332,0.47705927057621544,-1.0667650090550265,-1.3934880883470764,-1.160070375938203,-0.22694112443557954,-0.46721194829382007,-0.4700093823948386,0.0,1.0,0.0,0.0,0.0,0.0
0.7837554992895427,-0.364126671493392,1.3850086111397635,1.0617766834563807,1.538265582785457,1.0416921775108494,0.9143474939175108,1.0101642579724501,1.660042129534567,1.1905652451819724,1.5209058152950878,-0.36153685402245034,1.9120997972137144,-0.20785458352844413,1.29247797799379,1.4491206596244135,0.934428495758476,-0.22694112443557954,0.9624504538023653,-0.11666503672270934,0.0,0.0,0.0,0.0,0.0,1.0
0.9483218393259396,-0.07991929411322295,-0.2557386775727398,-0.5781089461717402,-0.25502924051876086,-0.4021450535889491,-0.39664059869050816,1.1835465723153353,0.3321917209525007,-0.04799669616295513,-0.2514919973156597,-0.36153685402245034,-0.6629792271560332,-0.20785458352844413,-1.0667650090550265,0.20108698084750184,-0.58577229821492,-0.22694112443557954,-0.46721194829382007,-0.11666503672270934,0.0,0.0,0.0,0.0,1.0,0.0
0.9483218393259396,-0.648334048873561,2.1650360106916096,1.6580987305938786,2.240793451708759,2.2293647385768125,2.2060563498695296,1.1835465723153353,2.0235895229521814,1.8355858253508441,2.4265816206401403,-0.36153685402245034,-0.6629792271560332,-0.20785458352844413,1.29247797799379,1.7908153173089663,1.8465489721425135,-0.22694112443557954,-0.46721194829382007,-0.11666503672270934,0.0,0.0,0.0,0.0,1.0,0.0
0.8660386693077411,-0.7904377375636455,2.2188310037641505,1.8071792423782536,2.049755171562949,2.2060770413010093,1.8783093267175248,1.0968554151438927,1.8070080970863687,2.1450464900426005,2.4265816206401403,-0.36153685402245034,-0.6629792271560332,-0.20785458352844413,1.29247797799379,1.587252542518169,1.5087265734817588,-0.22694112443557954,-0.46721194829382007,-0.11666503672270934,0.0,0.0,0.0,0.0,1.0,0.0
-2.2607217913837974,-0.7904377375636455,-1.1299073150015326,-1.3732050090217383,-1.1794080154178421,-0.9377620909324227,-0.9750176983705166,-2.197408557370928,-1.4520266921325284,-1.192035350685233,-1.118214004581355,-0.36153685402245034,-0.6629792271560332,-0.20785458352844413,-1.0667650090550265,-1.4758825448100181,-1.2614170955364292,-0.22694112443557954,-0.46721194829382007,-0.11666503672270934,0.0,1.0,0.0,0.0,0.0,0.0
0.9483218393259396,-0.648334048873561,-0.054007453550710745,-0.3793349304592408,0.2564603482587308,-0.3788573563131459,-0.454478308658509,1.1835465723153353,0.5797133505134296,-0.012608054661331332,0.021184589239839905,-0.36153685402245034,0.39946596471679985,-0.20785458352844413,0.11285648446938179,0.4337301520369846,-0.28173213942024083,-0.22694112443557954,-0.1422886750901416,-0.11666503672270934,0.0,0.0,0.0,0.0,0.0,1.0
0.9483218393259396,1.9805841918930025,-0.6457523773486628,-0.9259634736686144,-0.6679184266403505,-0.7281728154501939,-0.6279914385625115,1.1835465723153353,0.5874484014372087,-0.10701069788104224,-0.6994606752282663,-0.36153685402245034,-0.2668132234068412,-0.20785458352844413,0.23081863382182272,0.44100025113665586,-0.6871190178131464,-0.22694112443557954,1.0924197630838364,-0.11666503672270934,0.0,0.0,0.0,0.0,0.0,1.0
0.6191891592531461,-0.43517851583843425,-0.4171236567903631,-0.6278024500998651,-0.2365416650207792,-0.7980359072776035,-0.7822253318105138,0.8367819436295648,-0.36138451187968545,-0.5543193561965588,-0.47547633627196295,0.820752263271575,-0.6629792271560332,-0.20785458352844413,-1.0667650090550265,-0.45079857175636073,-0.7884657374113728,-0.09205499132034774,-0.46721194829382007,-0.11666503672270934,0.0,0.0,0.0,1.0,0.0,0.0
-1.4378900912018135,-0.7904377375636455,-0.9550735875157741,-0.7768829618842398,-0.939069533944081,-0.84461130182921,-0.8786215150905152,-1.3304969856565014,-1.1993483619557468,-1.0255366671560857,-0.9234450141845695,-0.36153685402245034,-0.014707584657355437,-0.20785458352844413,-1.0667650090550265,-1.2383926408874215,-1.024941416473901,-0.22694112443557954,-0.46721194829382007,-0.11666503672270934,0.0,0.0,0.0,0.0,0.0,1.0
-1.273323751165417,-0.43517851583843425,-0.9954198323201799,-0.9756569775967392,-1.031507411433989,-0.8213236045534067,-0.8207838051225144,-1.1571146713136162,-1.2251318650350103,-1.0441065915939198,-0.996483385583364,-0.36153685402245034,-0.32083586028173106,-0.20785458352844413,-1.0667650090550265,-1.2626263045529926,-1.024941416473901,-0.22694112443557954,-0.46721194829382007,-0.11666503672270934,0.0,0.0,0.0,0.0,0.0,1.0
0.7014723292713446,-0.1509711384582652,0.12082627393504781,-0.13086741081861644,0.25029782309273696,-0.4487204481405555,-0.43519907200250874,0.9234731008010075,0.4224339817299227,-0.0031760081804019834,0.06987683683903627,1.7474113011506758,-0.6629792271560332,-0.20785458352844413,-0.4928950932863954,0.28590480367700066,0.3939126579012685,0.17771727491011582,-0.46721194829382007,-0.11666503672270934,0.0,0.0,0.0,1.0,0.0,0.0
-0.6150583910198297,-0.1509711384582652,-0.901278594443233,-0.9756569775967392,-0.9205819584460994,-0.4254327508647523,-0.18456899547450512,-0.4635854139420749,-1.0755875471752823,-0.9185636089221675,-0.8455374180258552,-0.36153685402245034,-0.6629792271560332,-0.20785458352844413,-1.0667650090550265,-1.1220710552926803,-0.8898124570095992,-0.22694112443557954,-0.46721194829382007,-0.11666503672270934,0.0,0.0,0.0,0.0,1.0,0.0
-2.2607217913837974,-0.7904377375636455,-1.1299073150015326,-1.3732050090217383,-1.1794080154178421,-0.9377620909324227,-0.9750176983705166,-2.197408557370928,-1.4546050424404546,-1.1924028038518417,-1.118214004581355,-0.36153685402245034,-0.6629792271560332,-0.20785458352844413,-1.0667650090550265,-1.4783059111765753,-1.2614170955364292,-0.22694112443557954,-0.46721194829382007,-0.11666503672270934,0.0,0.0,0.0,0.0,0.0,1.0
-0.3682088809652347,-0.7904377375636455,0.16117251873945362,0.6145351481032566,0.009959341618975815,0.31977356196095014,0.1624572643334999,-0.20351194242774698,0.3167216191049427,0.19890971557491569,0.1818690063171879,-0.36153685402245034,1.3358583372148898,-0.20785458352844413,1.29247797799379,0.18654678264815933,0.5628238572316459,-0.22694112443557954,0.767496489880158,-0.11666503672270934,0.0,0.0,0.0,0.0,0.0,1.0
-0.2859257109470362,-0.648334048873561,-1.0223173288564504,-1.2241244972373637,-1.0191823611020014,-0.84461130182921,-0.8593422784345149,-0.11682078525630432,-1.1194195024100302,-1.0336679901998453,-1.0159602846230424,-0.36153685402245034,-0.6629792271560332,-0.20785458352844413,-1.0667650090550265,-1.163268283524151,-0.8898124570095992,-0.22694112443557954,-0.46721194829382007,-0.11666503672270934,0.0,0.0,0.0,0.0,1.0,0.0
-1.3556069211836153,-0.5772822045285187,-0.40367490852222787,0.8630026677438809,-0.495367721992522,-0.6117343290711779,-0.6665499118745121,-1.2438058284850588,-0.5160855303552659,-0.5253516558691075,-0.39269951535332914,-0.36153685402245034,1.5699564303394125,-0.20785458352844413,1.095874395739722,-0.5962005537497873,-0.7209012576792219,-0.22694112443557954,0.24761925275427257,-0.11666503672270934,0.0,0.0,0.0,0.0,0.0,1.0
0.1254901391439557,-0.1509711384582652,-0.40367490852222787,-0.47872193831549054,-0.2858418663487302,-0.5418712372437683,-0.5508744919385105,0.31663500060090893,0.14139379816595138,-0.3747969319256026,-0.44626098771244516,1.1083361026133647,-0.6629792271560332,-0.20785458352844413,0.8992708134856541,0.02175786972227573,-0.24794989955416535,0.04283114179488406,-0.46721194829382007,-0.11666503672270934,0.0,0.0,0.0,1.0,0.0,0.0
0.4546228192167492,-0.7193858932186034,-0.2960849223771457,-0.47872193831549054,-0.16875388819484657,-0.4254327508647523,-0.4737575453145093,0.6633996292866795,-0.06487422646815603,-0.3568353382558948,-0.19306130019662407,1.4278737018820202,-0.6629792271560332,-0.20785458352844413,-0.9973755094359437,-0.17211143960229305,-0.31551437928631626,0.44748954114057937,-0.46721194829382007,-0.11666503672270934,0.0,0.0,0.0,1.0,0.0,0.0
0.04320696912575724,-0.5772822045285187,-0.2557386775727398,-0.27994792260299095,-0.17491641336084046,0.04032119465131174,0.046781844397498246,0.22994384342946628,0.34508347249213245,0.035987425162334885,-0.24662277255574008,-0.36153685402245034,0.45348860159168963,-0.20785458352844413,0.5602991199441575,0.21320381268028737,-0.011474220491637094,-0.22694112443557954,0.11764994347280117,-0.11666503672270934,0.0,0.0,0.0,0.0,0.0,1.0
-1.1910405811472187,-0.7904377375636455,-1.0223173288564504,-1.075043985452989,-1.0191823611020014,-0.9377620909324227,-0.9750176983705166,-1.0704235141421734,-1.2663854699618318,-1.0978298518084613,-1.0208295093829622,-0.36153685402245034,-0.6629792271560332,0.7510248122180792,-1.0667650090550265,-1.3014001664179065,-1.1262881360721275,-0.22694112443557954,-0.46721194829382007,-0.4700093823948386,0.0,1.0,0.0,0.0,0.0,0.0
-1.1910405811472187,-0.5772822045285187,-0.9954198323201799,-1.025350481524864,-1.0623200372639585,-0.7747482100018003,-0.8207838051225144,-1.0704235141421734,-1.2560720687301263,-1.0430552502030495,-0.9867449360635248,-0.36153685402245034,-0.32083586028173106,-0.20785458352844413,-1.0667650090550265,-1.2917067009516778,-1.1262881360721275,-0.22694112443557954,-0.3372426390123487,-0.11666503672270934,0.0,0.0,0.0,0.0,0.0,1.0
-2.0961554513474008,-0.7193858932186034,-1.1299073150015326,-1.3732050090217383,-1.1732454902518483,-0.9377620909324227,-0.9750176983705166,-2.0240262430280427,-1.405616386589854,-1.1743743532137232,-1.118214004581355,-0.36153685402245034,-0.6629792271560332,-0.20785458352844413,-1.0667650090550265,-1.4322619502119902,-1.2276348556703538,-0.22694112443557954,-0.46721194829382007,-0.11666503672270934,0.0,0.0,0.0,0.0,0.0,1.0
0.8660386693077411,-0.29307482714834976,-0.363328663717822,-0.6278024500998651,-0.48920519682652813,-0.3089942644857363,-0.41591983534650845,1.0968554151438927,-0.6321112942119514,-0.46456994731446244,-0.40730718963308804,0.820752263271575,-0.6629792271560332,-0.20785458352844413,-1.0667650090550265,-0.7052520402448572,-0.9573769367417501,1.6614647391776656,-0.46721194829382007,-0.11666503672270934,0.0,0.0,0.0,1.0,0.0,0.0
-1.931589111311004,-0.7193858932186034,-1.0626635736608563,-0.8762699697404895,-1.086970137927934,-0.9377620909324227,-0.9750176983705166,-1.8506439286851573,-1.336000928275843,-1.1569874766540773,-1.0695217569821585,-0.36153685402245034,-0.6629792271560332,1.161973124680875,-1.0667650090550265,-1.366831058314948,-1.0587236563399764,-0.22694112443557954,-0.46721194829382007,-1.1766980737390969,0.0,1.0,0.0,0.0,0.0,0.0
0.8660386693077411,0.4884954606471152,1.5867398351617927,1.2108571952407552,1.846391841085151,1.2047060584414717,1.1456983337895141,1.0968554151438927,1.5594864675254398,1.4799285938291828,1.730282479971632,-0.36153685402245034,2.0381526165884574,-0.20785458352844413,1.29247797799379,1.3546093713286864,1.6438555329460607,-0.22694112443557954,1.222389072365308,-0.11666503672270934,0.0,0.0,0.0,0.0,0.0,1.0
0.5369059892349477,-0.648334048873561,0.06703128086250672,-0.13086741081861644,0.14553489527084107,-0.5884466317953747,-0.589432965250511,0.7500907864581222,0.2522628614067841,-0.0893210256453914,0.09422296063863445,-0.36153685402245034,-0.6629792271560332,-0.20785458352844413,-0.7297302966194813,0.12596262348423157,0.32634817816911754,-0.22694112443557954,-0.46721194829382007,-0.11666503672270934,1.0,0.0,0.0,0.0,0.0,0.0
0.1254901391439557,-0.5772822045285187,-0.8474836013706919,-1.025350481524864,-0.7357062034662831,-0.6583097236227843,-0.7051083851865126,0.31663500060090893,-0.6707865488308465,-0.8658978056818485,-0.835798968506016,-0.36153685402245034,-0.32083586028173106,-0.20785458352844413,-0.9881235761533993,-0.7416025357432139,-0.5182078184827691,-0.22694112443557954,-0.9221045307789698,-0.11666503672270934,0.0,0.0,0.0,0.0,0.0,1.0
0.4546228192167492,0.2042880832669461,0.24186500834826527,0.11760010882200789,0.016121866784969692,0.22662277285773735,0.22029497430150077,0.6633996292866795,-0.12933298416631459,0.0832267506952088,0.19160745583702715,-0.36153685402245034,0.7596168772160652,-0.20785458352844413,-0.789207010578695,-0.2326955987662208,-0.011474220491637094,-0.22694112443557954,0.5725425259579511,-0.11666503672270934,0.0,0.0,0.0,0.0,0.0,1.0
0.7014723292713446,0.4174436163020729,-0.04055870528257547,-0.27994792260299095,-0.2118915643568037,-0.4021450535889491,-0.24240670544250595,0.9234731008010075,0.36313192464761684,-0.08160481844889943,-0.21740742399622226,-0.36153685402245034,0.23739805409213033,-0.20785458352844413,-0.23784179738922603,0.23016737724618722,0.5966060970977213,-0.22694112443557954,-0.20727332973087728,-0.11666503672270934,0.0,0.0,0.0,0.0,0.0,1.0
0.9483218393259396,0.5595473049921574,0.618429959856053,0.2666806206063824,0.8049250880321858,0.45949974561576934,0.5480419974535055,1.1835465723153353,1.0025628010133498,0.4215290556859404,0.6103607851901158,2.4823477794685838,-0.6629792271560332,-0.20785458352844413,0.5257240072029248,0.8311622361523504,1.4749443336156833,-1.1711440562422022,-0.46721194829382007,-0.11666503672270934,0.0,0.0,0.0,1.0,0.0,0.0
0.8660386693077411,0.06218439457686159,-0.21539243276833403,-0.5284154422436155,-0.15026631269686494,0.24991047013354056,0.2010157376455005,1.0968554151438927,0.22905770863544703,0.05248403736160119,-0.207668974476383,-0.36153685402245034,0.20138296284220375,-0.20785458352844413,-0.5223243197360687,0.10415232618521744,0.02230801937443837,-0.22694112443557954,0.24761925275427257,-0.11666503672270934,0.0,0.0,0.0,0.0,0.0,1.0
-0.03907620089244122,-0.29307482714834976,-0.49781614639917476,-0.5284154422436155,-0.544667923320473,-0.6583097236227843,-0.6665499118745121,0.14325268625802362,-0.4284216198857703,-0.6196682869936831,-0.5241685838711593,-0.36153685402245034,0.1293527803423508,-0.20785458352844413,-0.6454716185105949,-0.5138060972868456,-0.24794989955416535,-0.22694112443557954,-0.40222729365308435,-0.11666503672270934,0.0,0.0,0.0,0.0,0.0,1.0
0.8660386693077411,-0.29307482714834976,1.0891361492407876,0.7139221559595064,1.1685140728258245,0.01703349737550854,-0.011055865570502595,1.0968554151438927,1.0515514568639504,0.7086532076239959,0.8732989222257762,-0.36153685402245034,1.22781306346511,-0.20785458352844413,1.1109977482208042,0.8772061971169357,0.866864016026325,-0.22694112443557954,-0.012319365808670256,-0.11666503672270934,0.0,0.0,0.0,0.0,0.0,1.0
0.5369059892349477,-0.364126671493392,-0.14814869142765766,-0.3296414265311159,0.14553489527084107,-0.16926808083091707,-0.08817281219450371,0.7500907864581222,0.1362370975500987,0.0009821637359367051,-0.1589767268771866,-0.36153685402245034,0.3454433278419099,-0.20785458352844413,0.1465599557129362,0.016911136989161614,0.4952593774994949,-0.22694112443557954,-0.46721194829382007,-0.11666503672270934,0.0,0.0,0.0,0.0,0.0,1.0
0.20777330916215417,-0.07991929411322295,1.3984573594078988,1.6580987305938786,1.2486268999837449,1.0184044802350463,1.4156076469735182,0.4033261577723516,0.8272349800743585,1.0643811747914036,1.2141446554201507,4.5912959346417095,-0.6629792271560332,-0.20785458352844413,1.064164140537453,0.666373323226467,1.5762910532139098,1.391692472947202,-0.46721194829382007,-0.11666503672270934,0.0,0.0,0.0,1.0,0.0,0.0
0.7014723292713446,2.2647915692731715,2.8643709206346437,2.6022753052282512,2.598219911336404,2.974571051402515,2.8808296328295393,0.9234731008010075,1.7373926387723575,2.5340773741309115,2.7576889043146755,-0.36153685402245034,-0.6629792271560332,-0.20785458352844413,1.29247797799379,1.5218216506211268,1.7452022525442872,-0.22694112443557954,-0.46721194829382007,-0.11666503672270934,0.0,0.0,0.0,0.0,1.0,0.0
0.7014723292713446,-0.07991929411322295,0.8739561769506231,0.6145351481032566,1.2547894251497387,1.9964877658187807,1.7240754334695225,0.9234731008010075,1.63683697676323,1.4949868413472907,1.1654524078209543,-0.36153685402245034,-0.6629792271560332,8.490551363600732,1.29247797799379,1.4273103623253998,1.94789569174074,-0.22694112443557954,-0.46721194829382007,9.07028795075265,0.0,1.0,0.0,0.0,0.0,0.0
0.8660386693077411,2.406895257963256,2.19193350722788,1.7574857384501286,2.142193049052857,1.6238846094059294,1.6276792501895212,1.0968554151438927,1.8688885044766008,1.9945949558670393,2.0078282912870513,-0.36153685402245034,2.3082658009629062,-0.20785458352844413,1.29247797799379,1.6454133353155398,2.4208470498657966,-0.22694112443557954,1.9372202734134005,-0.11666503672270934,0.0,0.0,0.0,0.0,0.0,1.0
0.9483218393259396,-0.5062303601834766,0.524288721979106,0.1672936127501328,0.7556248867042348,-0.14598038355511386,-0.08817281219450371,1.1835465723153353,1.2939163858090266,0.5244714115145985,0.5324531890314017,-0.36153685402245034,0.8676621509658448,-0.20785458352844413,1.29247797799379,1.1050026355733038,0.6641705768298722,-0.22694112443557954,0.5075578713172153,-0.11666503672270934,0.0,0.0,0.0,0.0,0.0,1.0
0.9483218393259396,-0.5772822045285187,-0.33643116718155147,-0.6278024500998651,-0.4645550961625526,0.13347198375452454,0.06606108105349852,1.1835465723153353,-0.059717525852303346,-0.1666874248734591,-0.3196611439545346,0.948567302979037,-0.6629792271560332,-0.20785458352844413,-0.8898217850263652,-0.16726470686917877,0.056090259240513834,1.391692472947202,-0.46721194829382007,-0.11666503672270934,0.0,0.0,0.0,1.0,0.0,0.0
-1.931589111311004,-0.7904377375636455,-1.0895610701971268,-1.075043985452989,-1.1177827637579034,-0.9144743936566195,-0.936459225058516,-1.8506439286851573,-1.3153741258124323,-1.1416502615824224,-1.0792602065019978,0.14972330480739848,-0.6629792271560332,-0.20785458352844413,-0.5949164116452631,-1.3474441273824913,-0.9911591766078256,-0.4967133906660431,-0.46721194829382007,-0.11666503672270934,0.0,0.0,0.0,1.0,0.0,0.0
0.20777330916215417,1.8384805032029181,-0.013661208746304922,-0.03148040296236663,0.00379681645298194,-0.5884466317953747,-0.5123160186265099,0.4033261577723516,0.2986731669494583,-0.008808590903044854,-0.07619990595855282,-0.36153685402245034,0.5795414209664326,-0.20785458352844413,1.29247797799379,0.16958321808225948,0.22500145857089116,-0.22694112443557954,0.24761925275427257,-0.11666503672270934,0.0,0.0,0.0,0.0,0.0,1.0
0.8660386693077411,-0.43517851583843425,0.06703128086250672,-0.2302544186748663,0.00379681645298194,0.11018428647872135,0.10461955436549908,1.0968554151438927,-0.18089999032484144,-0.12672160085313355,0.006576914960080996,-0.36153685402245034,0.39946596471679985,-0.20785458352844413,-0.8852847792820406,-0.28116292609736304,0.15743697883874022,-0.22694112443557954,-0.27225798437161297,-0.11666503672270934,0.0,0.0,0.0,0.0,0.0,1.0
0.6191891592531461,1.0569102154074532,2.4205622277861796,2.254420777731377,2.0004549702349976,2.3225155276800256,2.1289394032455284,0.8367819436295648,1.4305689521291227,2.2093745263562052,2.2366818550032743,-0.36153685402245034,2.7764619872119516,-0.20785458352844413,1.29247797799379,1.2334410530008308,1.441162093749608,-0.22694112443557954,3.171928711587378,-0.11666503672270934,0.0,0.0,0.0,0.0,0.0,1.0
0.3723396491985507,-0.29307482714834976,-0.7936886082981508,-0.9756569775967392,-0.8158190306242035,-0.3788573563131459,-0.35808212537850764,0.5767084721152369,-0.7842339623796056,-0.7107538961023413,-0.7481529228274626,0.37339962429545726,-0.6629792271560332,-0.20785458352844413,-1.0667650090550265,-0.8482306558717267,-0.6533367779470709,0.44748954114057937,-0.46721194829382007,-0.11666503672270934,0.0,0.0,0.0,1.0,0.0,0.0
-0.03907620089244122,-0.7904377375636455,-0.8474836013706919,-0.9756569775967392,-0.7541937789642648,-0.6815974208985875,-0.589432965250511,0.14325268625802362,-0.5908576892851299,-0.7033763696240128,-0.8504066427857749,-0.36153685402245034,-0.3028283146567678,-0.20785458352844413,-1.0667650090550265,-0.6664781783799435,-0.6871190178131464,-0.22694112443557954,-0.40222729365308435,-0.11666503672270934,0.0,0.0,0.0,0.0,0.0,1.0
0.8660386693077411,1.554273125822749,-0.2557386775727398,-0.5284154422436155,-0.43374247033258323,0.13347198375452454,0.2781326842695016,1.0968554151438927,0.05372988769645572,-0.044996449001978356,-0.261230446835499,1.0763823426864993,-0.6629792271560332,-0.20785458352844413,-1.0667650090550265,-0.06063658674066597,-0.24794989955416535,2.8754399372147517,-0.46721194829382007,-0.11666503672270934,0.0,0.0,0.0,1.0,0.0,0.0
0.7014723292713446,0.9148065267173687,-0.13469994315952238,-0.3793349304592408,-0.2673542908507486,-0.23913117265832667,-0.06889357553850343,0.9234731008010075,-0.22988864617544197,-0.19020054255244281,-0.2514919973156597,1.172243622467096,-0.6629792271560332,-0.20785458352844413,-1.0667650090550265,-0.32720688706194806,-0.07903870022378802,1.1219202067167384,-0.46721194829382007,-0.11666503672270934,0.0,0.0,0.0,1.0,0.0,0.0
0.29005647918035266,-0.5772822045285187,-0.3095336706452809,-0.4290284343873657,-0.16259136302885271,-0.6815974208985875,-0.7051083851865126,0.49001731494379425,-0.3330226584924957,-0.44435979018331245,-0.261230446835499,-0.36153685402245034,0.3274357822169467,-0.20785458352844413,-0.993038665709751,-0.42414154172423246,-0.04525646035771256,-0.22694112443557954,-0.46721194829382007,-0.11666503672270934,0.0,0.0,0.0,0.0,0.0,1.0
0.04320696912575724,-0.5772822045285187,-0.6457523773486628,-0.7768829618842398,-0.6062931749804118,-0.5418712372437683,-0.5701537285945107,0.22994384342946628,-0.6243762432881723,-0.6640444143995814,-0.6069454047897931,-0.36153685402245034,-0.6629792271560332,2.2578352912483304,-0.822705389705149,-0.6979819411451859,-0.7546834975452973,-0.22694112443557954,-0.46721194829382007,1.650056691637937,0.0,1.0,0.0,0.0,0.0,0.0
0.9483218393259396,2.7621544796884674,0.18807001527572417,-0.13086741081861644,0.29959802442068795,-0.49529584269216187,-0.454478308658509,1.1835465723153353,0.7576195217603473,0.15298438359305544,0.12343830919815225,-0.36153685402245034,0.48950369284161616,-0.20785458352844413,0.5257240072029248,0.6009424313294249,-0.11282094008986349,-0.22694112443557954,0.767496489880158,-0.11666503672270934,0.0,0.0,0.0,0.0,0.0,1.0
-2.0961554513474008,-0.7193858932186034,-1.049214825392721,-0.3793349304592408,-1.093132663093928,-0.7980359072776035,-0.8593422784345149,-2.0240262430280427,-1.3024823742728004,-1.0672977877722571,-1.0159602846230424,-0.36153685402245034,-0.6629792271560332,-0.20785458352844413,-1.0667650090550265,-1.3353272955497058,-1.0925058962060519,-0.22694112443557954,-0.46721194829382007,-0.11666503672270934,1.0,0.0,0.0,0.0,0.0,0.0
0.8660386693077411,0.985858371062411,1.9095097935970393,1.5090182188095043,2.437994257020563,2.0896385549219936,2.2060563498695296,1.0968554151438927,1.8534184026290428,1.9755299269034203,2.1977280569239173,5.230371133179021,-0.6629792271560332,-0.20785458352844413,1.29247797799379,1.6308731371161973,1.2722508944192306,4.494073534597534,-0.46721194829382007,-0.11666503672270934,0.0,0.0,0.0,1.0,0.0,0.0
0.7014723292713446,-0.43517851583843425,-0.4171236567903631,-0.67749595402799,-0.3228170173446935,-0.7747482100018003,-0.8400630417785147,0.9234731008010075,-0.15253813693765167,-0.5100271899847607,-0.4121764143930077,-0.36153685402245034,0.03931505221753434,-0.20785458352844413,-0.9392383611064418,-0.25450589606523477,-0.6195545380809955,-0.22694112443557954,-0.27225798437161297,-0.11666503672270934,0.0,0.0,0.0,0.0,0.0,1.0
-0.7796247310562266,-0.29307482714834976,-0.7129961186893392,-0.5781089461717402,-0.8527941816201667,-0.6350220263469811,-0.589432965250511,-0.6369677282849602,-1.0033937385533447,-0.777840715404512,-0.7530221475873822,0.8846597831253061,-0.6629792271560332,-0.20785458352844413,-1.0667650090550265,-1.054216797029081,-1.1262881360721275,0.9870340736015066,-0.46721194829382007,-0.11666503672270934,0.0,0.0,0.0,1.0,0.0,0.0
0.6191891592531461,-0.07991929411322295,1.4925985972848457,1.310244203097005,1.6615160861053346,1.2745691502688814,1.126419097133514,0.8367819436295648,1.4692442067480178,1.8563117485840308,1.866620773249382,5.070602333544693,-0.6629792271560332,-0.20785458352844413,1.29247797799379,1.2697915484991875,1.9141134518746645,7.3266823300174,-0.46721194829382007,-0.11666503672270934,0.0,0.0,0.0,1.0,0.0,0.0
-2.2607217913837974,-0.7904377375636455,-1.1299073150015326,-1.3732050090217383,-1.1670829650858545,-0.9377620909324227,-0.9750176983705166,-2.197408557370928,-1.426243189053265,-1.1922458289461333,-1.118214004581355,-0.36153685402245034,-0.6629792271560332,-0.20785458352844413,-1.0667650090550265,-1.451648881144447,-1.2614170955364292,-0.22694112443557954,-0.46721194829382007,-0.4700093823948386,0.0,1.0,0.0,0.0,0.0,0.0
0.9483218393259396,0.2042880832669461,0.5915324633197824,0.21698711667825774,0.792600037700198,0.08689658920291815,0.046781844397498246,1.1835465723153353,1.0670215587115084,0.6374904145971169,0.7759144270273834,-0.36153685402245034,1.083752698465404,-0.20785458352844413,0.05387540979316132,0.8917463953162782,1.441162093749608,-0.22694112443557954,0.5075578713172153,-0.11666503672270934,0.0,0.0,0.0,0.0,0.0,1.0
0.7837554992895427,0.34639177195703064,2.057446024546527,1.7077922345220038,2.1791682000488204,2.951283354126712,2.707316502925537,1.0101642579724501,1.7889596449308842,2.485230501152638,2.3243279006818276,5.581862492374542,-0.6629792271560332,-0.20785458352844413,1.29247797799379,1.5702889779522688,2.454629289731872,7.7313407293630965,-0.46721194829382007,-0.11666503672270934,0.0,0.0,0.0,1.0,0.0,0.0
-0.7796247310562266,0.4174436163020729,-0.09435369835511656,0.6642286520313813,-0.23037913985478534,-0.09940498900350747,0.1624572643334999,-0.6369677282849602,-0.32013090695286395,-0.1948989791707516,-0.19306130019662407,2.8338391386641044,-0.6629792271560332,-0.20785458352844413,1.04413661093602,-0.4120247098914469,-0.07903870022378802,0.9870340736015066,-0.46721194829382007,-0.11666503672270934,0.0,0.0,0.0,1.0,0.0,0.0
0.9483218393259396,0.2042880832669461,0.040133784326236176,-0.27994792260299095,0.07158459327891457,0.08689658920291815,-0.06889357553850343,1.1835465723153353,1.1056968133304035,0.25987863891922364,0.09909218539855408,-0.36153685402245034,0.47149614721665284,-0.20785458352844413,-0.18204888891172027,0.9280968908146349,-0.3830788590184672,-0.22694112443557954,0.9624504538023653,-0.11666503672270934,0.0,0.0,0.0,0.0,0.0,1.0
-0.8619079010744249,-0.7193858932186034,-0.7129961186893392,-0.5284154422436155,-0.6617559014743566,-0.5651589345195714,-0.589432965250511,-0.7236588854564029,-0.7197752046814471,-0.6805843384214982,-0.6605068771489091,-0.36153685402245034,-0.6629792271560332,-0.20785458352844413,-1.0667650090550265,-0.787646496707799,-0.9235946968756746,-0.22694112443557954,-0.46721194829382007,-0.11666503672270934,0.0,0.0,0.0,0.0,1.0,0.0
-0.6973415610380281,-0.7193858932186034,-0.7936886082981508,-0.7271894579561149,-0.88976933261613,-0.4720081454163587,-0.4737575453145093,-0.5502765711135176,-0.9750318851661549,-0.781457028369227,-0.7676298218671411,0.7887985033447096,-0.6629792271560332,-0.20785458352844413,-1.0667650090550265,-1.0275597669969527,-0.5519900583488445,0.31260340802534764,-0.46721194829382007,-0.11666503672270934,0.0,0.0,0.0,1.0,0.0,0.0
0.20777330916215417,-0.008867449768180677,0.36290374276148274,0.4157611323907572,0.4783112542345104,0.6923767183738013,0.5673212341095057,0.4033261577723516,0.860753534077401,0.43016223758712613,0.5860146613905177,-0.36153685402245034,1.3718734284648164,-0.20785458352844413,1.29247797799379,0.6978770859917094,0.2925659383030421,-0.22694112443557954,0.3775885620357439,-0.11666503672270934,0.0,0.0,0.0,0.0,0.0,1.0
-0.45049205098343315,-0.364126671493392,-0.6592011256167981,-0.6278024500998651,-0.7603563041302587,-0.6815974208985875,-0.7051083851865126,-0.2902030995991896,-0.7507154083765631,-0.6888164824140468,-0.6653761019088288,-0.36153685402245034,0.05732259784249763,-0.20785458352844413,-1.0667650090550265,-0.8167268931064842,-0.5519900583488445,-0.22694112443557954,-0.012319365808670256,-0.11666503672270934,0.0,0.0,0.0,0.0,0.0,1.0
0.9483218393259396,-0.5772822045285187,0.5646349667835119,0.21698711667825774,0.8357377138621551,0.13347198375452454,0.12389879102149937,1.1835465723153353,1.2552411311901315,0.5862682354752329,0.4788917166722857,-0.36153685402245034,0.8136395140909548,-0.20785458352844413,-0.3589921129403815,1.0686521400749471,2.083024651205042,-0.22694112443557954,-1.117058494701177,-0.11666503672270934,0.0,0.0,0.0,0.0,0.0,1.0
-0.03907620089244122,-0.7193858932186034,-0.9685223357839093,-1.1744309933092387,-1.0130198359360076,-0.8213236045534067,-0.8593422784345149,0.14325268625802362,-1.1065277508703983,-0.9483369425011186,-0.9477911379841677,-0.36153685402245034,-0.4288811340315107,-0.20785458352844413,-1.0667650090550265,-1.1511514516913655,-1.0587236563399764,-0.22694112443557954,-0.07730402044940593,-0.11666503672270934,0.0,0.0,0.0,0.0,0.0,1.0
-1.8493059412928055,-0.7904377375636455,-1.0626635736608563,-0.9756569775967392,-1.1177827637579034,-0.84461130182921,-0.8979007517465154,-1.7639527715137147,-1.3798328835105909,-1.1164604217837555,-1.0354371836627212,-0.36153685402245034,-0.15876794965706165,-0.20785458352844413,-1.0667650090550265,-1.408028286546419,-1.2276348556703538,-0.22694112443557954,-0.3372426390123487,-0.11666503672270934,0.0,0.0,0.0,0.0,0.0,1.0
-1.1087574111290202,-0.7193858932186034,-1.1030098184652621,-1.3235115050936133,-1.093132663093928,-0.8213236045534067,-0.8207838051225144,-0.9837323569707308,-1.3179524761203585,-1.1303454222709992,-1.0743909817420783,-0.36153685402245034,-0.6629792271560332,0.2030937289343516,-1.0667650090550265,-1.3498674937490485,-1.1262881360721275,-0.22694112443557954,-0.46721194829382007,-0.8233537280669678,0.0,1.0,0.0,0.0,0.0,0.0
0.1254901391439557,1.6963768145128335,0.8874049252187585,1.1114701873845052,0.496798829732492,0.412924351064163,0.9336267305735111,0.31663500060090893,0.5642432486658716,0.7967252384180131,0.6249684594698748,-0.36153685402245034,1.4799187022145963,-0.20785458352844413,1.2138365450921629,0.41918995383764174,0.2925659383030421,-0.22694112443557954,1.612297000209722,-0.11666503672270934,0.0,0.0,0.0,0.0,0.0,1.0
0.9483218393259396,0.2042880832669461,0.618429959856053,0.2666806206063824,0.4536611535705349,-0.029541897176097863,0.027502607741497966,1.1835465723153353,0.9252122917755595,0.6074568449965286,0.4788917166722857,-0.36153685402245034,0.8136395140909548,-0.20785458352844413,0.17183755914560225,0.7584612451556372,0.32634817816911754,-0.22694112443557954,1.352358381646779,-0.11666503672270934,0.0,0.0,0.0,0.0,0.0,1.0
0.9483218393259396,-0.5772822045285187,1.1294823940451932,0.7139221559595064,0.9959633681779959,1.344432242096291,1.4541661202855187,1.1835465723153353,1.335169990735848,1.2065251080228678,1.2287523296999097,-0.36153685402245034,-0.6629792271560332,8.079603051137937,1.29247797799379,1.1437764974382179,0.6303883369637967,-0.22694112443557954,-0.46721194829382007,14.72379748150672,0.0,1.0,0.0,0.0,0.0,0.0
0.3723396491985507,-0.5772822045285187,0.026685036058100898,-0.08117390689049155,0.13320984493885332,0.34306125923675335,0.2974119209255019,0.5767084721152369,0.5126762425073447,0.022512350759908525,0.05039993779935772,-0.36153685402245034,0.6515716034662855,-0.20785458352844413,0.43457143724876585,0.3707226265064995,1.1033396950888532,-0.22694112443557954,-0.8571198761382343,-0.11666503672270934,0.0,0.0,0.0,0.0,0.0,1.0
0.9483218393259396,-0.5772822045285187,0.040133784326236176,-0.27994792260299095,0.10855974427487783,-0.5418712372437683,-0.4930367819705096,1.1835465723153353,0.26773296325434215,-0.1136805132926831,0.0017076902001613601,1.4917812217357513,-0.6629792271560332,-0.20785458352844413,-1.0667650090550265,0.1405028216835741,0.12365473897266477,0.9870340736015066,-0.46721194829382007,-0.11666503672270934,0.0,0.0,0.0,1.0,0.0,0.0
0.9483218393259396,-0.07991929411322295,-0.7936886082981508,-1.075043985452989,-0.6555933763083628,-0.21584347538252346,-0.31952365206650707,1.1835465723153353,-0.02362062154133455,-0.2999142888942473,-0.6605068771489091,0.4053533842223228,-0.6629792271560332,-0.20785458352844413,-0.3000110382641611,-0.13333757773737928,-0.6871190178131464,1.9312370054081294,-0.46721194829382007,-0.11666503672270934,0.0,0.0,0.0,1.0,0.0,0.0
-1.1087574111290202,-0.7904377375636455,-1.049214825392721,-1.1744309933092387,-1.0684825624299523,-0.7980359072776035,-0.8400630417785147,-0.9837323569707308,-1.3153741258124323,-1.104095474153465,-1.0256987341428818,0.05386202502680183,-0.6629792271560332,-0.20785458352844413,-1.0667650090550265,-1.3474441273824913,-1.0587236563399764,-0.36182725755081135,-0.46721194829382007,-0.11666503672270934,0.0,0.0,0.0,1.0,0.0,0.0
0.7837554992895427,-0.364126671493392,-0.14814869142765766,-0.4290284343873657,0.00379681645298194,-0.4021450535889491,-0.39664059869050816,1.0101642579724501,0.28320306510190024,-0.09666633458773095,-0.16384595163710627,-0.36153685402245034,0.2734131453420569,-0.20785458352844413,-0.19757022435283098,0.15504301988291697,-0.21416765968808987,-0.22694112443557954,-0.07730402044940593,-0.11666503672270934,0.0,0.0,0.0,0.0,0.0,1.0
-0.6150583910198297,-0.648334048873561,-0.8743810979069624,-0.9259634736686144,-0.9267444836120933,-0.6117343290711779,-0.6279914385625115,-0.4635854139420749,-0.9569834330106706,-0.8793413896599669,-0.8601450923056142,-0.36153685402245034,-0.21279058653195143,-0.20785458352844413,-0.28035068003875435,-1.010596202431053,-0.7884657374113728,-0.22694112443557954,-0.3372426390123487,-0.11666503672270934,0.0,0.0,0.0,0.0,0.0,1.0
0.8660386693077411,0.06218439457686159,-0.2557386775727398,-0.5284154422436155,0.20716014693077983,-0.029541897176097863,-0.049614338882503155,1.0968554151438927,-0.039090723388892606,-0.3677622910670022,-0.207668974476383,1.172243622467096,-0.6629792271560332,-0.20785458352844413,-0.824791369357712,-0.14787777593672197,-0.28173213942024083,-1.845574721818361,-0.46721194829382007,-0.11666503672270934,0.0,0.0,0.0,1.0,0.0,0.0
0.7837554992895427,6.172643008250497,4.047860768230548,3.6458388877188734,3.3993481829156074,4.464983677053921,4.32677238202956,1.0101642579724501,1.9178771603272013,3.8139817571188828,3.8532644752965934,-0.36153685402245034,4.181050545959086,-0.20785458352844413,1.29247797799379,1.691457296280125,0.360130418035193,-0.22694112443557954,6.616115407546371,-0.11666503672270934,0.0,0.0,0.0,0.0,0.0,1.0
0.4546228192167492,1.1279620597524955,0.25531375661640054,0.11760010882200789,0.1147222694408717,0.2731981674093438,0.5673212341095057,0.6633996292866795,0.4559525357329652,0.31538585811596137,0.13804598347791117,2.066948900419331,-0.6629792271560332,-0.20785458352844413,0.11285648446938179,0.317408566442243,0.42769489776734393,1.9312370054081294,-0.46721194829382007,-0.11666503672270934,0.0,0.0,0.0,1.0,0.0,0.0
-0.20364254092883777,-0.364126671493392,-0.09435369835511656,0.11760010882200789,-0.0023657087130119357,0.06360889192711494,0.008223371085497685,-0.03012962808486168,0.009897932461707903,-0.03679758595899758,-0.017769208839517183,2.418440259614852,-0.6629792271560332,-0.20785458352844413,-0.159363860190097,-0.10183381497213691,0.360130418035193,0.717261807371043,-0.46721194829382007,-0.11666503672270934,0.0,0.0,0.0,1.0,0.0,0.0
-0.9441910710926233,-0.5062303601834766,-0.4709186498629042,0.06790660489388298,-0.32897954251068734,-0.14598038355511386,-0.14601052216250454,-0.8103500426278455,-0.6707865488308465,-0.47889994014339354,-0.40730718963308804,-0.36153685402245034,0.885669696590808,-0.20785458352844413,-0.789207010578695,-0.7416025357432139,-0.6533367779470709,-0.22694112443557954,-0.1422886750901416,-0.11666503672270934,0.0,0.0,0.0,0.0,0.0,1.0
0.8660386693077411,3.2595173901037633,0.8470586804143526,0.5151481402470067,0.7432998363722471,0.31977356196095014,0.41308734086150356,1.0968554151438927,1.21398752626331,1.1243123165546758,0.8051297755869012,-0.36153685402245034,1.155782880965257,-0.20785458352844413,1.29247797799379,1.0298782782100335,1.306033134285306,-0.22694112443557954,2.5870668198207576,-0.11666503672270934,0.0,0.0,0.0,0.0,0.0,1.0
-0.5327752210016312,-0.648334048873561,-0.8743810979069624,-0.9259634736686144,-0.9020943829481177,-0.7980359072776035,-0.7629460951545135,-0.37689425677063226,-1.0987926999466193,-0.963796420834652,-0.8601450923056142,-0.36153685402245034,-0.6629792271560332,-0.20785458352844413,-1.0667650090550265,-1.143881352591694,-0.6195545380809955,-0.22694112443557954,-0.46721194829382007,-0.11666503672270934,0.0,0.0,0.0,0.0,1.0,0.0
0.9483218393259396,2.6911026353434253,2.043997276278392,1.5587117227376293,1.5690782086154262,0.9485413884076366,1.1456983337895141,1.1835465723153353,1.7322359381565047,1.888180410927109,1.6085518609736411,4.111989535738727,-0.6629792271560332,-0.20785458352844413,1.29247797799379,1.5169749178880125,1.4073798538835325,5.842934865749851,-0.46721194829382007,-0.11666503672270934,0.0,0.0,0.0,1.0,0.0,0.0
0.9483218393259396,1.27006574844258,1.6270860799661984,1.16116369131263,1.9573172940730408,2.392378619507435,2.6109203196455355,1.1835465723153353,1.9668658161778019,1.8112857615819729,1.9104437960886587,-0.36153685402245034,2.1461978903382373,-0.20785458352844413,1.29247797799379,1.7375012572447095,1.001992975490627,-0.22694112443557954,2.002204928054136,-0.11666503672270934,0.0,0.0,0.0,0.0,0.0,1.0
0.9483218393259396,-0.008867449768180677,0.013236287789965625,-0.3296414265311159,0.00379681645298194,-0.4021450535889491,-0.43519907200250874,1.1835465723153353,1.0515514568639504,0.2344589632345328,0.05039993779935772,-0.36153685402245034,0.41747351034176305,-0.20785458352844413,-0.005105664883059012,0.8772061971169357,0.5966060970977213,-0.22694112443557954,0.7025118352394224,-0.11666503672270934,0.0,0.0,0.0,0.0,0.0,1.0
0.9483218393259396,0.4884954606471152,1.1025848975089227,0.7139221559595064,0.8295751886961613,1.1814183611656686,1.820471616749524,1.1835465723153353,1.8869369566320853,2.0312839309429727,0.9414680688646511,-0.36153685402245034,1.2458206090900734,-0.20785458352844413,1.29247797799379,1.6623768998814392,3.637007685044513,-0.22694112443557954,3.106944056946643,-0.11666503672270934,0.0,0.0,0.0,0.0,0.0,1.0
-1.8493059412928055,-0.7193858932186034,-1.0761123219289916,-1.025350481524864,-1.086970137927934,-0.84461130182921,-0.8786215150905152,-1.7639527715137147,-1.3024823742728004,-1.1046822765093467,-1.0451756331825603,-0.36153685402245034,-0.21279058653195143,-0.20785458352844413,-1.0667650090550265,-1.3353272955497058,-1.1938526158042784,-0.22694112443557954,-0.46721194829382007,-0.11666503672270934,0.0,0.0,0.0,0.0,0.0,1.0
0.4546228192167492,0.34639177195703064,1.0756874009726523,1.0120831795282554,1.4026900291335918,2.1129262521977967,2.456686426397533,0.6633996292866795,1.3918936975102276,1.6377869151077111,1.1313678345015168,3.984174496031264,-0.6629792271560332,-0.20785458352844413,1.29247797799379,1.1970905575024742,1.2722508944192306,3.4149844696756793,-0.46721194829382007,-0.11666503672270934,0.0,0.0,0.0,1.0,0.0,0.0
0.9483218393259396,0.4174436163020729,1.7884710591838218,1.310244203097005,1.8833669920811142,1.0184044802350463,0.9336267305735111,1.1835465723153353,1.629101925839451,1.4736522865189974,1.7887131770906677,-0.36153685402245034,-0.6629792271560332,-0.20785458352844413,1.29247797799379,1.420040263225728,1.8465489721425135,-0.22694112443557954,-0.46721194829382007,-0.11666503672270934,0.0,0.0,0.0,0.0,1.0,0.0
0.7837554992895427,-0.008867449768180677,2.6222934518082086,2.254420777731377,3.313072830591693,3.1375849323331377,2.6880372662695367,1.0101642579724501,2.3226781586716374,2.611264276144316,2.9962809175507377,-0.36153685402245034,-0.6629792271560332,-0.20785458352844413,1.29247797799379,2.071925815829591,2.2181536106693436,-0.22694112443557954,-0.46721194829382007,-0.11666503672270934,0.0,0.0,0.0,0.0,1.0,0.0
-0.5327752210016312,-0.5062303601834766,-1.008868580588315,-1.1744309933092387,-1.0191823611020014,-0.8213236045534067,-0.8593422784345149,-0.37689425677063226,-1.2173968141112312,-1.0479712566744455,-0.996483385583364,-0.36153685402245034,-0.4648962252814372,-0.20785458352844413,-1.0667650090550265,-1.2553562054533214,-1.160070375938203,-0.22694112443557954,-0.40222729365308435,-0.11666503672270934,0.0,0.0,0.0,0.0,0.0,1.0
-0.6973415610380281,0.4884954606471152,-0.1750461879639282,0.4157611323907572,-0.08247853587093232,-0.4254327508647523,-0.454478308658509,-0.5502765711135176,-0.1834783406327678,-0.18495160497859045,-0.1833228506767848,-0.36153685402245034,1.0657451528404407,-0.20785458352844413,1.174515828641349,-0.28358629246392014,-0.04525646035771256,-0.22694112443557954,-0.1422886750901416,-0.11666503672270934,0.0,0.0,0.0,0.0,0.0,1.0
-0.03907620089244122,-0.7193858932186034,0.4839424771747002,0.7636156598876311,0.4413361032385471,0.18004737830613096,0.046781844397498246,0.14325268625802362,0.7318360186810838,0.5316437581285689,0.4837609414322053,-0.36153685402245034,1.4619111565896328,-0.20785458352844413,1.0397019436671313,0.5767087676638539,0.9682107356245514,-0.22694112443557954,1.222389072365308,-0.11666503672270934,0.0,0.0,0.0,0.0,0.0,1.0
0.7837554992895427,2.620050790998383,2.434010976054315,2.1053402659470026,2.382531530526618,3.743065061504021,3.61344062575755,1.0101642579724501,1.7502843903119891,2.8790761990844693,2.6651736338762024,-0.36153685402245034,3.0105600803364734,-0.20785458352844413,1.29247797799379,1.5339384824539124,0.934428495758476,-0.22694112443557954,5.1864530054501845,-0.11666503672270934,0.0,0.0,0.0,0.0,0.0,1.0
-0.12135937091063931,0.13323623892190384,-0.9147273427113682,-1.075043985452989,-1.0191823611020014,-0.9144743936566195,-0.936459225058516,0.05656152908658097,-0.80228241453509,-0.8915347816574655,-0.957529587504007,-0.36153685402245034,-0.6629792271560332,-0.20785458352844413,-0.8920062692736327,-0.8651942204376264,-0.8560302171435237,-0.22694112443557954,-0.46721194829382007,-0.11666503672270934,0.0,0.0,0.0,0.0,1.0,0.0
0.8660386693077411,0.06218439457686159,0.5646349667835119,0.21698711667825774,0.5707491317244185,-0.23913117265832667,-0.24240670544250595,1.0968554151438927,1.546594715985808,0.8176816502111217,0.6980068308686693,-0.36153685402245034,1.0657451528404407,-0.20785458352844413,1.1109977482208042,1.3424925394959009,0.0898724991065893,-0.22694112443557954,2.457097510539286,-0.11666503672270934,0.0,0.0,0.0,0.0,0.0,1.0
0.9483218393259396,0.8437546823723265,1.8288173039882276,1.3599377070251297,1.341064777473653,1.55402151757852,1.820471616749524,1.1835465723153353,1.3480617422754797,1.6223445142871016,1.5549903886145253,-0.36153685402245034,1.8040545234639345,-0.20785458352844413,1.29247797799379,1.1558933292710034,0.4614771376334194,-0.22694112443557954,3.4318673301503213,-0.11666503672270934,0.0,0.0,0.0,0.0,0.0,1.0
0.1254901391439557,2.4779471023082986,1.8153685557200923,2.254420777731377,1.150026497327843,1.0882675720624557,1.1842568071015147,0.31663500060090893,0.7653545726841263,1.2751471349567811,1.4819520172157308,-0.36153685402245034,2.542363894087429,-0.20785458352844413,1.29247797799379,0.6082125304290963,0.5290416173655703,-0.22694112443557954,2.1321742373356076,-0.11666503672270934,0.0,0.0,0.0,0.0,0.0,1.0
-0.8619079010744249,-0.29307482714834976,-0.04055870528257547,0.8630026677438809,0.05309701778093295,0.04032119465131174,0.10461955436549908,-0.7236588854564029,-0.37427626341931713,-0.16470525764693966,-0.046984557399035,-0.36153685402245034,1.5339413390894856,-0.20785458352844413,1.29247797799379,-0.4629154035891463,0.0898724991065893,-0.22694112443557954,-0.27225798437161297,-0.11666503672270934,0.0,0.0,0.0,0.0,0.0,1.0
-1.6847396012564086,-0.7904377375636455,-1.1299073150015326,-1.3732050090217383,-1.1609204399198605,-0.9377620909324227,-0.9750176983705166,-1.5905704571708295,-1.4159297878215595,-1.1913261691501444,-1.118214004581355,-0.36153685402245034,-0.6629792271560332,-0.20785458352844413,-1.0667650090550265,-1.4419554156782186,-1.2614170955364292,-0.22694112443557954,-0.5321966029345557,-0.11666503672270934,0.0,0.0,0.0,0.0,0.0,1.0
0.9483218393259396,1.1279620597524955,2.1246897658872035,1.6580987305938786,2.394856580858606,2.858132565023499,2.4952448997095336,1.1835465723153353,2.1963389935832462,2.638687373370797,2.626219835796845,-0.36153685402245034,-0.6629792271560332,-0.20785458352844413,1.29247797799379,1.9531808638682924,6.272022394598399,-0.22694112443557954,-0.46721194829382007,-0.11666503672270934,0.0,0.0,0.0,0.0,1.0,0.0
-1.1087574111290202,1.6963768145128335,-0.5785086360079864,-0.03148040296236663,-0.544667923320473,-0.4487204481405555,-0.4930367819705096,-0.9837323569707308,-0.606327791132688,-0.5672610239000095,-0.567991606710436,2.034995140492466,-0.6629792271560332,-0.20785458352844413,1.29247797799379,-0.6810183765792862,-0.11282094008986349,0.04283114179488406,-0.46721194829382007,-0.11666503672270934,0.0,0.0,0.0,1.0,0.0,0.0
0.9483218393259396,-0.1509711384582652,-0.2288411810364693,-0.5284154422436155,-0.2673542908507486,-0.5185835399679651,-0.41591983534650845,1.1835465723153353,-0.19894844248032584,-0.3175792545312673,-0.22714587351606152,-0.36153685402245034,-0.6629792271560332,2.9427491453529897,-1.0667650090550265,-0.2981264906632627,-0.21416765968808987,-0.22694112443557954,-0.46721194829382007,4.123467111342841,0.0,1.0,0.0,0.0,0.0,0.0
-0.5327752210016312,-0.07991929411322295,-0.8474836013706919,-0.8762699697404895,-0.7973314551262218,-0.7048851181743907,-0.6279914385625115,-0.37689425677063226,-0.6089061414406143,-0.8313154850789963,-0.835798968506016,-0.36153685402245034,-0.6629792271560332,-0.20785458352844413,-0.6378117386825144,-0.6834417429458433,-0.5182078184827691,-0.22694112443557954,-0.46721194829382007,-0.11666503672270934,0.0,0.0,0.0,0.0,1.0,0.0
-2.178438621365599,-0.7904377375636455,-1.1164585667333973,-1.124737489381114,-1.1670829650858545,-0.9377620909324227,-0.9750176983705166,-2.1107174001994853,-1.4288215393611912,-1.187148115041392,-1.1084755550615157,-0.36153685402245034,-0.48290377090640046,-0.20785458352844413,-1.0667650090550265,-1.4540722475110042,-1.1938526158042784,-0.22694112443557954,-0.5321966029345557,-0.11666503672270934,0.0,0.0,0.0,0.0,0.0,1.0
-0.12135937091063931,0.5595473049921574,-0.00021246047816964853,0.1672936127501328,0.0900721687768962,-0.029541897176097863,-0.049614338882503155,0.05656152908658097,0.3553968737238378,0.18732469116330394,0.01631536447992027,-0.36153685402245034,0.885669696590808,-0.20785458352844413,1.1177192382123962,0.22289727814651597,0.9006462558924004,-0.22694112443557954,0.3775885620357439,-0.11666503672270934,0.0,0.0,0.0,0.0,0.0,1.0
0.3723396491985507,-0.364126671493392,2.0708947728146625,2.2047272738032526,1.8340667907531631,1.2047060584414717,1.4541661202855187,0.5767084721152369,0.7576195217603473,1.3243776472784639,1.691328681892275,-0.36153685402245034,2.488341257212539,-0.20785458352844413,0.36307922552001387,0.6009424313294249,0.5966060970977213,-0.22694112443557954,1.352358381646779,-0.11666503672270934,0.0,0.0,0.0,0.0,0.0,1.0
-0.2859257109470362,-0.1509711384582652,-0.013661208746304922,0.2666806206063824,-0.02701580937698744,0.5060751401673758,0.374528867549503,-0.11682078525630432,-0.18605669094069413,0.002377507697354328,0.006576914960080996,-0.36153685402245034,0.9937149703405875,-0.20785458352844413,-0.028698094753547197,-0.28600965883047713,0.4952593774994949,-0.22694112443557954,0.11764994347280117,-0.11666503672270934,0.0,0.0,0.0,0.0,0.0,1.0
0.20777330916215417,0.2753399276119884,-0.04055870528257547,-0.08117390689049155,-0.05782843520695682,-0.5418712372437683,-0.37736136203450793,0.4033261577723516,0.32703502033664805,0.13936045805125483,-0.1589767268771866,-0.36153685402245034,0.48950369284161616,-0.20785458352844413,1.29247797799379,0.19624024811438753,0.6303883369637967,-0.22694112443557954,0.767496489880158,-0.11666503672270934,0.0,0.0,0.0,0.0,0.0,1.0
0.9483218393259396,0.34639177195703064,1.4791498490167105,1.0617766834563807,1.5197780072874754,-0.14598038355511386,-0.16528975881850483,1.1835465723153353,1.2810246342693947,1.3194115043351708,1.048591013582883,-0.36153685402245034,1.3358583372148898,-0.20785458352844413,1.29247797799379,1.0928858037405182,2.0492424113389665,-0.22694112443557954,1.2873737270060437,-0.11666503672270934,0.0,0.0,0.0,0.0,0.0,1.0
0.3723396491985507,-0.364126671493392,-0.6323036290805275,-0.8265764658123645,-0.37211721867264447,-0.5884466317953747,-0.6472706752185118,0.5767084721152369,-0.3175525566449376,-0.5744209670791727,-0.6020761800298735,-0.36153685402245034,-0.6629792271560332,-0.20785458352844413,-0.7093039504112665,-0.40960134352488975,-0.3830788590184672,-0.22694112443557954,-0.46721194829382007,-0.11666503672270934,1.0,0.0,0.0,0.0,0.0,0.0
-0.6973415610380281,-0.43517851583843425,-0.6726498738849334,-0.5284154422436155,-0.7233811531342954,-0.7514605127259971,-0.7436668584985132,-0.5502765711135176,-0.9131514777759228,-0.7830973448103928,-0.6848530009485073,-0.36153685402245034,0.147360325967314,-0.20785458352844413,-1.0667650090550265,-0.9693989741995822,-0.8560302171435237,-0.22694112443557954,-0.27225798437161297,-0.11666503672270934,0.0,0.0,0.0,0.0,0.0,1.0
0.8660386693077411,-0.43517851583843425,0.14772377047131835,-0.18056091474674138,0.3735483264126145,0.18004737830613096,-0.011055865570502595,1.0968554151438927,0.46110923634881784,0.15527133623902106,0.24029970343622353,1.939133860711869,-0.6629792271560332,-0.20785458352844413,-0.3408440899630829,0.32225529917535733,0.5290416173655703,0.717261807371043,-0.46721194829382007,-0.11666503672270934,0.0,0.0,0.0,1.0,0.0,0.0
0.9483218393259396,1.1279620597524955,1.7212273178431454,1.2605506991688797,1.9696423444050284,1.8334738848881582,1.7819131434375235,1.1835465723153353,1.8224781989339267,1.8288186828260788,1.8081900761303462,-0.36153685402245034,2.0381526165884574,-0.20785458352844413,1.2334969033175696,1.6017927407175114,0.6303883369637967,-0.22694112443557954,2.717036129102229,-0.11666503672270934,0.0,0.0,0.0,0.0,0.0,1.0
0.9483218393259396,-0.22202298280330746,2.4743572208587206,1.956259754162628,2.043592646396955,1.9732000685429774,2.842271159517539,1.1835465723153353,2.0158544720284026,2.2642450727920567,2.2464203045231135,-0.36153685402245034,-0.6629792271560332,-0.20785458352844413,1.29247797799379,1.7835452182092948,2.7248872086604754,-0.22694112443557954,-0.46721194829382007,-0.11666503672270934,0.0,0.0,0.0,0.0,1.0,0.0
-1.8493059412928055,-0.7193858932186034,-0.9954198323201799,-0.5284154422436155,-1.0006947856040198,-0.8678989991050131,-0.8400630417785147,-1.7639527715137147,-1.1838782601081888,-1.054363009272746,-1.0013526103432837,-0.36153685402245034,-0.6629792271560332,2.531800832890194,-1.0667650090550265,-1.2238524426880788,-0.9235946968756746,-0.22694112443557954,-0.46721194829382007,-1.1766980737390969,0.0,1.0,0.0,0.0,0.0,0.0
-0.7796247310562266,-0.5062303601834766,-0.8609323496388271,-0.8265764658123645,-0.8712817571181484,-0.7980359072776035,-0.7051083851865126,-0.6369677282849602,-0.9440916814710388,-0.9139688287321254,-0.8942296656250517,-0.36153685402245034,-0.23079813215691472,-0.20785458352844413,-0.19757022435283098,-0.9984793705982674,-1.024941416473901,-0.22694112443557954,-0.46721194829382007,-0.11666503672270934,0.0,0.0,0.0,0.0,0.0,1.0
0.8660386693077411,0.4174436163020729,1.1967261353858698,0.8133091638157562,1.4643152807935305,1.9499123712671742,2.0518224566215273,1.0968554151438927,1.523389563214471,1.3545479623077052,1.2969214763387846,3.696590656689474,-0.6629792271560332,-0.20785458352844413,1.29247797799379,1.3206822421968867,1.2384686545531551,4.089415135251838,-0.46721194829382007,-0.11666503672270934,0.0,0.0,0.0,1.0,0.0,0.0
0.29005647918035266,-0.22202298280330746,-0.3767774119859573,-0.47872193831549054,-0.1872414636928282,-0.4254327508647523,-0.2809651787545065,0.49001731494379425,-0.3175525566449376,-0.4747154850830887,-0.421914863912847,-0.36153685402245034,0.147360325967314,-0.20785458352844413,-0.32950157560227133,-0.40960134352488975,-0.28173213942024083,-0.22694112443557954,-0.7271505668567627,-0.11666503672270934,0.0,0.0,0.0,0.0,0.0,1.0
-0.6150583910198297,-0.7193858932186034,-0.8474836013706919,-0.8762699697404895,-0.7541937789642648,-0.6117343290711779,-0.5123160186265099,-0.4635854139420749,-0.9054164268521437,-0.8626363117405651,-0.8211912942262571,-0.36153685402245034,-0.6629792271560332,-0.20785458352844413,-0.6173853924742996,-0.9621288750999107,-0.6195545380809955,-0.22694112443557954,-0.46721194829382007,-0.11666503672270934,0.0,0.0,0.0,0.0,1.0,0.0
0.6191891592531461,-0.07991929411322295,1.1832773871177344,1.0120831795282554,1.4704778059595243,1.577309214854323,1.4541661202855187,0.8367819436295648,1.237192679034647,1.2517697790593183,1.5014289162554093,-0.36153685402245034,2.0201450709634945,-0.20785458352844413,1.29247797799379,1.0516885755090477,1.0357752153567024,-0.22694112443557954,0.8974657991616295,-0.11666503672270934,0.0,0.0,0.0,0.0,0.0,1.0
0.4546228192167492,0.13323623892190384,-0.20194368450019876,-0.3793349304592408,-0.29200439151472407,-0.6350220263469811,-0.589432965250511,0.6633996292866795,-0.044247424004745295,-0.17038626146205965,-0.32939959347437386,1.172243622467096,-0.6629792271560332,-0.20785458352844413,-0.5810385117214466,-0.15272450866983608,-0.5519900583488445,2.3358954047538245,-0.46721194829382007,-0.11666503672270934,0.0,0.0,0.0,1.0,0.0,0.0
-1.7670227712746074,-0.7904377375636455,-1.1030098184652621,-1.2241244972373637,-1.1609204399198605,-0.8911866963808163,-0.8593422784345149,-1.677261614342272,-1.3617844313551064,-1.1466607726350635,-1.088998656021837,-0.36153685402245034,-0.6629792271560332,-0.20785458352844413,-1.0667650090550265,-1.3910647219805192,-1.160070375938203,-0.22694112443557954,-0.46721194829382007,-0.11666503672270934,0.0,0.0,0.0,0.0,1.0,0.0
-2.2607217913837974,-0.7904377375636455,-1.1299073150015326,-1.3732050090217383,-1.1670829650858545,-0.9377620909324227,-0.9750176983705166,-2.197408557370928,-1.4442916412087494,-1.1850576415632321,-1.118214004581355,-0.36153685402245034,-0.6629792271560332,-0.20785458352844413,-1.0667650090550265,-1.4686124457103469,-1.2614170955364292,-0.22694112443557954,-0.46721194829382007,-0.11666503672270934,0.0,0.0,0.0,1.0,0.0,0.0
-1.6024564312382106,0.2753399276119884,-0.6323036290805275,0.6642286520313813,-0.7110561028023076,-0.5651589345195714,-0.5123160186265099,-1.5038792999993866,-0.8125958157667954,-0.672940845038416,-0.6799837761885876,-0.36153685402245034,1.137775335340294,-0.20785458352844413,1.29247797799379,-0.8748876859038549,-0.7546834975452973,-0.22694112443557954,-0.012319365808670256,-0.11666503672270934,0.0,0.0,0.0,0.0,0.0,1.0
0.29005647918035266,0.9148065267173687,-0.10780244662325184,-0.18056091474674138,-0.23037913985478534,-0.5185835399679651,-0.5508744919385105,0.49001731494379425,-0.25825049956263174,-0.08004731527292763,-0.1589767268771866,-0.36153685402245034,0.45348860159168963,-0.20785458352844413,-0.8455859790192,-0.35386391709407633,-0.5182078184827691,-0.22694112443557954,1.0924197630838364,-0.11666503672270934,0.0,0.0,0.0,0.0,0.0,1.0
-1.931589111311004,-0.7904377375636455,-1.1030098184652621,-1.1744309933092387,-1.1609204399198605,-0.9377620909324227,-0.9750176983705166,-1.8506439286851573,-1.4313998896691176,-1.174605932495286,-1.0987371055416764,-0.36153685402245034,-0.5189188621563271,-0.20785458352844413,-1.0667650090550265,-1.4564956138775613,-1.2276348556703538,-0.22694112443557954,-0.46721194829382007,-0.11666503672270934,0.0,0.0,0.0,0.0,0.0,1.0
0.8660386693077411,-0.5062303601834766,-0.3498799154496868,-0.6278024500998651,-0.3104919670127057,-0.6815974208985875,-0.7243876218425129,1.0968554151438927,-0.04682577431267163,-0.394592906944189,-0.4267840886727666,-0.36153685402245034,-0.014707584657355437,-0.20785458352844413,-0.9457781892063692,-0.15514787503639324,-0.07903870022378802,-0.22694112443557954,-0.46721194829382007,-0.11666503672270934,0.0,0.0,0.0,0.0,0.0,1.0
0.7014723292713446,5.03581349872982,1.1832773871177344,0.9126961716720057,0.8912004403561,0.8321029020286206,0.7022758907015078,0.9234731008010075,1.4718225570559442,1.3901181050318696,0.9901603164638475,-0.36153685402245034,-0.6629792271560332,-0.20785458352844413,1.29247797799379,1.2722149148657445,0.5290416173655703,-0.22694112443557954,-0.46721194829382007,-0.11666503672270934,1.0,0.0,0.0,0.0,0.0,0.0
-2.2607217913837974,-0.7904377375636455,-1.1164585667333973,-0.8762699697404895,-1.1609204399198605,-0.9144743936566195,-0.9557384617145163,-2.197408557370928,-1.4210864884374121,-1.1761126334747443,-1.103606330301596,-0.36153685402245034,-0.6629792271560332,1.8468869787855346,-1.0667650090550265,-1.446802148411333,-1.2614170955364292,-0.22694112443557954,-0.46721194829382007,-0.11666503672270934,0.0,1.0,0.0,0.0,0.0,0.0
-1.3556069211836153,-0.5772822045285187,-0.45746990159476897,0.7139221559595064,-0.5385053981544791,-0.6117343290711779,-0.6087122019065112,-1.2438058284850588,-0.5496040843583084,-0.49132919378658224,-0.51443013435132,-0.36153685402245034,1.1917979722151837,-0.20785458352844413,1.095874395739722,-0.6277043165150297,-0.6871190178131464,-0.22694112443557954,0.3126039073950082,-0.11666503672270934,0.0,0.0,0.0,0.0,0.0,1.0
-1.4378900912018135,-0.7904377375636455,-0.9954198323201799,-0.9259634736686144,-1.0253448862679952,-0.7281728154501939,-0.7051083851865126,-1.3304969856565014,-1.1916133110319678,-1.032402927175883,-0.9672680370238462,-0.36153685402245034,-0.6629792271560332,-0.20785458352844413,-1.0667650090550265,-1.2311225417877503,-0.9235946968756746,-0.22694112443557954,-0.46721194829382007,-0.11666503672270934,0.0,0.0,0.0,0.0,1.0,0.0
0.9483218393259396,-0.008867449768180677,-0.3498799154496868,-0.6278024500998651,-0.27967934118273635,-0.16926808083091707,-0.06889357553850343,1.1835465723153353,0.38118037680310124,-0.21043015037809082,-0.36348416679381135,-0.36153685402245034,-0.6629792271560332,-0.20785458352844413,0.34878078317426336,0.24713094181208706,1.0357752153567024,-0.22694112443557954,-0.46721194829382007,-0.11666503672270934,0.0,0.0,0.0,0.0,1.0,0.0
0.6191891592531461,0.06218439457686159,0.14772377047131835,-0.08117390689049155,0.28727297408870023,0.01703349737550854,-0.011055865570502595,0.8367819436295648,0.05888658831230841,0.00025373931926368206,0.021184589239839905,-0.36153685402245034,0.5075112384665794,-0.20785458352844413,-0.7390923719649131,-0.05578985400755168,0.056090259240513834,-0.22694112443557954,-0.3372426390123487,-0.11666503672270934,0.0,0.0,0.0,0.0,0.0,1.0
-0.20364254092883777,-0.7193858932186034,-0.7936886082981508,-0.8762699697404895,-0.7233811531342954,-0.4487204481405555,-0.454478308658509,-0.03012962808486168,-0.7919690133033847,-0.7360470682747855,-0.6945914504683466,-0.36153685402245034,-0.0687302215322453,-0.20785458352844413,-1.0667650090550265,-0.8555007549713981,-0.7884657374113728,-0.22694112443557954,-0.07730402044940593,-0.11666503672270934,0.0,0.0,0.0,0.0,0.0,1.0
0.7014723292713446,-0.22202298280330746,1.5732910868936574,1.310244203097005,1.698491237101298,1.6471723066817325,1.4927245935975193,0.9234731008010075,1.652307078610788,1.802744821705989,1.720544030451793,-0.36153685402245034,-0.6629792271560332,-0.20785458352844413,1.29247797799379,1.4418505605247423,1.373597614017457,-0.22694112443557954,-0.46721194829382007,-0.11666503672270934,0.0,0.0,0.0,0.0,1.0,0.0
0.9483218393259396,0.06218439457686159,-0.04055870528257547,-0.3793349304592408,0.1147222694408717,-0.35556965903734267,-0.454478308658509,1.1835465723153353,0.9458390942389703,-0.007316902283776058,-0.06159223167879391,1.3639661820282893,-0.6629792271560332,-0.20785458352844413,0.46674293252670435,0.777848176088094,0.866864016026325,-1.4409163224726658,-0.46721194829382007,-0.11666503672270934,0.0,0.0,0.0,1.0,0.0,0.0
0.7014723292713446,-0.43517851583843425,-0.16159743969579293,-0.4290284343873657,-0.15642883786285883,-0.12269268627931067,-0.030335102226502875,0.9234731008010075,-0.10097113077912483,-0.25120795849735034,-0.14923827735734735,-0.36153685402245034,-0.6629792271560332,-0.20785458352844413,-1.0667650090550265,-0.20603856873409257,0.8330817761602496,-0.22694112443557954,-0.46721194829382007,-0.11666503672270934,0.0,0.0,0.0,0.0,1.0,0.0
-1.1910405811472187,-0.5062303601834766,-0.9281760909795035,-0.8265764658123645,-0.988369735272032,-0.9144743936566195,-0.9171799884025157,-1.0704235141421734,-1.0910576490228403,-1.0175062335477025,-0.9380526884643283,0.469260904076054,-0.6629792271560332,-0.20785458352844413,-0.8982476528372539,-1.1366112534920227,-0.8560302171435237,-0.36182725755081135,-0.46721194829382007,-0.11666503672270934,0.0,0.0,0.0,1.0,0.0,0.0
-2.178438621365599,-0.7904377375636455,-1.1299073150015326,-1.3732050090217383,-1.1732454902518483,-0.8911866963808163,-0.936459225058516,-2.1107174001994853,-1.433978239977044,-1.179237527867005,-1.1084755550615157,-0.36153685402245034,-0.6629792271560332,0.47705927057621544,-1.0667650090550265,-1.4589189802441185,-1.2614170955364292,-0.22694112443557954,-0.46721194829382007,-0.11666503672270934,0.0,1.0,0.0,0.0,0.0,0.0
-1.520173261220012,-0.7193858932186034,-1.0357660771245858,-1.025350481524864,-1.093132663093928,-0.8678989991050131,-0.8593422784345149,-1.417188142827944,-1.35920608104718,-1.1001632904828873,-1.0256987341428818,-0.36153685402245034,-0.32083586028173106,-0.20785458352844413,-1.0667650090550265,-1.388641355613962,-1.1938526158042784,-0.22694112443557954,-0.3372426390123487,-0.11666503672270934,0.0,0.0,0.0,0.0,0.0,1.0
-2.178438621365599,-0.7904377375636455,-1.1299073150015326,-1.3732050090217383,-1.1732454902518483,-0.9377620909324227,-0.936459225058516,-2.1107174001994853,-1.4442916412087494,-1.1971670965776977,-1.118214004581355,-0.36153685402245034,-0.6629792271560332,-0.20785458352844413,-1.0667650090550265,-1.4686124457103469,-1.2614170955364292,-0.22694112443557954,-0.5321966029345557,-0.11666503672270934,0.0,0.0,0.0,0.0,0.0,1.0
0.7014723292713446,-0.22202298280330746,1.8826122970607686,1.6580987305938786,2.6536826378303484,4.232106704295888,3.883349938941554,0.9234731008010075,1.7580194412357681,2.2748182654417053,2.4314508454000596,-0.36153685402245034,2.8845072609617306,-0.20785458352844413,1.29247797799379,1.5412085815535836,1.6100732930799853,-0.22694112443557954,1.807250964131929,-0.11666503672270934,0.0,0.0,0.0,0.0,0.0,1.0
0.8660386693077411,2.7621544796884674,1.6405348282343337,1.2605506991688797,1.1808391231578121,0.9718290856834398,1.0300229138535124,1.0968554151438927,1.546594715985808,1.879063574547039,1.5744672876542039,-0.36153685402245034,1.8940922515887508,-0.20785458352844413,1.29247797799379,1.3424925394959009,1.8465489721425135,-0.22694112443557954,3.7567906033539997,-0.11666503672270934,0.0,0.0,0.0,0.0,0.0,1.0
0.8660386693077411,1.0569102154074532,0.36290374276148274,0.018213100965758067,0.20716014693077983,-0.21584347538252346,-0.14601052216250454,1.0968554151438927,0.7911380757633897,0.3758509444964317,0.17699978155726825,1.8113188210044069,-0.6629792271560332,-0.20785458352844413,-0.21985727011442566,0.6324461940946673,0.9682107356245514,2.6056676709842885,-0.46721194829382007,-0.11666503672270934,0.0,0.0,0.0,1.0,0.0,0.0
-0.6973415610380281,-0.43517851583843425,-0.20194368450019876,0.36606762846263224,-0.08864106103692619,0.38963665378835977,0.43236657751750385,-0.5502765711135176,0.15428554970558309,0.11915381750267594,-0.09080758023831172,-0.36153685402245034,1.2458206090900734,-0.20785458352844413,1.0565536792889085,0.03387470155506128,0.15743697883874022,-0.22694112443557954,0.5725425259579511,-0.11666503672270934,0.0,0.0,0.0,0.0,0.0,1.0
-0.12135937091063931,-0.364126671493392,-0.6860986221530686,-0.7768829618842398,-0.6987310524703199,-0.7747482100018003,-0.7629460951545135,0.05656152908658097,-0.8590061213094695,-0.7561292144461569,-0.7335452485477036,-0.36153685402245034,-0.14076040403209836,-0.20785458352844413,-1.0667650090550265,-0.9185082805018828,-0.5519900583488445,-0.22694112443557954,-0.3372426390123487,-0.11666503672270934,0.0,0.0,0.0,0.0,0.0,1.0
0.9483218393259396,-0.7193858932186034,0.2956600014208064,-0.03148040296236663,0.7063246853762838,-0.7048851181743907,-0.6858291485305124,1.1835465723153353,0.9329473426993385,0.26022951564550717,0.3133380748350181,2.0030413805656004,-0.6629792271560332,-0.20785458352844413,0.9385915299364676,0.7657313442553084,2.184371370803268,-1.4409163224726658,-0.46721194829382007,-0.11666503672270934,0.0,0.0,0.0,1.0,0.0,0.0
-2.0138722813292023,-0.648334048873561,-1.0761123219289916,-0.8762699697404895,-1.1054577134259156,-0.8911866963808163,-0.8979007517465154,-1.9373350858566,-1.320530826428285,-1.1387735238009387,-1.0597833074623193,-0.36153685402245034,-0.6629792271560332,1.8468869787855346,-1.0667650090550265,-1.3522908601156056,-1.1262881360721275,-0.22694112443557954,-0.46721194829382007,-0.4700093823948386,0.0,1.0,0.0,0.0,0.0,0.0
0.7014723292713446,-0.5772822045285187,2.541600962199397,2.304114281659502,2.6906577888263117,2.951283354126712,3.0157842894215414,0.9234731008010075,1.6316802761473774,1.9484734978681586,2.6895197576758005,-0.36153685402245034,3.136612899711217,-0.20785458352844413,1.29247797799379,1.4224636295922855,2.454629289731872,-0.22694112443557954,0.24761925275427257,-0.11666503672270934,0.0,0.0,0.0,0.0,0.0,1.0
0.8660386693077411,0.7727028380272842,0.10737752566691254,-0.18056091474674138,-0.20572903919080984,-0.029541897176097863,0.1624572643334999,1.0968554151438927,-0.12417628355046191,-0.08580037457529897,-0.03237688311927609,-0.36153685402245034,0.36345087346687327,-0.20785458352844413,-0.9457781892063692,-0.22784886603310653,0.360130418035193,-0.22694112443557954,-0.012319365808670256,-0.11666503672270934,0.0,0.0,0.0,0.0,0.0,1.0
0.29005647918035266,2.4779471023082986,0.5646349667835119,0.5648416441751317,0.3119230747526757,0.48278744289157255,0.6444381807335069,0.49001731494379425,0.8040298273030214,0.6971982412274537,0.40585334527349115,2.7699316188103738,-0.6629792271560332,-0.20785458352844413,1.0712989479579635,0.6445630259274528,0.3939126579012685,3.5498706027909104,-0.46721194829382007,-0.11666503672270934,0.0,0.0,0.0,1.0,0.0,0.0
0.04320696912575724,-0.7193858932186034,-0.06745620181884601,-0.03148040296236663,0.009959341618975815,-0.09940498900350747,-0.22312746878650566,0.22994384342946628,0.3786020264951749,0.0665677216705488,0.06500761207911662,-0.36153685402245034,0.8496546053408816,-0.20785458352844413,0.4789459134941981,0.24470757544552973,-0.4168610988845427,-0.22694112443557954,0.8324811445208937,-0.11666503672270934,0.0,0.0,0.0,0.0,0.0,1.0
0.4546228192167492,-0.22202298280330746,-0.7667911117618802,-0.9756569775967392,-0.6371058008103812,-0.6815974208985875,-0.7436668584985132,0.6633996292866795,-0.4438917217333284,-0.6638198589711259,-0.6945914504683466,0.469260904076054,-0.6629792271560332,-0.20785458352844413,-0.9279860098168607,-0.5283462954861882,-0.5519900583488445,0.04283114179488406,-0.46721194829382007,-0.11666503672270934,0.0,0.0,0.0,1.0,0.0,0.0
0.7014723292713446,-0.1509711384582652,-0.44402115332663367,-0.67749595402799,-0.27967934118273635,-0.3788573563131459,-0.4930367819705096,0.9234731008010075,0.28320306510190024,-0.24325259222034137,-0.3440072677541328,-0.36153685402245034,0.11134523471738741,-0.20785458352844413,-0.11031514944064134,0.15504301988291697,-0.6533367779470709,-0.22694112443557954,-0.012319365808670256,-0.11666503672270934,0.0,0.0,0.0,0.0,0.0,1.0
0.8660386693077411,-0.648334048873561,1.210174883654005,0.8630026677438809,1.3718774033036223,2.159501646749403,1.897588563373525,1.0968554151438927,1.734814288464431,1.6029501692289243,1.7351517047315517,-0.36153685402245034,2.0381526165884574,-0.20785458352844413,1.29247797799379,1.51939828425457,1.4073798538835325,-0.22694112443557954,2.911990093024436,-0.11666503672270934,0.0,0.0,0.0,0.0,0.0,1.0
0.9483218393259396,-0.1509711384582652,-0.09435369835511656,-0.4290284343873657,0.07158459327891457,-0.4254327508647523,-0.4737575453145093,1.1835465723153353,0.6312803566719565,0.01740395563031496,-0.04211533263911536,-0.36153685402245034,-0.6629792271560332,-0.20785458352844413,-0.4179731876166019,0.4821974793681268,-0.4844255786166936,-0.22694112443557954,-0.46721194829382007,-0.11666503672270934,0.0,0.0,0.0,0.0,1.0,0.0
0.9483218393259396,-0.29307482714834976,2.6626396966126147,2.155033769875127,2.530432134510471,1.2512814529930782,1.203536043757515,1.1835465723153353,1.8456833517052638,1.7510291999974528,2.6164813862770058,-0.36153685402245034,-0.6629792271560332,-0.20785458352844413,1.174515828641349,1.6236030380165256,0.9006462558924004,-0.22694112443557954,-0.46721194829382007,-0.11666503672270934,0.0,0.0,0.0,0.0,1.0,0.0
0.7837554992895427,-0.7193858932186034,1.9902022832058508,1.6580987305938786,2.2038183007127956,1.460870728475307,1.3192114636935166,1.0101642579724501,1.8740452050924536,1.742994498318809,2.1782511578842385,-0.36153685402245034,-0.6629792271560332,-0.20785458352844413,1.29247797799379,1.6502600680486537,1.8803312120085889,-0.22694112443557954,-0.46721194829382007,-0.11666503672270934,0.0,0.0,0.0,0.0,1.0,0.0
0.7837554992895427,-0.008867449768180677,-0.40367490852222787,-0.67749595402799,-0.3659546935066506,-0.7514605127259971,-0.7436668584985132,1.0101642579724501,-0.2711422511022634,-0.4763714299510578,-0.4803455610318826,-0.36153685402245034,-0.05072267590728201,-0.20785458352844413,-0.8805089837616988,-0.3659807489268619,-0.34929661915239174,-0.22694112443557954,-0.012319365808670256,-0.11666503672270934,0.0,0.0,0.0,0.0,0.0,1.0
0.9483218393259396,-0.7193858932186034,0.24186500834826527,-0.08117390689049155,0.4413361032385471,0.13347198375452454,0.14317802767749965,1.1835465723153353,0.6338587069798828,0.11148096045945745,0.35716109767429477,-0.36153685402245034,0.7055942403411753,-0.20785458352844413,0.5257240072029248,0.4846208457346838,0.3939126579012685,-0.22694112443557954,-0.46721194829382007,-0.11666503672270934,0.0,0.0,0.0,0.0,0.0,1.0
0.8660386693077411,1.554273125822749,-0.8609323496388271,-1.124737489381114,-0.7973314551262218,-0.7980359072776035,-0.8015045684665141,1.0968554151438927,0.3914937780348066,-0.34408361271482374,-0.8504066427857749,-0.36153685402245034,-0.4108735884065474,-0.20785458352844413,0.6875438787505038,0.2568244072783153,-0.7546834975452973,-0.22694112443557954,0.5075578713172153,-0.11666503672270934,0.0,0.0,0.0,0.0,0.0,1.0
-1.273323751165417,-0.7904377375636455,-1.0761123219289916,-1.2241244972373637,-1.0808076127619402,-0.9377620909324227,-0.9750176983705166,-1.1571146713136162,-1.3385792785837693,-1.1396505367926442,-1.0646525322222389,-0.36153685402245034,-0.5189188621563271,-0.20785458352844413,-1.0667650090550265,-1.3692544246815053,-1.1938526158042784,-0.22694112443557954,-0.5321966029345557,-0.11666503672270934,0.0,0.0,0.0,0.0,0.0,1.0
-1.8493059412928055,-0.7904377375636455,-1.049214825392721,-0.8762699697404895,-1.0808076127619402,-0.9144743936566195,-0.936459225058516,-1.7639527715137147,-1.343735979199622,-1.1088073249135895,-1.0354371836627212,0.533168423929785,-0.6629792271560332,-0.20785458352844413,-1.0667650090550265,-1.3741011574146196,-1.2276348556703538,-0.09205499132034774,-0.46721194829382007,-0.11666503672270934,0.0,0.0,0.0,1.0,0.0,0.0
-0.20364254092883777,-0.364126671493392,-0.49781614639917476,-0.47872193831549054,-0.4583925709965587,-0.6583097236227843,-0.6279914385625115,-0.03012962808486168,-0.30208245479737955,-0.5053729979313586,-0.5192993591112397,1.1402898625402305,-0.6629792271560332,-0.20785458352844413,0.29433671424236757,-0.3950611453255471,-0.6871190178131464,0.44748954114057937,-0.46721194829382007,-0.11666503672270934,0.0,0.0,0.0,1.0,0.0,0.0
-1.931589111311004,-0.7904377375636455,-1.1030098184652621,-1.1744309933092387,-1.136270339255885,-0.9377620909324227,-0.9750176983705166,-1.8506439286851573,-1.4133514375136331,-1.1656774081730321,-1.0938678807817568,-0.36153685402245034,-0.48290377090640046,-0.20785458352844413,-1.0667650090550265,-1.4395320493116615,-1.160070375938203,-0.22694112443557954,-0.46721194829382007,-0.11666503672270934,0.0,0.0,0.0,0.0,0.0,1.0
-1.0264742411108216,-0.5772822045285187,-1.0357660771245858,-1.1744309933092387,-1.0191823611020014,-0.8213236045534067,-0.6472706752185118,-0.8970411997992882,-1.2406019668825683,-1.0709840714152299,-1.0256987341428818,-0.36153685402245034,-0.6629792271560332,-0.20785458352844413,-1.0667650090550265,-1.2771665027523351,-0.9911591766078256,-0.22694112443557954,-0.46721194829382007,-0.11666503672270934,0.0,0.0,0.0,0.0,1.0,0.0
-0.6150583910198297,-0.7193858932186034,-0.6995473704212039,-0.6278024500998651,-0.7172186279683015,-0.4720081454163587,-0.5315952552825102,-0.4635854139420749,-0.5908576892851299,-0.6146924009739916,-0.675114551428668,-0.36153685402245034,0.11134523471738741,-0.20785458352844413,0.2813738406871543,-0.6664781783799435,-0.4168610988845427,-0.22694112443557954,-0.20727332973087728,-0.11666503672270934,0.0,0.0,0.0,0.0,0.0,1.0
0.9483218393259396,-0.29307482714834976,0.1746212670075889,-0.18056091474674138,0.07158459327891457,-0.5185835399679651,-0.4930367819705096,1.1835465723153353,0.7034741652938941,0.2941539226774615,0.1818690063171879,-0.36153685402245034,-0.6629792271560332,-0.20785458352844413,-0.18204888891172027,0.5500517376317258,0.12365473897266477,-0.22694112443557954,-0.46721194829382007,-0.11666503672270934,0.0,0.0,0.0,0.0,1.0,0.0
-1.0264742411108216,-0.648334048873561,-0.5650598877398512,-0.08117390689049155,-0.37211721867264447,-0.3788573563131459,-0.454478308658509,-0.8970411997992882,-0.47741027573637085,-0.5414704992098569,-0.49008401055172185,-0.36153685402245034,0.7956319684659916,-0.20785458352844413,0.11285648446938179,-0.5598500582514306,-0.21416765968808987,-0.22694112443557954,-0.6621659122160272,-0.11666503672270934,0.0,0.0,0.0,0.0,0.0,1.0
0.4546228192167492,-0.008867449768180677,-0.3229824189134162,-0.47872193831549054,-0.3413045928426751,-0.16926808083091707,-0.18456899547450512,0.6633996292866795,0.27546801417812117,-0.18341728775940616,-0.21253819923630263,1.395919941955155,-0.6629792271560332,-0.20785458352844413,-0.3034805132451152,0.14777292078324536,-0.28173213942024083,1.391692472947202,-0.46721194829382007,-0.11666503672270934,0.0,0.0,0.0,1.0,0.0,0.0
0.7837554992895427,-0.1509711384582652,-0.21539243276833403,-0.47872193831549054,-0.27351681601674244,0.296485864685147,0.1624572643334999,1.0101642579724501,-0.04682577431267163,-0.08865060159148637,-0.17845362591686517,-0.36153685402245034,-0.6629792271560332,-0.20785458352844413,-0.9425943255261414,-0.15514787503639324,-0.14660317995593897,-0.22694112443557954,-0.46721194829382007,-0.11666503672270934,0.0,0.0,0.0,0.0,1.0,0.0
0.9483218393259396,-0.29307482714834976,0.26876250488453585,-0.08117390689049155,0.19483509659879208,0.04032119465131174,0.027502607741497966,1.1835465723153353,0.9948277500895708,0.4249933197399998,0.167261332037429,-0.36153685402245034,0.5255187840915426,-0.20785458352844413,0.5847050818791449,0.8238921370526792,0.9006462558924004,-0.22694112443557954,0.44257321667647953,-0.11666503672270934,0.0,0.0,0.0,0.0,0.0,1.0
-0.9441910710926233,-0.1509711384582652,-0.9819710840520446,-1.075043985452989,-1.0006947856040198,-0.7514605127259971,-0.7822253318105138,-0.8103500426278455,-1.0420689931722398,-0.953410810492236,-0.9721372617837658,-0.36153685402245034,-0.3388434059066943,-0.20785458352844413,-1.0667650090550265,-1.0905672925274377,-0.9911591766078256,-0.22694112443557954,-0.40222729365308435,-0.11666503672270934,0.0,0.0,0.0,0.0,0.0,1.0
-0.03907620089244122,-0.648334048873561,-0.9281760909795035,-1.124737489381114,-0.9637196346080565,-0.8678989991050131,-0.8786215150905152,0.14325268625802362,-0.884789624388733,-0.912220075508756,-0.957529587504007,-0.36153685402245034,-0.4468886796564739,-0.20785458352844413,-0.9825063309461403,-0.9427419441674539,-0.8560302171435237,-0.22694112443557954,-0.3372426390123487,-0.11666503672270934,0.0,0.0,0.0,0.0,0.0,1.0
-0.12135937091063931,-0.7904377375636455,-0.9954198323201799,-1.1744309933092387,-0.9698821597740505,-0.8911866963808163,-0.8979007517465154,0.05656152908658097,-1.1323112539496618,-1.0566549818776896,-0.996483385583364,-0.07395301468066037,-0.6629792271560332,-0.20785458352844413,-1.0667650090550265,-1.1753851153569366,-1.0587236563399764,-0.6315995237812749,-0.46721194829382007,-0.11666503672270934,0.0,0.0,0.0,1.0,0.0,0.0
-0.12135937091063931,-0.07991929411322295,0.2956600014208064,0.5648416441751317,0.1147222694408717,-0.16926808083091707,-0.14601052216250454,0.05656152908658097,0.20585255586410994,-0.0024830463099226215,0.12343830919815225,2.6421165791029115,-0.6629792271560332,-0.20785458352844413,0.06916679952403328,0.08234202888620365,-0.7546834975452973,1.2568063398319702,-0.46721194829382007,-0.11666503672270934,0.0,0.0,0.0,1.0,0.0,0.0
0.9483218393259396,0.4174436163020729,1.748124814379416,1.310244203097005,2.0127800205669857,0.20333507558193414,0.3552496308935027,1.1835465723153353,1.7296575878485785,1.501327959312902,1.6815902323724357,-0.36153685402245034,1.930107342838678,-0.20785458352844413,0.5257240072029248,1.5145515515214556,1.9141134518746645,-0.22694112443557954,1.2873737270060437,-0.11666503672270934,0.0,0.0,0.0,0.0,0.0,1.0
-0.6973415610380281,-0.5062303601834766,-1.008868580588315,-1.124737489381114,-1.0438324617659769,-0.8213236045534067,-0.8400630417785147,-0.5502765711135176,-1.2483370178063473,-1.055047649428389,-1.0013526103432837,0.021908265099936253,-0.6629792271560332,-0.20785458352844413,-1.0667650090550265,-1.2844366018520066,-1.160070375938203,0.04283114179488406,-0.46721194829382007,-0.11666503672270934,0.0,0.0,0.0,1.0,0.0,0.0
-0.2859257109470362,-0.43517851583843425,-0.4305724050584984,-0.3296414265311159,-0.40909236966860774,-0.6583097236227843,-0.6858291485305124,-0.11682078525630432,-0.4103731677302859,-0.5460860821054696,-0.4803455610318826,-0.36153685402245034,0.2734131453420569,-0.20785458352844413,-0.5005466921633105,-0.49684253272094575,-0.4844255786166936,-0.22694112443557954,-0.20727332973087728,-0.11666503672270934,0.0,0.0,0.0,0.0,0.0,1.0
0.7837554992895427,-0.43517851583843425,-0.4171236567903631,-0.67749595402799,-0.5261803478224913,-0.6350220263469811,-0.6472706752185118,1.0101642579724501,-0.4103731677302859,-0.47553137108542487,-0.43165331343268626,-0.36153685402245034,0.0032999609676078504,-0.20785458352844413,-0.6321676167039286,-0.49684253272094575,-0.7884657374113728,-0.22694112443557954,0.44257321667647953,-0.11666503672270934,0.0,0.0,0.0,0.0,0.0,1.0
0.7014723292713446,-0.1509711384582652,-0.2960849223771457,-0.5284154422436155,-0.4399049954985771,-0.4487204481405555,-0.33880288872250736,0.9234731008010075,0.04857318708060304,-0.2545906444586076,-0.4121764143930077,-0.36153685402245034,0.03931505221753434,-0.20785458352844413,-0.6841850652092725,-0.06548331947378026,-0.3830788590184672,-0.22694112443557954,0.44257321667647953,-0.11666503672270934,0.0,0.0,0.0,0.0,0.0,1.0
0.4546228192167492,0.06218439457686159,0.05358253259437144,-0.08117390689049155,0.12704731977285946,-0.35556965903734267,-0.18456899547450512,0.6633996292866795,0.1852257534006992,-0.19284094124921436,-0.017769208839517183,1.7474113011506758,-0.6629792271560332,-0.20785458352844413,0.18224598408846465,0.06295509795374667,0.1912192187048157,-0.22694112443557954,-0.46721194829382007,-0.11666503672270934,0.0,0.0,0.0,1.0,0.0,0.0
0.20777330916215417,-0.008867449768180677,-0.6592011256167981,-0.8265764658123645,-0.6494308511423689,-0.6815974208985875,-0.589432965250511,0.4033261577723516,-0.5882793389772035,-0.7182306789953367,-0.6410299781092306,-0.36153685402245034,-0.0867377671572085,-0.20785458352844413,-0.8384511715986893,-0.6640548120133863,-0.7546834975452973,-0.22694112443557954,-0.3372426390123487,-0.11666503672270934,0.0,0.0,0.0,0.0,0.0,1.0
0.7014723292713446,0.5595473049921574,0.30910874968894164,0.06790660489388298,0.2379727727607492,0.38963665378835977,0.3938081042055033,0.9234731008010075,0.7189442671414521,0.370028945288531,0.21595357963662534,-0.36153685402245034,-0.6629792271560332,4.860507936846037,-0.17407847341493368,0.5645919358310684,0.934428495758476,-0.22694112443557954,-0.46721194829382007,1.650056691637937,0.0,1.0,0.0,0.0,0.0,0.0
-1.4378900912018135,-0.7193858932186034,-1.049214825392721,-1.124737489381114,-0.9945322604380259,-0.7514605127259971,-0.7822253318105138,-1.3304969856565014,-1.1967700116478204,-1.0892462615271925,-1.0110910598631229,-0.36153685402245034,-0.6629792271560332,-0.20785458352844413,-1.0667650090550265,-1.2359692745208644,-0.8222479772774482,-0.22694112443557954,-0.46721194829382007,-0.11666503672270934,1.0,0.0,0.0,0.0,0.0,0.0
-0.45049205098343315,-0.7904377375636455,-1.008868580588315,-1.1744309933092387,-0.9205819584460994,-0.7281728154501939,-0.7822253318105138,-0.2902030995991896,-0.9776102354740813,-0.9432852264469086,-0.9672680370238462,-0.36153685402245034,-0.4288811340315107,-0.20785458352844413,-1.0667650090550265,-1.0299831333635099,-0.9911591766078256,-0.22694112443557954,-0.46721194829382007,-0.11666503672270934,0.0,0.0,0.0,0.0,0.0,1.0
0.9483218393259396,-0.5062303601834766,0.4839424771747002,0.11760010882200789,0.3242481250846635,0.34306125923675335,0.2974119209255019,1.1835465723153353,0.46884428727259686,0.6278440935018865,0.40585334527349115,-0.36153685402245034,0.7416093315911019,-0.20785458352844413,-0.4179731876166019,0.3295253982750286,0.6303883369637967,-0.22694112443557954,1.4173430362875148,-0.11666503672270934,0.0,0.0,0.0,0.0,0.0,1.0
0.9483218393259396,1.9805841918930025,1.1294823940451932,0.7139221559595064,0.9774757926800143,0.7389521129254077,1.473445356941519,1.1835465723153353,1.0979617624066245,0.9949411036383218,0.9365988441047315,3.0255616982252977,-0.6629792271560332,-0.20785458352844413,1.115534753965129,0.9208267917149636,0.4952593774994949,2.4707815378690565,-0.46721194829382007,-0.11666503672270934,0.0,0.0,0.0,1.0,0.0,0.0
0.4546228192167492,2.620050790998383,2.4743572208587206,2.5525818013001267,2.1791682000488204,2.0197754630945837,2.0711016932775275,0.6633996292866795,1.590426671220556,2.41334095236608,2.2610279788028724,-0.36153685402245034,-0.6629792271560332,-0.20785458352844413,1.29247797799379,1.3836897677273714,1.1033396950888532,-0.22694112443557954,-0.46721194829382007,-0.11666503672270934,0.0,0.0,0.0,0.0,1.0,0.0
0.7837554992895427,0.8437546823723265,0.914302421755029,0.6145351481032566,1.1808391231578121,1.1581306638898654,1.126419097133514,1.0101642579724501,1.8070080970863687,1.3973848678880205,1.0145064402634456,-0.36153685402245034,1.4078885197147428,-0.20785458352844413,1.29247797799379,1.587252542518169,2.623540489062249,-0.22694112443557954,0.5725425259579511,-0.11666503672270934,0.0,0.0,0.0,0.0,0.0,1.0
-0.12135937091063931,0.7016509936822419,1.3850086111397635,2.055646762018878,1.3472273026396469,1.1348429666140623,1.4156076469735182,0.05656152908658097,0.672533961598778,0.9586811657561538,1.1897985316205526,-0.36153685402245034,2.5063488028375027,-0.20785458352844413,1.205098608103093,0.5209713412330405,1.306033134285306,-0.22694112443557954,0.05266528883206549,-0.11666503672270934,0.0,0.0,0.0,0.0,0.0,1.0
0.9483218393259396,2.5489989466533407,-0.1750461879639282,-0.47872193831549054,-0.4152548948346016,-0.6815974208985875,-0.6087122019065112,1.1835465723153353,0.14139379816595138,-0.03168453553522571,-0.3732226163136506,-0.36153685402245034,0.02130750659257106,-0.20785458352844413,-0.4179731876166019,0.02175786972227573,-0.31551437928631626,-0.22694112443557954,0.9624504538023653,-0.11666503672270934,0.0,0.0,0.0,0.0,0.0,1.0
0.9483218393259396,-0.364126671493392,-0.14814869142765766,-0.47872193831549054,0.00379681645298194,-0.35556965903734267,-0.31952365206650707,1.1835465723153353,0.11045359447083526,-0.062359951176587575,-0.17358440115694554,-0.36153685402245034,0.21939050846716712,-0.20785458352844413,-1.0667650090550265,-0.007322526676409485,0.22500145857089116,-0.22694112443557954,0.3126039073950082,-0.11666503672270934,0.0,0.0,0.0,0.0,0.0,1.0
0.9483218393259396,-0.008867449768180677,0.08048002913064199,-0.2302544186748663,-0.17491641336084046,0.18004737830613096,0.23957421095750103,1.1835465723153353,0.7834030248396107,0.349715292102705,-0.003161534559758276,1.459827461808886,-0.6629792271560332,-0.20785458352844413,0.05387540979316132,0.625176094994996,0.02230801937443837,3.4149844696756793,-0.46721194829382007,-0.11666503672270934,0.0,0.0,0.0,1.0,0.0,0.0
0.9483218393259396,1.0569102154074532,-0.4843673981310395,-0.7768829618842398,-0.2673542908507486,-0.5651589345195714,-0.5701537285945107,1.1835465723153353,-0.07776597800778774,-0.40538512225672285,-0.4852147857918022,-0.36153685402245034,-0.0687302215322453,-0.20785458352844413,-0.4179731876166019,-0.1842282714350786,0.0898724991065893,-0.22694112443557954,-0.5971812575752914,-0.11666503672270934,0.0,0.0,0.0,0.0,0.0,1.0
-1.0264742411108216,-0.7904377375636455,-1.1164585667333973,-1.3235115050936133,-1.093132663093928,-0.9377620909324227,-0.9750176983705166,-0.8970411997992882,-1.307639074888653,-1.14094189873853,-1.1084755550615157,-0.3295830940955847,-0.6629792271560332,-0.20785458352844413,-1.0667650090550265,-1.34017402828282,-1.1262881360721275,-0.4967133906660431,-0.46721194829382007,-0.11666503672270934,0.0,0.0,0.0,1.0,0.0,0.0
0.7014723292713446,0.6305991493371997,2.259177248568556,2.0059532580907526,1.8587168914171386,1.0416921775108494,0.8950682572615105,0.9234731008010075,1.5801132699888505,1.9412144157506852,1.8958361218088997,-0.36153685402245034,2.344280892212833,-0.20785458352844413,1.29247797799379,1.3739963022611432,0.3939126579012685,-0.22694112443557954,3.6918059487132644,-0.11666503672270934,0.0,0.0,0.0,0.0,0.0,1.0
-0.20364254092883777,0.5595473049921574,-0.45746990159476897,-0.4290284343873657,-0.643268325976375,-0.2857065672099331,-0.2038482321305054,-0.03012962808486168,-0.5470257340503821,-0.3634630583258353,-0.4949532353116415,1.2041973823939616,-0.6629792271560332,-0.20785458352844413,-1.0667650090550265,-0.6252809501484725,-0.8222479772774482,2.74055380409952,-0.46721194829382007,-0.11666503672270934,0.0,0.0,0.0,1.0,0.0,0.0
-0.3682088809652347,-0.43517851583843425,0.4435962323702944,1.0617766834563807,0.3119230747526757,0.18004737830613096,0.23957421095750103,-0.20351194242774698,0.3502401731079851,0.31953654898654127,0.35229187291437514,-0.36153685402245034,-0.6629792271560332,8.422059978190266,0.604365440104552,0.2180505454134017,0.4952593774994949,-0.22694112443557954,-0.46721194829382007,4.8301558026871,0.0,1.0,0.0,0.0,0.0,0.0
-0.9441910710926233,-0.7904377375636455,-1.049214825392721,-1.1744309933092387,-1.0808076127619402,-0.8911866963808163,-0.936459225058516,-0.8103500426278455,-1.1606731073368517,-1.0128799616425934,-1.05004485794248,-0.10590677460752591,-0.6629792271560332,-0.20785458352844413,-1.0667650090550265,-1.2020421453890648,-0.7546834975452973,0.04283114179488406,-0.46721194829382007,-0.11666503672270934,0.0,0.0,0.0,1.0,0.0,0.0
0.7014723292713446,0.7016509936822419,-0.4709186498629042,-0.7271894579561149,-0.5693180239844485,-0.3089942644857363,-0.18456899547450512,0.9234731008010075,-0.32786595787664297,-0.43893338294299866,-0.5095609095914004,0.7248909834909784,-0.6629792271560332,-0.20785458352844413,-1.0667650090550265,-0.4192948089911182,-0.28173213942024083,1.2568063398319702,-0.46721194829382007,-0.11666503672270934,0.0,0.0,0.0,1.0,0.0,0.0
-1.6847396012564086,-0.7193858932186034,-1.0626635736608563,-1.075043985452989,-1.1054577134259156,-0.8911866963808163,-0.936459225058516,-1.5905704571708295,-1.3798328835105909,-1.1243118151074534,-1.0597833074623193,-0.36153685402245034,-0.6629792271560332,-0.20785458352844413,-1.0667650090550265,-1.408028286546419,-1.2614170955364292,-0.22694112443557954,-0.46721194829382007,-0.11666503672270934,0.0,0.0,0.0,0.0,1.0,0.0
0.7014723292713446,-0.29307482714834976,-0.1750461879639282,-0.4290284343873657,0.0654220681129207,-0.5651589345195714,-0.589432965250511,0.9234731008010075,0.05630823800438207,-0.22190750417203955,-0.09567680499823136,-0.36153685402245034,0.36345087346687327,-0.20785458352844413,-0.4928950932863954,-0.05821322037410883,-0.58577229821492,-0.22694112443557954,0.18263459811353683,-0.11666503672270934,0.0,0.0,0.0,0.0,0.0,1.0
0.7014723292713446,-0.008867449768180677,-0.33643116718155147,-0.5781089461717402,-0.17491641336084046,0.878678296580227,0.9529059672295114,0.9234731008010075,0.03825978584889767,-0.05798959266135999,-0.046984557399035,-0.36153685402245034,0.39946596471679985,-0.20785458352844413,-0.6204217412349801,-0.07517678494000866,-0.011474220491637094,-0.22694112443557954,0.11764994347280117,-0.11666503672270934,0.0,0.0,0.0,0.0,0.0,1.0
-0.8619079010744249,0.06218439457686159,-0.4171236567903631,0.06790660489388298,-0.4029298445026139,-0.8911866963808163,-0.9171799884025157,-0.7236588854564029,-0.30208245479737955,-0.5422175285804958,-0.4706071115120433,-0.36153685402245034,0.6695791490912489,-0.20785458352844413,1.29247797799379,-0.3950611453255471,-0.6533367779470709,-0.22694112443557954,-0.27225798437161297,-0.11666503672270934,0.0,0.0,0.0,0.0,0.0,1.0
0.1254901391439557,0.5595473049921574,1.116033645777058,1.4096312109532543,1.5937283092794021,1.5074461230269134,1.6084000135335208,0.31663500060090893,1.170155571028562,1.2253689382096997,1.4089136458169362,5.1664636133252895,-0.6629792271560332,-0.20785458352844413,1.2138365450921629,0.9886810499785625,0.4614771376334194,3.8196428690213744,-0.46721194829382007,-0.11666503672270934,0.0,0.0,0.0,1.0,0.0,0.0
0.9483218393259396,0.2042880832669461,1.559842338625522,1.1114701873845052,1.5259405324534692,1.2047060584414717,1.2228152804135153,1.1835465723153353,1.515654512290692,1.1278718191534287,1.4868212419756504,3.9202669761775333,-0.6629792271560332,-0.20785458352844413,0.997572604612688,1.3134121430972154,1.306033134285306,1.2568063398319702,-0.46721194829382007,-0.11666503672270934,0.0,0.0,0.0,1.0,0.0,0.0
0.7837554992895427,0.13323623892190384,2.084343521082798,1.7574857384501286,2.5550822351744467,1.5307338203027165,1.2999322270375164,1.0101642579724501,1.6935606835376096,2.1884165913077585,2.2464203045231135,5.454047452667079,-0.6629792271560332,-0.20785458352844413,1.29247797799379,1.4806244223896559,2.251935850535419,6.382479398210778,-0.46721194829382007,-0.11666503672270934,0.0,0.0,0.0,1.0,0.0,0.0
0.9483218393259396,-0.1509711384582652,-0.16159743969579293,-0.47872193831549054,0.10239721910888396,-0.7281728154501939,-0.7629460951545135,1.1835465723153353,0.12076699570254064,-0.17710838229695255,-0.14436905259742772,-0.36153685402245034,0.23739805409213033,-0.20785458352844413,-0.8898217850263652,0.0023709387898189203,0.0898724991065893,-0.22694112443557954,-0.012319365808670256,-0.11666503672270934,0.0,0.0,0.0,0.0,0.0,1.0
-1.1087574111290202,-0.22202298280330746,0.06703128086250672,1.5587117227376293,0.10855974427487783,0.296485864685147,0.3359703942375024,-0.9837323569707308,-0.13448968478216727,0.1167204561915262,0.19160745583702715,-0.36153685402245034,2.560371439712392,-0.20785458352844413,1.29247797799379,-0.23754233149933493,-0.011474220491637094,-0.22694112443557954,0.44257321667647953,-0.11666503672270934,0.0,0.0,0.0,0.0,0.0,1.0
0.9483218393259396,-0.008867449768180677,-0.21539243276833403,-0.5284154422436155,0.046934492614939066,-0.49529584269216187,-0.5315952552825102,1.1835465723153353,0.6596422100591463,-0.16719579179396127,-0.26609967159541864,1.0444285827596338,-0.6629792271560332,-0.20785458352844413,0.05387540979316132,0.5088545094002549,1.2046864146870797,-2.3851192542792883,-0.46721194829382007,-0.11666503672270934,0.0,0.0,0.0,1.0,0.0,0.0
-1.3556069211836153,-0.008867449768180677,-0.4305724050584984,0.7636156598876311,-0.43374247033258323,-0.09940498900350747,0.06606108105349852,-1.2438058284850588,-0.8409576691539852,-0.5198559876021341,-0.43165331343268626,3.4090068173476844,-0.6629792271560332,-0.20785458352844413,1.095874395739722,-0.9015447159359831,-0.28173213942024083,0.04283114179488406,-0.46721194829382007,-0.11666503672270934,0.0,0.0,0.0,1.0,0.0,0.0
0.9483218393259396,0.4884954606471152,0.2822112531526711,-0.08117390689049155,0.37971085157860834,0.31977356196095014,0.3166911575815022,1.1835465723153353,0.8220782794585059,0.2958242163366903,0.33768419863461624,-0.36153685402245034,0.6875866947162121,-0.20785458352844413,-0.9488028597025857,0.6615265904933527,0.5628238572316459,-0.22694112443557954,0.3126039073950082,-0.11666503672270934,0.0,0.0,0.0,0.0,0.0,1.0
-0.12135937091063931,-0.648334048873561,-0.6457523773486628,-0.7271894579561149,-0.6617559014743566,-0.21584347538252346,-0.2809651787545065,0.05656152908658097,-0.8951030256204383,-0.6346487222080194,-0.5972069552699538,-0.36153685402245034,-0.6629792271560332,-0.20785458352844413,-1.0667650090550265,-0.9524354096336826,-0.7884657374113728,-0.22694112443557954,-0.46721194829382007,-0.11666503672270934,0.0,0.0,0.0,0.0,1.0,0.0
0.9483218393259396,1.7674286588578758,1.8019198074519571,1.3599377070251297,1.9634798192390346,2.0896385549219936,1.9168678000295254,1.1835465723153353,1.7992730461625897,1.9999705097540788,1.8276669751700247,-0.36153685402245034,2.0561601622134207,-0.20785458352844413,1.29247797799379,1.5799824434184975,2.454629289731872,-0.22694112443557954,2.3271282012578145,-0.11666503672270934,0.0,0.0,0.0,0.0,0.0,1.0
0.9483218393259396,-0.07991929411322295,0.25531375661640054,-0.08117390689049155,0.29959802442068795,0.45949974561576934,0.3552496308935027,1.1835465723153353,1.4047854490498592,0.6504433286781216,0.5081070652318035,-0.36153685402245034,0.8496546053408816,-0.20785458352844413,0.17183755914560225,1.2092073893352597,0.02230801937443837,-0.22694112443557954,1.2873737270060437,-0.11666503672270934,0.0,0.0,0.0,0.0,0.0,1.0
0.8660386693077411,0.4884954606471152,0.6587762046604587,0.3163741245345073,0.546099031060443,-0.16926808083091707,-0.16528975881850483,1.0968554151438927,1.1572638194889304,0.7495682929597492,0.6882683813488301,-0.36153685402245034,1.0477376072154776,-0.20785458352844413,1.29247797799379,0.976564218145777,1.0357752153567024,-0.22694112443557954,1.2873737270060437,-0.11666503672270934,0.0,0.0,0.0,0.0,0.0,1.0
-0.5327752210016312,-0.22202298280330746,-0.9954198323201799,-1.124737489381114,-0.9698821597740505,-0.8911866963808163,-0.936459225058516,-0.37689425677063226,-1.0033937385533447,-0.9868161169563752,-1.0013526103432837,-0.36153685402245034,-0.6629792271560332,-0.20785458352844413,-0.7450500562756425,-1.054216797029081,-0.8560302171435237,-0.22694112443557954,-0.46721194829382007,-0.11666503672270934,0.0,0.0,0.0,0.0,1.0,0.0
0.7014723292713446,0.4174436163020729,-0.4709186498629042,-0.7271894579561149,-0.4152548948346016,-0.4720081454163587,-0.41591983534650845,0.9234731008010075,0.09240514231535087,-0.2744964571755993,-0.4803455610318826,-0.36153685402245034,-0.03271513028231872,-0.20785458352844413,-0.42913176931210306,-0.024286091242309325,-0.011474220491637094,-0.22694112443557954,-0.20727332973087728,-0.11666503672270934,0.0,0.0,0.0,0.0,0.0,1.0
0.04320696912575724,-0.7193858932186034,-0.807137356566286,-0.9756569775967392,-0.692568527304326,-0.7281728154501939,-0.7243876218425129,0.22994384342946628,-0.47741027573637085,-0.7330289285504947,-0.7919759456667393,-0.36153685402245034,-0.6629792271560332,-0.20785458352844413,-1.0667650090550265,-0.5598500582514306,-0.11282094008986349,-0.22694112443557954,-0.46721194829382007,-0.11666503672270934,1.0,0.0,0.0,0.0,0.0,0.0
0.20777330916215417,-0.43517851583843425,-0.7667911117618802,-0.9259634736686144,-0.7850064047942341,-0.7514605127259971,-0.8015045684665141,0.4033261577723516,-0.8151741660747217,-0.7853480264581356,-0.7481529228274626,-0.36153685402245034,-0.21279058653195143,-0.20785458352844413,-0.9906603965695808,-0.877311052270412,-0.7884657374113728,-0.22694112443557954,-0.07730402044940593,-0.11666503672270934,0.0,0.0,0.0,0.0,0.0,1.0
-2.178438621365599,-0.7904377375636455,-1.1299073150015326,-1.3732050090217383,-1.1794080154178421,-0.9377620909324227,-0.9750176983705166,-2.1107174001994853,-1.4468699915166756,-1.189850820184141,-1.118214004581355,-0.36153685402245034,-0.6629792271560332,-0.20785458352844413,-1.0667650090550265,-1.471035812076904,-1.2276348556703538,-0.22694112443557954,-0.46721194829382007,-0.11666503672270934,0.0,0.0,0.0,0.0,0.0,1.0
0.8660386693077411,1.6253249701677912,1.3446623663353576,0.9623896756001308,0.8110876131981797,1.1348429666140623,1.4156076469735182,1.0968554151438927,1.07991331025114,1.2275072789161547,1.1118909354618383,-0.36153685402245034,1.4439036109646692,-0.20785458352844413,1.2319845680694614,0.9038632271490638,1.3398153741513814,-0.22694112443557954,1.4173430362875148,-0.11666503672270934,0.0,0.0,0.0,0.0,0.0,1.0
-0.5327752210016312,0.2753399276119884,-0.3498799154496868,-0.08117390689049155,-0.47688014649454036,-0.4254327508647523,-0.43519907200250874,-0.37689425677063226,-0.3845896646510225,-0.40906347093750656,-0.4365225381926059,-0.36153685402245034,-0.6629792271560332,-0.20785458352844413,-0.8522883738687703,-0.4726088690553747,-0.34929661915239174,-0.22694112443557954,-0.46721194829382007,-0.11666503672270934,1.0,0.0,0.0,0.0,0.0,0.0
0.3723396491985507,-0.1509711384582652,0.3494549944933475,0.2666806206063824,0.17634752110081045,0.45949974561576934,0.6444381807335069,0.5767084721152369,0.37086697557139586,0.40494498438179116,0.40585334527349115,-0.36153685402245034,1.0477376072154776,-0.20785458352844413,-0.7093039504112665,0.2374374763458585,-0.31551437928631626,-0.22694112443557954,1.612297000209722,-0.11666503672270934,0.0,0.0,0.0,0.0,0.0,1.0
-0.3682088809652347,-0.7193858932186034,-0.6188548808123923,-0.5781089461717402,-0.5076927723245097,-0.09940498900350747,-0.08817281219450371,-0.20351194242774698,-0.4438917217333284,-0.5388311807443583,-0.5436454829108379,-0.36153685402245034,0.21939050846716712,-0.20785458352844413,-1.0667650090550265,-0.5283462954861882,-0.7546834975452973,-0.22694112443557954,-0.07730402044940593,-0.11666503672270934,0.0,0.0,0.0,0.0,0.0,1.0
0.8660386693077411,0.6305991493371997,2.138138514155339,1.7077922345220038,2.105217898056894,1.0184044802350463,1.0878606238215134,1.0968554151438927,1.5362813147541028,1.8722533203019862,1.7108055809319536,-0.36153685402245034,2.0201450709634945,-0.20785458352844413,1.29247797799379,1.3327990740296722,0.799299536294174,-0.22694112443557954,1.9372202734134005,-0.11666503672270934,0.0,0.0,0.0,0.0,0.0,1.0
0.8660386693077411,0.13323623892190384,0.820161183878082,0.46545463631888206,0.9220130661860694,0.4362120483399662,0.509483524141505,1.0968554151438927,1.4460390539766808,0.8975264650601008,0.8732989222257762,2.993607938298432,-0.6629792271560332,-0.20785458352844413,1.2319845680694614,1.2479812512001733,0.5628238572316459,4.628959667712765,-0.46721194829382007,-0.11666503672270934,0.0,0.0,0.0,1.0,0.0,0.0
0.20777330916215417,-0.29307482714834976,-0.7802398600300156,-0.9756569775967392,-0.7357062034662831,-0.21584347538252346,-0.2616859420985062,0.4033261577723516,-0.44131337142540206,-0.459410622278523,-0.6507684276290698,-0.36153685402245034,-0.10474531278217179,-0.20785458352844413,-0.9906603965695808,-0.5259229291196311,-0.7546834975452973,-0.22694112443557954,0.6375271805986866,-0.11666503672270934,0.0,0.0,0.0,0.0,0.0,1.0
-1.6024564312382106,-0.7904377375636455,-1.0895610701971268,-1.2241244972373637,-1.1239452889238972,-0.9144743936566195,-0.936459225058516,-1.5038792999993866,-1.395302985358149,-1.1637014118100522,-1.0792602065019978,-0.07395301468066037,-0.6629792271560332,-0.20785458352844413,-1.0667650090550265,-1.4225684847457618,-1.2276348556703538,-0.36182725755081135,-0.46721194829382007,-0.11666503672270934,0.0,0.0,0.0,1.0,0.0,0.0
0.5369059892349477,-0.29307482714834976,-0.5785086360079864,-0.7768829618842398,-0.42141742000059546,-0.7980359072776035,-0.8015045684665141,0.7500907864581222,-0.3072391554132322,-0.5577375081956467,-0.582599280990195,-0.36153685402245034,-0.10474531278217179,-0.20785458352844413,-0.05566087174839088,-0.39990787805866135,-0.58577229821492,-0.22694112443557954,-0.27225798437161297,-0.11666503672270934,0.0,0.0,0.0,0.0,0.0,1.0
0.04320696912575724,-0.5772822045285187,-0.6457523773486628,-0.7768829618842398,-0.48920519682652813,-0.4720081454163587,-0.41591983534650845,0.22994384342946628,-0.7919690133033847,-0.7834933355628552,-0.6166838543096324,0.7887985033447096,-0.6629792271560332,-0.20785458352844413,-1.0667650090550265,-0.8555007549713981,-0.5519900583488445,-1.306030189357434,-0.46721194829382007,-0.11666503672270934,0.0,0.0,0.0,1.0,0.0,0.0
